tenant_contract_no,termination_date,terminated_at,receipt_id,receipt_no,receipt_date,receipt_created,amt,rtype,rstatus,eff_from,eff_to,created_by
TAG2502139,2026-08-31,"2026-08-31 08:05:41",581611,CAR2601613,2026-09-01,"2026-09-01 10:37:14",80,General,Posted,,,dbabu@alhabib.om
TAG2502139,2026-08-31,"2026-08-31 08:05:41",581610,CAR2601612,2026-09-01,"2026-09-01 10:36:33",12.2,General,Posted,,,dbabu@alhabib.om
TAG2500259,2025-03-31,"2025-04-08 13:23:00",581609,CPY2619751,2026-09-01,"2026-09-01 10:26:57",80,Rent,Pending,2025-03-23,2025-03-31,dbabu@alhabib.om
TAG2500259,2025-03-31,"2025-04-08 13:23:00",581600,CPY2619744,2026-08-31,"2026-09-01 10:09:38",500,Rent,Posted,2025-02-01,2025-03-22,dbabu@alhabib.om
TAG2400462,2024-12-31,"2025-01-01 14:34:22",581561,CPY2619708,2026-08-30,"2026-08-31 15:23:10",71,Rent,Posted,2024-11-20,2024-12-08,salamr@alhabib.om
TAG2600364,2026-07-15,"2026-07-16 15:00:52",581442,CPY2619595,2026-08-30,"2026-08-30 18:26:17",45,General,Posted,,,dbabu@alhabib.om
TAG1902999,2019-09-25,"2008-03-31 00:00:00",581210,CPY2619376,2026-01-01,"2026-08-25 17:45:03",507,Rent,Pending,2019-07-10,2019-08-09,sirajm@alhabib.om
TAG1901951,2019-07-09,"2008-03-31 00:00:00",581209,CPY2619375,2026-01-01,"2026-08-25 17:44:06",514,Rent,Pending,2019-04-22,2019-07-09,sirajm@alhabib.om
TAG2102126,2021-12-31,"2022-01-04 09:23:41",581208,CPY2619374,2026-01-01,"2026-08-25 17:39:25",5170,Rent,Pending,2020-03-01,2021-12-31,sirajm@alhabib.om
TAG2600450,2026-06-30,"2026-06-29 14:59:53",581199,CPY2619365,2026-08-25,"2026-08-25 15:05:32",57.6,General,Posted,,,dbabu@alhabib.om
TAG2503861,2026-07-31,"2026-07-09 08:03:54",581185,CPY2619352,2026-08-24,"2026-08-24 15:52:35",570,Rent,Posted,2026-05-01,2026-07-31,dbabu@alhabib.om
TAG2601471,2026-07-31,"2026-08-17 13:22:17",581169,CAR2601584,2026-08-24,"2026-08-24 12:05:15",126,General,Posted,,,dbabu@alhabib.om
TAG2601471,2026-07-31,"2026-08-17 13:22:17",581168,CAR2601583,2026-08-24,"2026-08-24 12:03:33",94.4,General,Posted,,,dbabu@alhabib.om
TAG2501947,2026-07-10,"2026-07-04 12:53:59",581167,CAR2601582,2026-08-24,"2026-08-24 11:43:52",36.5,General,Posted,,,dbabu@alhabib.om
TAG2501947,2026-07-10,"2026-07-04 12:53:59",581166,CAR2601581,2026-08-24,"2026-08-24 11:42:23",30.7,General,Posted,,,dbabu@alhabib.om
TAG2502754,2026-07-15,"2026-07-16 14:58:58",581042,CAR2601560,2026-08-19,"2026-08-19 12:45:17",138,General,Posted,,,dbabu@alhabib.om
TAG2502754,2026-07-15,"2026-07-16 14:58:58",581041,CAR2601559,2026-08-19,"2026-08-19 12:44:31",127.3,General,Posted,,,dbabu@alhabib.om
TAG2600902,2026-07-31,"2026-08-02 10:07:23",581028,CAR2601556,2026-08-19,"2026-08-19 10:15:43",84,General,Posted,,,dbabu@alhabib.om
TAG2600902,2026-07-31,"2026-08-02 10:07:23",581027,CAR2601555,2026-08-19,"2026-08-19 10:14:43",60,General,Posted,,,dbabu@alhabib.om
TAG2600902,2026-07-31,"2026-08-02 10:07:23",581026,CAR2601554,2026-08-19,"2026-08-19 10:13:42",3,General,Posted,,,dbabu@alhabib.om
TAG2600902,2026-07-31,"2026-08-02 10:07:23",581025,CAR2601553,2026-08-19,"2026-08-19 10:12:22",23,General,Posted,,,dbabu@alhabib.om
TAG2600902,2026-07-31,"2026-08-02 10:07:23",581024,CPY2619225,2026-08-16,"2026-08-19 10:11:25",28,General,Posted,,,dbabu@alhabib.om
TAG2501592,2026-05-15,"2026-05-24 18:10:35",581023,CAR2601552,2026-08-19,"2026-08-19 10:07:20",160,General,Posted,,,sirajm@alhabib.om
TAG2601348,2026-07-15,"2026-07-29 11:36:13",581017,CAR2601551,2026-08-18,"2026-08-18 16:28:59",42,General,Posted,,,dbabu@alhabib.om
TAG2501592,2026-05-15,"2026-05-24 18:10:35",580941,CPY2619148,2026-08-16,"2026-08-18 12:01:07",50,General,Posted,,,dbabu@alhabib.om
TAG2503788,2026-06-30,"2026-07-22 16:44:47",580916,CAR2601542,2026-08-17,"2026-08-17 17:01:24",31.5,General,Posted,,,sirajm@alhabib.om
TAG2503788,2026-06-30,"2026-07-22 16:44:47",580915,CAR2601541,2026-08-17,"2026-08-17 17:00:36",2.1,General,Posted,,,sirajm@alhabib.om
TAG2600551,2026-04-30,"2026-05-09 16:22:20",580629,CAR2601538,2026-08-17,"2026-08-17 11:42:28",73.5,General,Posted,,,dbabu@alhabib.om
TAG2600551,2026-04-30,"2026-05-09 16:22:20",580628,CAR2601537,2026-08-17,"2026-08-17 11:41:44",73,General,Posted,,,dbabu@alhabib.om
TAG2101767,2021-11-30,"2021-12-29 14:33:39",580576,CAR2601519,2026-08-16,"2026-08-16 11:08:07",300,Rent,Posted,2021-07-01,2021-08-06,dbabu@alhabib.om
TAG2101767,2021-11-30,"2021-12-29 14:33:39",580575,CAR2601518,2026-08-16,"2026-08-16 11:07:10",300,Rent,Posted,2021-05-26,2021-06-30,dbabu@alhabib.om
TAG2601008,2026-08-15,"2026-07-26 22:00:34",580515,CPY2618759,2026-07-28,"2026-08-13 11:17:55",220,Rent,Posted,2026-07-16,2026-08-15,sirajm@alhabib.om
TAG2503374,2026-07-31,"2026-07-29 20:43:57",580496,CPY2618742,2026-08-11,"2026-08-13 09:15:32",50,General,Posted,,,sirajm@alhabib.om
TAG2503374,2026-07-31,"2026-07-29 20:43:57",580495,CPY2618741,2026-08-11,"2026-08-13 09:14:27",44.4,General,Posted,,,sirajm@alhabib.om
TAG2501687,2026-07-31,"2026-08-02 10:05:22",580490,CPY2618736,2026-08-13,"2026-08-13 08:56:55",155,General,Posted,,,dbabu@alhabib.om
TAG2501687,2026-07-31,"2026-08-02 10:05:22",580489,CPY2618735,2026-08-13,"2026-08-13 08:55:51",114,General,Posted,,,dbabu@alhabib.om
TAG2501687,2026-07-31,"2026-08-02 10:05:22",580482,CAR2601507,2026-08-13,"2026-08-13 08:45:55",260,Rent,Posted,2026-07-01,2026-07-31,dbabu@alhabib.om
TAG2501791,2026-07-15,"2026-07-16 15:02:01",580438,CPY2618690,2026-08-11,"2026-08-12 17:34:12",25.1,General,Posted,,,dbabu@alhabib.om
TAG2501791,2026-07-15,"2026-07-16 15:02:01",580437,CPY2618689,2026-08-11,"2026-08-12 17:32:56",109.9,General,Posted,,,dbabu@alhabib.om
TAG2502819,2026-04-30,"2026-05-12 16:55:09",580079,CPY2618339,2026-08-11,"2026-08-11 16:37:54",152,Rent,Posted,2026-02-15,2026-04-30,sirajm@alhabib.om
TAG2302459,2023-12-31,"2024-01-27 14:58:45",579972,CPY2618234,2026-08-11,"2026-08-11 12:23:51",65,General,Posted,,,dbabu@alhabib.om
TAG2600452,2026-08-15,"2026-07-29 11:42:32",579955,CAR2601489,2026-08-11,"2026-08-11 10:35:02",25,General,Posted,,,dbabu@alhabib.om
TAG2600452,2026-08-15,"2026-07-29 11:42:32",579954,CAR2601488,2026-08-11,"2026-08-11 10:34:11",35,General,Posted,,,dbabu@alhabib.om
TAG2600452,2026-08-15,"2026-07-29 11:42:32",579953,CAR2601487,2026-08-11,"2026-08-11 10:33:07",2.1,General,Posted,,,dbabu@alhabib.om
TAG2600452,2026-08-15,"2026-07-29 11:42:32",579952,CAR2601486,2026-08-11,"2026-08-11 10:32:01",31.5,General,Posted,,,dbabu@alhabib.om
TAG2600518,2026-07-31,"2026-07-26 22:00:57",579951,CAR2601485,2026-08-11,"2026-08-11 10:27:19",54,General,Posted,,,dbabu@alhabib.om
TAG2600518,2026-07-31,"2026-07-26 22:00:57",579950,CAR2601484,2026-08-11,"2026-08-11 10:26:07",4.2,General,Posted,,,dbabu@alhabib.om
TAG2601561,2026-07-31,"2026-08-04 19:39:12",579516,CAR2601466,2026-08-09,"2026-08-09 11:17:15",21,General,Posted,,,dbabu@alhabib.om
TAG2601561,2026-07-31,"2026-08-04 19:39:12",579515,CAR2601465,2026-08-09,"2026-08-09 11:16:26",52.4,General,Posted,,,dbabu@alhabib.om
TAG2601561,2026-07-31,"2026-08-04 19:39:12",579514,CAR2601464,2026-08-09,"2026-08-09 11:15:25",500,Rent,Posted,2026-07-01,2026-07-31,dbabu@alhabib.om
TAG2502128,2026-07-31,"2026-07-29 20:43:14",579508,CAR2601458,2026-08-09,"2026-08-09 10:29:30",73.5,General,Posted,,,sirajm@alhabib.om
TAG2502128,2026-07-31,"2026-07-29 20:43:14",579507,CAR2601457,2026-08-09,"2026-08-09 10:28:17",63.8,General,Posted,,,dbabu@alhabib.om
TAG2500212,2025-03-31,"2025-04-12 10:21:55",579416,CPY2617721,2026-08-04,"2026-08-05 12:37:52",100,General,Posted,,,dbabu@alhabib.om
TAG2502994,2026-04-19,"2026-04-26 12:51:16",579386,CPY2617691,2026-08-05,"2026-08-05 09:53:45",50,General,Posted,,,dbabu@alhabib.om
TAG2502994,2026-04-19,"2026-04-26 12:51:16",579385,CPY2617690,2026-08-05,"2026-08-05 09:52:52",10.1,General,Posted,,,dbabu@alhabib.om
TAG2502994,2026-04-19,"2026-04-26 12:51:16",579384,CPY2617689,2026-08-05,"2026-08-05 09:51:01",1160,Rent,Posted,2025-12-20,2026-04-19,dbabu@alhabib.om
TAG2601110,2026-06-30,"2026-07-13 20:06:27",579006,CPY2617314,2026-08-02,"2026-08-04 11:31:25",185,Rent,Posted,2026-06-03,2026-06-30,dbabu@alhabib.om
TAG2503842,2026-01-21,"2026-01-27 09:08:37",578997,CPY2617307,2026-08-02,"2026-08-04 10:43:41",80,Rent,Posted,2025-06-21,2025-07-04,dbabu@alhabib.om
TAG2503514,2026-05-31,"2026-06-18 21:12:58",578950,CAR2601438,2026-08-03,"2026-08-03 11:23:08",47.9,General,Posted,,,dbabu@alhabib.om
TAG2502213,2026-07-31,"2026-07-29 20:42:35",578944,CAR2601433,2026-08-03,"2026-08-03 09:05:58",52.5,General,Posted,,,dbabu@alhabib.om
TAG2502213,2026-07-31,"2026-07-29 20:42:35",578943,CAR2601432,2026-08-03,"2026-08-03 09:05:08",45.5,General,Posted,,,dbabu@alhabib.om
TAG2600056,2026-05-31,"2026-06-18 21:09:49",578883,CPY2617213,2026-07-22,"2026-08-01 10:23:33",577.5,General,Posted,,,dbabu@alhabib.om
TAG2600056,2026-05-31,"2026-06-18 21:09:49",578882,CPY2617212,2026-07-22,"2026-08-01 10:22:24",19.7,General,Posted,,,dbabu@alhabib.om
TAG2501252,2026-02-15,"2026-02-19 07:20:33",578876,CPY2617206,2026-07-29,"2026-07-30 18:45:36",10,General,Posted,,,dbabu@alhabib.om
TAG2503374,2026-07-31,"2026-07-29 20:43:57",578865,CPY2617202,2026-07-30,"2026-07-30 15:28:12",180,Rent,Posted,2026-07-01,2026-07-31,salamr@alhabib.om
TAG2503877,2026-07-31,"2026-07-29 20:41:18",578835,CPY2617177,2026-07-30,"2026-07-30 12:59:12",73.35,General,Posted,,,dbabu@alhabib.om
TAG2503877,2026-07-31,"2026-07-29 20:41:18",578834,CAR2601411,2026-07-30,"2026-07-30 12:54:55",7.5,General,Posted,,,dbabu@alhabib.om
TAG2503877,2026-07-31,"2026-07-29 20:41:18",578833,CAR2601410,2026-07-30,"2026-07-30 12:53:18",17.5,General,Posted,,,dbabu@alhabib.om
TAG2503877,2026-07-31,"2026-07-29 20:41:18",578830,CAR2601408,2026-07-30,"2026-07-30 12:32:43",475,Rent,Posted,2026-07-01,2026-07-31,dbabu@alhabib.om
TAG2402188,2025-05-31,"2025-06-26 08:14:26",578763,CPY2617119,2026-07-29,"2026-07-29 14:22:16",2100,Rent,Posted,2024-11-01,2025-05-31,sirajm@alhabib.om
TAG2400462,2024-12-31,"2025-01-01 14:34:22",578712,CPY2617069,2026-07-27,"2026-07-29 09:00:09",71,Rent,Posted,2024-11-01,2024-11-19,salamr@alhabib.om
TAG2503636,2026-06-30,"2026-07-09 08:05:11",578701,CAR2601392,2026-07-28,"2026-07-28 16:03:27",102.9,General,Posted,,,sirajm@alhabib.om
TAG2503636,2026-06-30,"2026-07-09 08:05:11",578700,CAR2601391,2026-07-28,"2026-07-28 16:02:24",8,General,Posted,,,sirajm@alhabib.om
TAG2500177,2026-01-31,"2026-02-23 09:26:56",578626,CPY2616989,2026-07-28,"2026-07-28 12:52:16",180,Rent,Posted,2025-12-01,2026-01-01,dbabu@alhabib.om
TAG2600089,2026-07-15,"2026-07-09 08:02:17",578607,CAR2601386,2026-07-28,"2026-07-28 10:12:26",120,Rent,Posted,2026-06-16,2026-07-15,dbabu@alhabib.om
TAG2503827,2026-07-15,"2026-07-22 16:46:27",578591,CAR2601384,2026-07-27,"2026-07-27 16:00:44",47.25,General,Posted,,,dbabu@alhabib.om
TAG2503827,2026-07-15,"2026-07-22 16:46:27",578590,CAR2601383,2026-07-27,"2026-07-27 15:59:39",11.9,General,Posted,,,dbabu@alhabib.om
TAG2501706,2026-06-30,"2026-07-13 20:02:56",578568,CAR2601375,2026-07-26,"2026-07-26 12:10:06",12.6,General,Posted,,,dbabu@alhabib.om
TAG2200405,2022-02-28,"2022-03-16 07:46:29",578544,CPY2616928,2026-07-19,"2026-07-23 18:33:01",203.225,Rent,Posted,2021-11-26,2021-12-07,sirajm@alhabib.om
TAG2600972,2026-06-30,"2026-07-04 12:47:37",578504,CPY2616890,2026-07-19,"2026-07-22 17:05:30",130,Rent,Posted,2026-05-16,2026-06-15,dbabu@alhabib.om
TAG2600450,2026-06-30,"2026-06-29 14:59:53",578498,CAR2601367,2026-07-22,"2026-07-22 16:31:36",40,General,Posted,,,dbabu@alhabib.om
TAG2600450,2026-06-30,"2026-06-29 14:59:53",578497,CAR2601366,2026-07-22,"2026-07-22 16:30:40",210,Rent,Posted,2026-06-01,2026-06-30,dbabu@alhabib.om
TAG2503164,2026-04-30,"2026-05-07 13:22:32",578495,CPY2616883,2026-07-22,"2026-07-22 15:59:14",226.5,General,Posted,,,dbabu@alhabib.om
TAG2500928,2026-02-28,"2026-03-17 18:09:35",578371,CPY2616765,2026-07-19,"2026-07-21 12:38:56",1700,Rent,Posted,2025-08-01,2025-11-30,sirajm@alhabib.om
TAG2600675,2026-04-30,"2026-05-04 15:34:35",578360,CPY2616755,2026-07-21,"2026-07-21 11:40:17",68,General,Posted,,,dbabu@alhabib.om
TAG2600675,2026-04-30,"2026-05-04 15:34:35",578359,CPY2616754,2026-07-21,"2026-07-21 11:36:22",17.2,General,Posted,,,dbabu@alhabib.om
TAG2502320,2026-06-30,"2026-07-16 14:58:31",578321,CPY2616717,2026-07-20,"2026-07-21 09:16:33",52.5,General,Posted,,,sirajm@alhabib.om
TAG2502320,2026-06-30,"2026-07-16 14:58:31",578320,CPY2616716,2026-07-20,"2026-07-21 09:15:38",12,General,Posted,,,sirajm@alhabib.om
TAG2502320,2026-06-30,"2026-07-16 14:58:31",578319,CPY2616715,2026-07-20,"2026-07-21 09:14:34",65,Rent,Posted,2026-07-01,2026-07-15,dbabu@alhabib.om
TAG2600089,2026-07-15,"2026-07-09 08:02:17",578318,CPY2616714,2026-07-16,"2026-07-21 09:11:54",10.7,General,Posted,,,dbabu@alhabib.om
TAG1902705,2020-08-31,"2020-08-02 21:05:21",578313,CPY2616709,2025-12-31,"2026-07-20 17:09:24",32,Rent,Pending,2020-09-01,2020-09-30,sirajm@alhabib.om
TAG2601451,2026-07-15,"2026-07-16 14:59:49",578289,CAR2601357,2026-07-20,"2026-07-20 15:44:35",50,General,Posted,,,dbabu@alhabib.om
TAG2601451,2026-07-15,"2026-07-16 14:59:49",578288,CAR2601356,2026-07-20,"2026-07-20 15:42:30",85.1,General,Posted,,,dbabu@alhabib.om
TAG2502578,2026-06-30,"2026-06-29 15:04:38",578088,CAR2601351,2026-07-19,"2026-07-19 15:30:06",110,General,Posted,,,dbabu@alhabib.om
TAG2502578,2026-06-30,"2026-06-29 15:04:38",578087,CAR2601350,2026-07-19,"2026-07-19 15:29:05",45.9,General,Posted,,,dbabu@alhabib.om
TAG2301236,2024-07-31,"2024-08-05 16:56:03",578086,CAR2601349,2026-07-19,"2026-07-19 14:36:57",5000,Rent,Posted,2023-01-01,2023-04-10,dbabu@alhabib.om
TAG2201810,2023-09-30,"2023-10-11 13:13:51",578084,CAR2601347,2026-07-19,"2026-07-19 12:38:10",290,General,Posted,,,dbabu@alhabib.om
TAG2501254,2025-04-30,"2025-05-04 08:19:17",578083,CAR2601346,2026-07-19,"2026-07-19 12:34:15",1280,Rent,Posted,2025-04-01,2025-04-30,dbabu@alhabib.om
TAG2601242,2026-06-30,"2026-07-09 08:04:11",578079,CAR2601344,2026-07-19,"2026-07-19 11:39:17",239.25,General,Posted,,,dbabu@alhabib.om
TAG2601242,2026-06-30,"2026-07-09 08:04:11",578078,CAR2601343,2026-07-19,"2026-07-19 11:37:49",15.75,General,Posted,,,dbabu@alhabib.om
TAG2601242,2026-06-30,"2026-07-09 08:04:11",578077,CAR2601342,2026-07-19,"2026-07-19 11:36:24",300,Rent,Posted,2026-06-01,2026-06-30,dbabu@alhabib.om
TAG2502782,2026-06-30,"2026-07-09 08:05:56",578075,CAR2601340,2026-07-19,"2026-07-19 10:27:15",52.5,General,Posted,,,dbabu@alhabib.om
TAG2502782,2026-06-30,"2026-07-09 08:05:56",578074,CAR2601339,2026-07-19,"2026-07-19 10:26:18",14.4,General,Posted,,,dbabu@alhabib.om
TAG2501967,2026-06-30,"2026-06-29 15:02:44",577897,CPY2616319,2026-07-05,"2026-07-16 12:14:35",14.3,General,Posted,,,dbabu@alhabib.om
TAG2502776,2026-03-31,"2026-04-09 13:20:26",577886,CAR2601328,2026-07-16,"2026-07-16 09:22:45",50,General,Posted,,,dbabu@alhabib.om
TAG2502776,2026-03-31,"2026-04-09 13:20:26",577885,CAR2601327,2026-07-16,"2026-07-16 09:21:46",110,General,Posted,,,dbabu@alhabib.om
TAG2302459,2023-12-31,"2024-01-27 14:58:45",577873,CPY2616300,2026-07-15,"2026-07-15 18:01:32",65,General,Posted,,,dbabu@alhabib.om
TAG2402152,2025-01-15,"2025-02-11 10:29:21",577857,CAR2601326,2026-07-15,"2026-07-15 14:43:12",170,General,Posted,,,dbabu@alhabib.om
TAG2300252,2023-08-31,"2023-10-11 13:15:09",577805,CAR2601313,2026-07-15,"2026-07-15 09:10:54",10,General,Posted,,,dbabu@alhabib.om
TAG2502408,2025-11-13,"2025-11-23 09:52:43",577446,CPY2615895,2026-07-13,"2026-07-14 11:02:33",20,General,Posted,,,dbabu@alhabib.om
TAG2500212,2025-03-31,"2025-04-12 10:21:55",577189,CPY2615656,2026-07-09,"2026-07-11 16:40:42",80,General,Posted,,,dbabu@alhabib.om
TAG2500212,2025-03-31,"2025-04-12 10:21:55",577188,CPY2615655,2026-07-09,"2026-07-11 16:39:30",20,General,Posted,,,dbabu@alhabib.om
TAG2502778,2025-11-15,"2025-10-28 08:02:14",577146,CPY2615613,2026-07-07,"2026-07-09 17:15:37",75,General,Posted,,,dbabu@alhabib.om
TAG2502778,2025-11-15,"2025-10-28 08:02:14",577145,CPY2615612,2026-07-07,"2026-07-09 17:05:48",54,General,Posted,,,dbabu@alhabib.om
TAG2502778,2025-11-15,"2025-10-28 08:02:14",577144,CPY2615611,2026-07-07,"2026-07-09 17:04:58",68.25,General,Posted,,,dbabu@alhabib.om
TAG2502778,2025-11-15,"2025-10-28 08:02:14",577143,CPY2615610,2026-07-07,"2026-07-09 17:03:51",2.75,General,Posted,,,dbabu@alhabib.om
TAG2502778,2025-11-15,"2025-10-28 08:02:14",577142,CPY2615609,2026-07-07,"2026-07-09 17:01:18",400,Rent,Posted,2025-09-15,2025-11-15,dbabu@alhabib.om
TAG2600423,2026-07-31,"2026-06-14 09:28:01",576890,CAR2601273,2026-07-09,"2026-07-09 09:19:23",160,Rent,Posted,2026-06-01,2026-06-30,dbabu@alhabib.om
TAG2601285,2026-06-30,"2026-07-04 12:40:05",576852,CAR2601272,2026-07-09,"2026-07-09 09:12:11",10,General,Posted,,,dbabu@alhabib.om
TAG2600057,2026-06-30,"2026-07-04 12:54:58",576699,CAR2601254,2026-07-08,"2026-07-08 10:35:57",30,General,Posted,,,dbabu@alhabib.om
TAG2600057,2026-06-30,"2026-07-04 12:54:58",576698,CAR2601253,2026-07-08,"2026-07-08 10:35:00",45,General,Posted,,,dbabu@alhabib.om
TAG2600057,2026-06-30,"2026-07-04 12:54:58",576697,CAR2601252,2026-07-08,"2026-07-08 10:34:08",50,General,Posted,,,dbabu@alhabib.om
TAG2600057,2026-06-30,"2026-07-04 12:54:58",576696,CAR2601251,2026-07-08,"2026-07-08 10:32:02",25,General,Posted,,,dbabu@alhabib.om
TAG2503579,2026-06-30,"2026-07-04 12:38:37",576680,CAR2601246,2026-07-07,"2026-07-07 15:20:07",15.75,General,Posted,,,dbabu@alhabib.om
TAG2600387,2026-06-15,"2026-06-18 21:11:37",576643,CAR2601244,2026-07-07,"2026-07-07 14:21:20",230,General,Posted,,,dbabu@alhabib.om
TAG2600387,2026-06-15,"2026-06-18 21:11:37",576641,CAR2601243,2026-07-07,"2026-07-07 14:20:08",170,General,Posted,,,dbabu@alhabib.om
TAG2501201,2025-07-31,"2025-08-14 15:42:46",576613,CPY2615124,2026-07-01,"2026-07-07 13:50:54",46.3,Rent,Posted,2025-04-01,2025-04-09,salamr@alhabib.om
TAG2601000,2026-06-30,"2026-06-29 14:54:32",576342,CPY2614858,2026-07-06,"2026-07-07 08:51:46",32.4,General,Posted,,,dbabu@alhabib.om
TAG2601000,2026-06-30,"2026-06-29 14:54:32",576334,CAR2601234,2026-07-06,"2026-07-06 15:47:10",210,General,Posted,,,sirajm@alhabib.om
TAG2501401,2026-05-10,"2026-05-24 18:11:05",576318,CAR2601230,2026-07-06,"2026-07-06 10:06:56",100.4,General,Posted,,,dbabu@alhabib.om
TAG2502536,2026-07-15,"2026-07-04 12:52:22",576316,CAR2601228,2026-07-06,"2026-07-06 09:35:00",25,General,Posted,,,dbabu@alhabib.om
TAG2502536,2026-07-15,"2026-07-04 12:52:22",576315,CAR2601227,2026-07-06,"2026-07-06 09:33:04",31.5,General,Posted,,,dbabu@alhabib.om
TAG2502536,2026-07-15,"2026-07-04 12:52:22",576314,CAR2601226,2026-07-06,"2026-07-06 09:32:16",9,General,Posted,,,dbabu@alhabib.om
TAG2502536,2026-07-15,"2026-07-04 12:52:22",576313,CAR2601225,2026-07-06,"2026-07-06 09:31:26",18.8,General,Posted,,,dbabu@alhabib.om
TAG2202258,2023-06-15,"2023-08-16 10:00:39",576236,CPY2614773,2026-07-05,"2026-07-05 09:27:53",25.5,General,Posted,,,dbabu@alhabib.om
TAG2202258,2023-06-15,"2023-08-16 10:00:39",576235,CPY2614772,2026-07-05,"2026-07-05 09:25:03",74.5,General,Posted,,,dbabu@alhabib.om
TAG2302446,2024-07-05,"2024-08-17 12:09:52",576234,CAR2601216,2026-07-05,"2026-07-05 08:35:03",190,Rent,Posted,2024-04-06,2024-05-05,dbabu@alhabib.om
TAG2501762,2025-09-30,"2025-10-14 16:27:18",576233,CAR2601215,2026-07-05,"2026-07-05 08:31:14",180,Rent,Posted,2025-09-01,2025-09-30,dbabu@alhabib.om
TAG2503842,2026-01-21,"2026-01-27 09:08:37",576225,CPY2614764,2026-07-02,"2026-07-02 18:08:37",150,Rent,Posted,2025-05-25,2025-06-20,dbabu@alhabib.om
TAG2502909,2026-04-30,"2026-05-04 15:33:38",576223,CPY2614762,2026-07-02,"2026-07-02 16:49:02",17,General,Posted,,,dbabu@alhabib.om
TAG2501508,2026-05-31,"2026-06-11 05:35:08",576222,CPY2614761,2026-07-02,"2026-07-02 16:45:41",281.85,General,Posted,,,dbabu@alhabib.om
TAG2503041,2026-05-10,"2026-05-20 08:39:42",576221,CAR2601214,2026-07-02,"2026-07-02 16:42:36",73.5,General,Posted,,,dbabu@alhabib.om
TAG2503041,2026-05-10,"2026-05-20 08:39:42",576220,CAR2601213,2026-07-02,"2026-07-02 16:41:30",2.9,General,Posted,,,dbabu@alhabib.om
TAG2502712,2026-06-30,"2026-06-22 22:18:36",576219,CAR2601212,2026-07-02,"2026-07-02 16:38:57",121.8,General,Posted,,,dbabu@alhabib.om
TAG2502712,2026-06-30,"2026-06-22 22:18:36",576218,CAR2601211,2026-07-02,"2026-07-02 16:36:59",25,General,Posted,,,dbabu@alhabib.om
TAG2502712,2026-06-30,"2026-06-22 22:18:36",576217,CAR2601210,2026-07-02,"2026-07-02 16:36:00",80.2,General,Posted,,,dbabu@alhabib.om
TAG2600606,2026-03-31,"2026-04-16 09:50:09",576210,CPY2614755,2026-06-01,"2026-07-02 12:41:36",50,Rent,Posted,2026-03-01,2026-03-31,dbabu@alhabib.om
TAG2600606,2026-03-31,"2026-04-16 09:50:09",576208,CPY2614753,2026-06-01,"2026-07-02 12:37:36",50,Rent,Posted,2026-02-01,2026-02-28,dbabu@alhabib.om
TAG2502210,2026-05-31,"2026-05-20 08:34:12",576169,CPY2614724,2026-06-30,"2026-07-01 17:06:39",1.25,General,Posted,,,sirajm@alhabib.om
TAG2502210,2026-05-31,"2026-05-20 08:34:12",576168,CPY2614723,2026-06-30,"2026-07-01 17:05:35",78.75,General,Posted,,,sirajm@alhabib.om
TAG2502210,2026-05-31,"2026-05-20 08:34:12",576167,CPY2614722,2026-06-30,"2026-07-01 17:04:41",25,General,Posted,,,sirajm@alhabib.om
TAG2502210,2026-05-31,"2026-05-20 08:34:12",576166,CPY2614721,2026-06-30,"2026-07-01 17:01:39",60,Rent,Posted,2026-05-23,2026-05-31,sirajm@alhabib.om
TAG2502891,2026-05-31,"2026-06-29 14:53:32",576096,CPY2614654,2026-06-30,"2026-07-01 11:35:33",280.35,General,Posted,,,dbabu@alhabib.om
TAG2502891,2026-05-31,"2026-06-29 14:53:32",576095,CPY2614653,2026-06-30,"2026-07-01 11:34:01",26.9,General,Posted,,,dbabu@alhabib.om
TAG2400462,2024-12-31,"2025-01-01 14:34:22",576035,CPY2614597,2026-06-28,"2026-06-30 16:16:48",71,Rent,Posted,2024-10-13,2024-10-31,salamr@alhabib.om
TAG2503949,2026-04-09,"2026-05-03 15:14:09",576020,CPY2614582,2026-06-30,"2026-06-30 15:26:45",1757,General,Posted,,,sirajm@alhabib.om
TAG2503949,2026-04-09,"2026-05-03 15:14:09",576019,CPY2614581,2026-06-30,"2026-06-30 15:23:47",4140,Rent,Posted,2026-02-01,2026-04-09,dbabu@alhabib.om
TAG2502219,2026-06-30,"2026-06-29 15:01:01",575985,CPY2614552,2026-06-29,"2026-06-30 11:39:25",3,General,Posted,,,dbabu@alhabib.om
TAG2502219,2026-06-30,"2026-06-29 15:01:01",575984,CPY2614551,2026-06-29,"2026-06-30 11:38:13",130,Rent,Posted,2026-06-01,2026-06-30,dbabu@alhabib.om
TAG2501762,2025-09-30,"2025-10-14 16:27:18",575958,CAR2601185,2026-06-29,"2026-06-29 17:18:44",180,Rent,Posted,2025-08-01,2025-08-31,sirajm@alhabib.om
TAG2503224,2026-05-31,"2026-06-11 05:36:17",575863,CPY2614439,2026-06-29,"2026-06-29 08:21:46",88,General,Posted,,,dbabu@alhabib.om
TAG2503224,2026-05-31,"2026-06-11 05:36:17",575862,CAR2601177,2026-06-29,"2026-06-29 08:20:00",31.5,General,Posted,,,dbabu@alhabib.om
TAG2503224,2026-05-31,"2026-06-11 05:36:17",575861,CAR2601176,2026-06-29,"2026-06-29 08:18:17",48.5,General,Posted,,,dbabu@alhabib.om
TAG2600140,2026-05-31,"2026-06-11 05:40:06",575860,CAR2601175,2026-06-28,"2026-06-28 16:37:06",57.75,General,Posted,,,dbabu@alhabib.om
TAG2600140,2026-05-31,"2026-06-11 05:40:06",575859,CAR2601174,2026-06-28,"2026-06-28 16:35:17",24.1,General,Posted,,,dbabu@alhabib.om
TAG2503024,2026-05-31,"2026-05-24 18:11:47",575476,CPY2614074,2026-06-15,"2026-06-24 14:52:30",180,Rent,Posted,2026-06-15,2026-07-14,salamr@alhabib.om
TAG2501576,2026-06-10,"2026-06-17 08:16:18",575447,CAR2601145,2026-06-24,"2026-06-24 08:27:41",10.5,General,Posted,,,dbabu@alhabib.om
TAG2501576,2026-06-10,"2026-06-17 08:16:18",575446,CAR2601144,2026-06-24,"2026-06-24 08:26:41",7.8,General,Posted,,,dbabu@alhabib.om
TAG2100504,2021-09-15,"2021-09-29 08:29:04",575430,CPY2614041,2025-12-31,"2026-06-23 17:28:58",200.75,Rent,Pending,2021-08-30,2021-09-29,sirajm@alhabib.om
TAG2302167,2024-04-15,"2024-03-20 07:20:38",575426,CPY2614037,2025-12-31,"2026-06-23 17:18:15",200,Rent,Pending,2024-03-16,2024-04-15,sirajm@alhabib.om
TAG2003337,2021-10-31,"2021-11-08 16:21:39",575425,CPY2614036,2025-12-31,"2026-06-23 17:16:18",33,Rent,Pending,2021-11-01,2021-11-30,sirajm@alhabib.om
TAG2200150,2023-01-31,"2023-02-09 17:29:37",575424,CPY2614035,2025-12-31,"2026-06-23 17:14:31",39,Rent,Pending,2023-02-01,2023-02-28,sirajm@alhabib.om
TAG2301410,2024-05-31,"2024-06-06 07:44:15",575423,CPY2614034,2025-12-31,"2026-06-23 17:12:23",220,Rent,Pending,2024-05-01,2024-05-31,sirajm@alhabib.om
TAG2300695,2024-02-29,"2024-02-25 08:05:06",575422,CPY2614033,2025-12-31,"2026-06-23 17:07:49",187,Rent,Pending,2024-02-01,2024-02-29,sirajm@alhabib.om
TAG2302227,2024-07-31,"2024-08-07 20:37:32",575421,CPY2614032,2025-12-31,"2026-06-23 17:03:39",144.5,Rent,Pending,2024-07-21,2024-08-20,sirajm@alhabib.om
TAG2201093,2023-05-31,"2023-07-02 16:44:03",575419,CPY2614030,2025-12-31,"2026-06-23 17:02:12",31,Rent,Pending,2023-06-01,2023-06-30,sirajm@alhabib.om
TAG1903593,2020-09-30,"2020-09-30 00:00:00",575418,CPY2614029,2025-12-31,"2026-06-23 16:59:03",46,Rent,Pending,2020-10-01,2020-10-31,sirajm@alhabib.om
TAG2302886,2024-10-31,"2024-11-02 11:20:10",575417,CPY2614028,2025-12-31,"2026-06-23 16:57:42",33,Rent,Pending,2024-11-01,2024-11-30,sirajm@alhabib.om
TAG2000046,2021-03-31,"2021-03-26 10:33:38",575415,CPY2614026,2025-12-31,"2026-06-23 16:54:54",53,Rent,Pending,2021-04-01,2021-04-02,sirajm@alhabib.om
TAG2001953,2021-02-15,"2021-02-15 00:00:00",575412,CPY2614023,2025-12-31,"2026-06-23 15:39:48",60,Rent,Pending,2021-02-16,2021-02-17,sirajm@alhabib.om
TAG2002322,2021-05-31,"2021-05-31 00:00:00",575411,CPY2614022,2025-12-31,"2026-06-23 15:36:05",31,Rent,Pending,2021-06-01,2021-06-02,sirajm@alhabib.om
TAG2400262,2025-01-31,"2025-02-11 10:32:52",575409,CPY2614021,2025-12-31,"2026-06-23 15:21:30",35,Rent,Pending,2025-02-01,2025-02-02,sirajm@alhabib.om
TAG1902742,2020-08-31,"2020-08-31 00:00:00",575408,CPY2614020,2025-12-31,"2026-06-23 15:16:42",33,Rent,Pending,2020-09-01,2020-09-02,sirajm@alhabib.om
TAG2302810,2025-02-28,"2025-02-04 13:28:09",575407,CPY2614019,2025-12-31,"2026-06-23 15:10:45",48,Rent,Pending,2025-03-01,2025-03-01,sirajm@alhabib.om
TAG2500079,2026-01-31,"2026-01-26 07:59:37",575406,CPY2614018,2025-12-31,"2026-06-23 15:06:55",50,Rent,Pending,2026-02-01,2026-02-02,sirajm@alhabib.om
TAG2101064,2022-01-31,"2022-01-12 15:28:29",575403,CPY2614015,2025-12-31,"2026-06-23 14:59:26",37,Rent,Pending,2022-02-01,2022-02-28,sirajm@alhabib.om
TAG2200405,2022-02-28,"2022-03-16 07:46:29",575322,CPY2613939,2026-06-15,"2026-06-22 15:32:07",300,Rent,Posted,2021-11-07,2021-11-25,salamr@alhabib.om
TAG2300844,2023-04-30,"2023-06-01 09:51:39",575190,CPY2613815,2025-12-31,"2026-06-21 18:06:48",2387,Rent,Pending,2022-11-01,2023-04-30,sirajm@alhabib.om
TAG2300934,2024-03-31,"2024-04-04 12:15:43",575188,CPY2613813,2025-12-31,"2026-06-21 18:03:49",53,Rent,Pending,2024-04-01,2024-04-02,sirajm@alhabib.om
TAG2301647,2024-03-31,"2024-04-07 15:38:46",575183,CPY2613808,2025-12-31,"2026-06-21 17:46:19",38.5,Rent,Pending,2024-04-01,2024-04-02,sirajm@alhabib.om
TAG2600228,2026-03-31,"2026-04-14 08:01:33",575173,CPY2613801,2026-06-21,"2026-06-21 11:31:30",460,General,Posted,,,dbabu@alhabib.om
TAG2600228,2026-03-31,"2026-04-14 08:01:33",575172,CPY2613800,2026-06-21,"2026-06-21 11:29:53",180,Rent,Posted,2026-02-16,2026-03-31,dbabu@alhabib.om
TAG1903865,2020-10-31,"2020-10-27 20:55:35",575167,CPY2613796,2025-12-31,"2026-06-19 09:51:37",30,Rent,Pending,2020-11-01,2020-11-03,sirajm@alhabib.om
TAG2302459,2023-12-31,"2024-01-27 14:58:45",575131,CPY2613763,2026-06-17,"2026-06-18 14:23:56",65,General,Posted,,,dbabu@alhabib.om
TAG2500212,2025-03-31,"2025-04-12 10:21:55",575113,CPY2613745,2026-06-16,"2026-06-18 11:39:24",80,General,Posted,,,dbabu@alhabib.om
TAG2500212,2025-03-31,"2025-04-12 10:21:55",575112,CPY2613744,2026-06-16,"2026-06-18 11:38:12",20,Rent,Posted,2025-03-25,2025-03-31,dbabu@alhabib.om
TAG2501569,2026-06-30,"2026-06-04 16:15:40",574832,CPY2613475,2026-06-10,"2026-06-16 08:40:21",225,Rent,Posted,2026-06-01,2026-06-30,salamr@alhabib.om
TAG2502823,2026-06-15,"2026-06-11 05:43:14",574615,CPY2613266,2026-06-15,"2026-06-15 12:38:10",59,General,Posted,,,sirajm@alhabib.om
TAG2502823,2026-06-15,"2026-06-11 05:43:14",574614,CAR2601102,2026-06-15,"2026-06-15 12:34:05",71,General,Posted,,,sirajm@alhabib.om
TAG2502823,2026-06-15,"2026-06-11 05:43:14",574613,CAR2601101,2026-06-15,"2026-06-15 12:32:58",25,General,Posted,,,sirajm@alhabib.om
TAG2502823,2026-06-15,"2026-06-11 05:43:14",574612,CAR2601100,2026-06-15,"2026-06-15 12:32:00",63,General,Posted,,,sirajm@alhabib.om
TAG2502823,2026-06-15,"2026-06-11 05:43:14",574611,CAR2601099,2026-06-15,"2026-06-15 12:31:08",16,General,Posted,,,sirajm@alhabib.om
TAG2501371,2025-07-14,"2025-07-05 18:13:55",574458,CPY2613126,2026-06-11,"2026-06-11 11:55:33",422.078,Rent,Posted,2025-05-15,2025-05-31,dbabu@alhabib.om
TAG2501569,2026-06-30,"2026-06-04 16:15:40",574265,CAR2601085,2026-06-11,"2026-06-11 11:15:37",84,General,Posted,,,dbabu@alhabib.om
TAG2501569,2026-06-30,"2026-06-04 16:15:40",574256,CAR2601084,2026-06-11,"2026-06-11 11:14:13",56.2,General,Posted,,,dbabu@alhabib.om
TAG2501191,2026-05-31,"2026-05-24 18:12:04",574207,CAR2601083,2026-06-11,"2026-06-11 11:04:17",89.25,General,Posted,,,dbabu@alhabib.om
TAG2501191,2026-05-31,"2026-05-24 18:12:04",574196,CAR2601082,2026-06-11,"2026-06-11 11:02:29",2.9,General,Posted,,,dbabu@alhabib.om
TAG2502210,2026-05-31,"2026-05-20 08:34:12",574113,CPY2612786,2026-06-07,"2026-06-11 10:44:32",150,Rent,Posted,2026-05-01,2026-05-22,salamr@alhabib.om
TAG2601093,2026-05-31,"2026-06-04 16:28:26",574019,CPY2612713,2026-06-08,"2026-06-09 15:57:49",180,Rent,Posted,2026-05-01,2026-05-31,dbabu@alhabib.om
TAG2503369,2026-05-31,"2026-06-04 15:50:00",574017,CAR2601059,2026-06-09,"2026-06-09 15:41:20",26.25,General,Posted,,,dbabu@alhabib.om
TAG2503369,2026-05-31,"2026-06-04 15:50:00",574016,CAR2601058,2026-06-09,"2026-06-09 15:39:42",232.6,General,Posted,,,dbabu@alhabib.om
TAG2600910,2026-05-31,"2026-05-24 09:33:29",573895,CPY2612602,2026-06-04,"2026-06-08 15:53:03",110,Rent,Posted,2026-05-01,2026-05-31,dbabu@alhabib.om
TAG2502614,2026-05-31,"2026-05-04 12:29:32",573856,CPY2612565,2026-06-01,"2026-06-08 09:58:41",2112,Rent,Posted,2026-06-01,2026-08-31,salamr@alhabib.om
TAG2502614,2026-05-31,"2026-05-04 12:29:32",573855,CPY2612564,2026-06-01,"2026-06-08 09:58:32",105.6,General,Posted,,,salamr@alhabib.om
TAG2301390,2023-12-31,"2024-02-09 17:58:55",573563,CPY2612274,2026-05-31,"2026-06-07 18:30:00",200,General,Posted,,,dbabu@alhabib.om
TAG2301390,2023-12-31,"2024-02-09 17:58:55",573562,CPY2612273,2026-05-31,"2026-06-07 18:27:40",90,General,Posted,,,dbabu@alhabib.om
TAG2301390,2023-12-31,"2024-02-09 17:58:55",573561,CPY2612272,2026-05-31,"2026-06-07 18:26:40",656.147,General,Posted,,,dbabu@alhabib.om
TAG2301390,2023-12-31,"2024-02-09 17:58:55",573560,CPY2612271,2026-05-31,"2026-06-07 18:19:20",725,Rent,Posted,2023-08-01,2023-12-31,dbabu@alhabib.om
TAG2500177,2026-01-31,"2026-02-23 09:26:56",573558,CAR2601042,2026-06-07,"2026-06-07 17:04:58",175,Rent,Posted,2025-11-01,2025-11-30,dbabu@alhabib.om
TAG2500177,2026-01-31,"2026-02-23 09:26:56",573557,CAR2601041,2026-06-07,"2026-06-07 17:04:32",175,Rent,Posted,2025-10-01,2025-10-31,dbabu@alhabib.om
TAG2500177,2026-01-31,"2026-02-23 09:26:56",573556,CAR2601040,2026-06-07,"2026-06-07 17:04:08",175,Rent,Posted,2025-09-01,2025-09-30,dbabu@alhabib.om
TAG2501358,2026-04-14,"2026-05-04 15:39:22",573554,CPY2612269,2026-06-04,"2026-06-07 16:17:51",47,General,Posted,,,dbabu@alhabib.om
TAG2501358,2026-04-14,"2026-05-04 15:39:22",573553,CPY2612268,2026-06-04,"2026-06-07 16:15:34",1.8,General,Posted,,,dbabu@alhabib.om
TAG2501358,2026-04-14,"2026-05-04 15:39:22",573552,CPY2612267,2026-06-04,"2026-06-07 16:14:27",4.2,General,Posted,,,dbabu@alhabib.om
TAG2501358,2026-04-14,"2026-05-04 15:39:22",573551,CPY2612266,2026-06-04,"2026-06-07 16:12:02",210,Rent,Posted,2026-03-15,2026-04-29,dbabu@alhabib.om
TAG2600777,2026-05-15,"2026-05-20 08:37:19",573483,CPY2612207,2026-06-03,"2026-06-06 16:09:42",180,General,Posted,,,dbabu@alhabib.om
TAG2600777,2026-05-15,"2026-05-20 08:37:19",573482,CPY2612206,2026-06-03,"2026-06-06 16:08:55",43.7,General,Posted,,,dbabu@alhabib.om
TAG2600778,2026-05-15,"2026-05-20 08:37:05",573481,CPY2612205,2026-06-03,"2026-06-06 16:06:54",196,General,Posted,,,dbabu@alhabib.om
TAG2600778,2026-05-15,"2026-05-20 08:37:05",573480,CPY2612204,2026-06-03,"2026-06-06 16:06:00",36.1,General,Posted,,,dbabu@alhabib.om
TAG2503619,2026-05-31,"2026-05-31 11:49:34",573475,CAR2601027,2026-06-04,"2026-06-04 16:00:47",9.5,General,Posted,,,dbabu@alhabib.om
TAG2202471,2024-01-31,"2024-02-16 15:20:04",573474,CPY2612201,2026-05-01,"2026-06-04 15:32:16",100,General,Posted,,,dbabu@alhabib.om
TAG2202471,2024-01-31,"2024-02-16 15:20:04",573473,CPY2612200,2026-05-01,"2026-06-04 15:31:10",90,General,Posted,,,dbabu@alhabib.om
TAG2202471,2024-01-31,"2024-02-16 15:20:04",573472,CPY2612199,2026-05-01,"2026-06-04 15:29:57",205,General,Posted,,,dbabu@alhabib.om
TAG2202471,2024-01-31,"2024-02-16 15:20:04",573471,CPY2612198,2026-05-01,"2026-06-04 15:27:21",130,Rent,Posted,2024-01-01,2024-01-31,dbabu@alhabib.om
TAG2101767,2021-11-30,"2021-12-29 14:33:39",573423,CAR2601015,2026-06-03,"2026-06-03 17:35:51",300,Rent,Posted,2021-04-20,2021-05-25,sirajm@alhabib.om
TAG2503842,2026-01-21,"2026-01-27 09:08:37",573419,CPY2612161,2026-06-03,"2026-06-03 15:02:49",80,Rent,Posted,2025-05-11,2025-05-24,dbabu@alhabib.om
TAG2503024,2026-05-31,"2026-05-24 18:11:47",573353,CPY2612117,2026-05-31,"2026-06-01 15:17:44",180,Rent,Posted,2026-05-15,2026-06-14,salamr@alhabib.om
TAG2400462,2024-12-31,"2025-01-01 14:34:22",573271,CPY2612035,2026-05-31,"2026-06-01 14:34:07",71,Rent,Posted,2024-09-24,2024-10-12,salamr@alhabib.om
TAG2501188,2026-01-31,"2026-02-07 19:49:33",573213,CPY2611979,2026-05-25,"2026-06-01 08:53:15",500,Rent,Posted,2025-10-01,2025-11-30,salamr@alhabib.om
TAG2200405,2022-02-28,"2022-03-16 07:46:29",573188,CPY2611954,2026-05-19,"2026-06-01 08:44:21",300,Rent,Posted,2021-10-19,2021-11-06,sirajm@alhabib.om
TAG2502937,2026-04-30,"2026-05-04 12:07:47",573102,CAR2600976,2026-05-31,"2026-05-31 09:37:22",253.05,General,Posted,,,dbabu@alhabib.om
TAG2502937,2026-04-30,"2026-05-04 12:07:47",573101,CAR2600975,2026-05-31,"2026-05-31 09:35:39",7.05,General,Posted,,,dbabu@alhabib.om
TAG2502937,2026-04-30,"2026-05-04 12:07:47",573083,CPY2611862,2026-05-27,"2026-05-26 12:20:07",775,Rent,Posted,2026-01-17,2026-04-30,dbabu@alhabib.om
TAG2503965,2026-05-24,"2026-05-24 18:10:18",573071,CPY2611850,2026-05-25,"2026-05-26 10:55:46",588,Rent,Posted,2026-03-01,2026-05-24,sirajm@alhabib.om
TAG2600750,2026-04-30,"2026-05-01 17:12:11",573011,CPY2611790,2026-05-24,"2026-05-25 15:29:18",85,General,Posted,,,dbabu@alhabib.om
TAG2600750,2026-04-30,"2026-05-01 17:12:11",573010,CPY2611789,2026-05-24,"2026-05-25 15:28:08",5.8,General,Posted,,,dbabu@alhabib.om
TAG2600749,2026-04-30,"2026-05-01 17:11:53",573009,CPY2611788,2026-05-24,"2026-05-25 15:27:17",45,General,Posted,,,dbabu@alhabib.om
TAG2600749,2026-04-30,"2026-05-01 17:11:53",573008,CPY2611787,2026-05-25,"2026-05-25 15:26:28",13,General,Posted,,,dbabu@alhabib.om
TAG2502606,2025-08-31,"2025-09-22 13:13:16",572965,CPY2611747,2026-05-24,"2026-05-25 12:05:13",500,Rent,Posted,2025-07-01,2025-08-31,dbabu@alhabib.om
TAG2502210,2026-05-31,"2026-05-20 08:34:12",572964,CAR2600971,2026-05-25,"2026-05-25 10:12:43",210,General,Posted,,,dbabu@alhabib.om
TAG2503165,2025-11-30,"2026-01-28 07:54:58",572956,CPY2611743,2026-05-01,"2026-05-25 08:57:41",63.5,General,Posted,,,sirajm@alhabib.om
TAG2503165,2025-11-30,"2026-01-28 07:54:58",572955,CPY2611742,2026-05-01,"2026-05-25 08:54:07",1270,Rent,Posted,2025-11-01,2025-11-30,sirajm@alhabib.om
TAG2600424,2026-03-15,"2026-03-30 10:51:02",572796,CPY2611598,2026-05-20,"2026-05-21 12:18:56",200,General,Posted,,,dbabu@alhabib.om
TAG2600424,2026-03-15,"2026-03-30 10:51:02",572795,CPY2611597,2026-05-20,"2026-05-21 12:16:12",180,General,Posted,,,dbabu@alhabib.om
TAG2600424,2026-03-15,"2026-03-30 10:51:02",572794,CPY2611596,2026-05-20,"2026-05-21 12:14:50",199,General,Posted,,,dbabu@alhabib.om
TAG2600424,2026-03-15,"2026-03-30 10:51:02",572792,CPY2611595,2026-05-20,"2026-05-21 12:09:22",47,General,Posted,,,dbabu@alhabib.om
TAG2600424,2026-03-15,"2026-03-30 10:51:02",572791,CPY2611594,2026-05-20,"2026-05-21 11:32:00",260,Rent,Posted,2026-01-16,2026-03-15,dbabu@alhabib.om
TAG2600211,2026-03-31,"2026-05-19 09:15:41",572780,CPY2611586,2026-05-19,"2026-05-21 08:44:51",300,Rent,Posted,2026-03-01,2026-03-31,salamr@alhabib.om
TAG2600211,2026-03-31,"2026-05-19 09:15:41",572779,CPY2611585,2026-05-19,"2026-05-21 08:44:39",15,General,Posted,,,salamr@alhabib.om
TAG2600211,2026-03-31,"2026-05-19 09:15:41",572778,CPY2611584,2026-05-19,"2026-05-21 08:43:05",300,Rent,Posted,2026-02-01,2026-02-28,salamr@alhabib.om
TAG2600211,2026-03-31,"2026-05-19 09:15:41",572777,CPY2611583,2026-05-19,"2026-05-21 08:42:53",15,General,Posted,,,salamr@alhabib.om
TAG2502637,2026-03-31,"2026-04-09 13:21:01",572753,CPY2611559,2026-05-17,"2026-05-20 17:10:36",63,General,Posted,,,salamr@alhabib.om
TAG2300633,2024-04-30,"2024-05-08 21:17:54",572422,CAR2600944,2026-05-19,"2026-05-19 15:14:33",10,General,Posted,,,dbabu@alhabib.om
TAG2503855,2026-04-30,"2026-05-11 08:00:59",572402,CPY2611217,2026-05-17,"2026-05-19 09:12:13",12,General,Posted,,,sirajm@alhabib.om
TAG2503855,2026-04-30,"2026-05-11 08:00:59",572401,CPY2611216,2026-05-01,"2026-05-19 09:10:12",35,General,Posted,,,dbabu@alhabib.om
TAG2503855,2026-04-30,"2026-05-11 08:00:59",572400,CPY2611215,2026-05-01,"2026-05-19 09:09:15",40,General,Posted,,,dbabu@alhabib.om
TAG2600334,2026-05-15,"2026-05-07 13:21:30",572396,CAR2600937,2026-05-18,"2026-05-18 12:39:38",36.75,General,Posted,,,dbabu@alhabib.om
TAG2600334,2026-05-15,"2026-05-07 13:21:30",572395,CAR2600936,2026-05-18,"2026-05-18 12:38:19",30.2,General,Posted,,,dbabu@alhabib.om
TAG2600675,2026-04-30,"2026-05-04 15:34:35",572394,CAR2600935,2026-05-18,"2026-05-18 12:32:18",150,General,Posted,,,dbabu@alhabib.om
TAG2600105,2026-02-28,"2026-03-10 08:51:23",572393,CAR2600934,2026-05-18,"2026-05-18 12:23:23",110,General,Posted,,,dbabu@alhabib.om
TAG2600105,2026-02-28,"2026-03-10 08:51:23",572392,CAR2600933,2026-05-18,"2026-05-18 12:18:48",70,General,Posted,,,dbabu@alhabib.om
TAG2500212,2025-03-31,"2025-04-12 10:21:55",572244,CPY2611089,2026-05-14,"2026-05-14 11:05:19",90,Rent,Posted,2025-03-01,2025-03-24,dbabu@alhabib.om
TAG2502268,2026-02-28,"2026-03-10 08:48:47",572085,CAR2600892,2026-05-12,"2026-05-12 15:01:34",21,General,Posted,,,dbabu@alhabib.om
TAG2302459,2023-12-31,"2024-01-27 14:58:45",571700,CPY2610563,2026-05-10,"2026-05-12 12:06:27",65,General,Posted,,,dbabu@alhabib.om
TAG2600014,2026-03-31,"2026-04-06 09:13:21",571637,CPY2610503,2026-05-10,"2026-05-11 14:58:48",25,General,Posted,,,dbabu@alhabib.om
TAG2600014,2026-03-31,"2026-04-06 09:13:21",571636,CPY2610502,2026-05-10,"2026-05-11 14:57:42",39,General,Posted,,,dbabu@alhabib.om
TAG2503865,2026-03-31,"2026-04-28 08:56:30",571623,CAR2600883,2026-05-11,"2026-05-11 10:41:51",1000,Rent,Posted,2026-03-01,2026-03-31,dbabu@alhabib.om
TAG2503866,2026-03-31,"2026-04-28 08:56:44",571622,CAR2600882,2026-05-11,"2026-05-11 10:41:34",800,Rent,Posted,2026-03-01,2026-03-31,dbabu@alhabib.om
TAG2503865,2026-03-31,"2026-04-28 08:56:30",571621,CAR2600881,2026-05-11,"2026-05-11 10:16:36",100,General,Posted,,,dbabu@alhabib.om
TAG2503866,2026-03-31,"2026-04-28 08:56:44",571620,CAR2600880,2026-05-11,"2026-05-11 10:15:45",150,General,Posted,,,dbabu@alhabib.om
TAG2600014,2026-03-31,"2026-04-06 09:13:21",571558,CAR2600873,2026-05-10,"2026-05-10 12:35:29",71.4,General,Posted,,,dbabu@alhabib.om
TAG2600014,2026-03-31,"2026-04-06 09:13:21",571557,CAR2600872,2026-05-10,"2026-05-10 12:34:07",48.6,General,Posted,,,dbabu@alhabib.om
TAG2202258,2023-06-15,"2023-08-16 10:00:39",571518,CAR2600861,2026-05-07,"2026-05-07 16:04:06",200,General,Posted,,,dbabu@alhabib.om
TAG2402312,2025-11-30,"2026-01-01 12:40:31",571474,CAR2600857,2026-05-07,"2026-05-07 11:56:10",102.3,General,Posted,,,dbabu@alhabib.om
TAG2402312,2025-11-30,"2026-01-01 12:40:31",571472,CPY2610369,2026-05-01,"2026-05-07 11:54:54",53,General,Posted,,,dbabu@alhabib.om
TAG2503304,2026-05-15,"2026-04-29 16:48:27",571160,CAR2600851,2026-05-06,"2026-05-06 16:32:32",3,General,Posted,,,dbabu@alhabib.om
TAG2501075,2026-03-31,"2026-04-06 09:21:26",570778,CAR2600840,2026-05-05,"2026-05-05 16:03:45",52.5,General,Posted,,,dbabu@alhabib.om
TAG2501792,2026-03-15,"2026-04-02 09:13:00",570745,CPY2609667,2026-05-05,"2026-05-05 10:17:42",35,General,Posted,,,dbabu@alhabib.om
TAG2501792,2026-03-15,"2026-04-02 09:13:00",570744,CPY2609666,2026-05-05,"2026-05-05 10:16:43",16.2,General,Posted,,,dbabu@alhabib.om
TAG2501792,2026-03-15,"2026-04-02 09:13:00",570743,CPY2609665,2026-05-05,"2026-05-05 10:15:46",1.7,General,Posted,,,dbabu@alhabib.om
TAG2101767,2021-11-30,"2021-12-29 14:33:39",570734,CAR2600831,2026-05-05,"2026-05-05 09:00:25",300,Rent,Posted,2021-03-14,2021-04-19,dbabu@alhabib.om
TAG2501647,2026-04-30,"2026-05-04 12:06:31",570724,CAR2600825,2026-05-04,"2026-05-04 16:22:52",89.25,General,Posted,,,dbabu@alhabib.om
TAG2501647,2026-04-30,"2026-05-04 12:06:31",570723,CAR2600824,2026-05-04,"2026-05-04 16:21:56",306.5,General,Posted,,,dbabu@alhabib.om
TAG2501647,2026-04-30,"2026-05-04 12:06:31",570722,CAR2600823,2026-05-04,"2026-05-04 16:21:07",15,General,Posted,,,dbabu@alhabib.om
TAG2600088,2026-05-15,"2026-05-04 12:08:49",570720,CAR2600821,2026-05-04,"2026-05-04 15:19:19",25,General,Posted,,,dbabu@alhabib.om
TAG2600088,2026-05-15,"2026-05-04 12:08:49",570719,CAR2600820,2026-05-04,"2026-05-04 15:18:28",15,General,Posted,,,sirajm@alhabib.om
TAG2503882,2026-03-31,"2026-04-21 07:31:46",570692,CAR2600813,2026-05-04,"2026-05-04 10:05:09",42,General,Posted,,,dbabu@alhabib.om
TAG2503882,2026-03-31,"2026-04-21 07:31:46",570691,CAR2600812,2026-05-04,"2026-05-04 10:02:12",91.1,General,Posted,,,dbabu@alhabib.om
TAG2503842,2026-01-21,"2026-01-27 09:08:37",570679,CPY2609628,2026-05-03,"2026-05-03 15:58:21",80,Rent,Posted,2025-04-27,2025-05-10,dbabu@alhabib.om
TAG2101618,2022-03-31,"2022-04-06 13:26:14",570678,CPY2609627,2026-05-03,"2026-05-03 15:55:32",50,Rent,Posted,2022-02-01,2022-02-07,dbabu@alhabib.om
TAG2600125,2026-03-31,"2026-04-02 09:10:29",570624,CPY2609576,2026-04-30,"2026-04-30 17:54:58",52.4,General,Posted,,,dbabu@alhabib.om
TAG2501005,2026-04-30,"2026-04-29 16:48:44",570614,CAR2600801,2026-04-30,"2026-04-30 15:43:50",63,General,Posted,,,dbabu@alhabib.om
TAG2501005,2026-04-30,"2026-04-29 16:48:44",570613,CAR2600800,2026-04-30,"2026-04-30 15:42:59",12.1,General,Posted,,,dbabu@alhabib.om
TAG2402310,2025-12-31,"2026-01-09 13:16:59",570550,CPY2609506,2026-03-31,"2026-04-30 12:04:36",8,Rent,Posted,2025-10-07,2025-10-08,sirajm@alhabib.om
TAG2500232,2025-10-31,"2025-11-06 13:10:10",570544,CPY2609503,2026-04-30,"2026-04-30 10:09:27",200,Rent,Posted,2025-09-01,2025-10-31,dbabu@alhabib.om
TAG2503882,2026-03-31,"2026-04-21 07:31:46",570485,CPY2609449,2026-04-28,"2026-04-29 15:24:02",225,Rent,Posted,2026-03-04,2026-03-31,salamr@alhabib.om
TAG2400462,2024-12-31,"2025-01-01 14:34:22",570431,CPY2609408,2026-04-27,"2026-04-29 08:51:10",71,Rent,Posted,2024-09-05,2024-09-23,salamr@alhabib.om
TAG2500062,2025-12-31,"2026-01-28 07:52:43",570422,CPY2609399,2026-04-02,"2026-04-28 19:57:48",143.65,General,Posted,,,dbabu@alhabib.om
TAG2503624,2026-03-31,"2026-04-14 08:06:46",570383,CAR2600773,2026-04-28,"2026-04-28 09:58:06",68.25,General,Posted,,,dbabu@alhabib.om
TAG2503624,2026-03-31,"2026-04-14 08:06:46",570367,CAR2600771,2026-04-28,"2026-04-28 09:19:58",13.4,General,Posted,,,dbabu@alhabib.om
TAG2503624,2026-03-31,"2026-04-14 08:06:46",570365,CAR2600770,2026-04-28,"2026-04-28 09:14:43",60,General,Posted,,,dbabu@alhabib.om
TAG2500708,2026-04-30,"2026-04-27 07:32:12",570350,CPY2609334,2026-04-22,"2026-04-27 18:35:03",25,General,Posted,,,dbabu@alhabib.om
TAG2600589,2026-04-16,"2026-04-26 12:51:00",570349,CPY2609333,2026-04-27,"2026-04-27 18:30:51",84,General,Posted,,,dbabu@alhabib.om
TAG2600589,2026-04-16,"2026-04-26 12:51:00",570348,CPY2609332,2026-04-27,"2026-04-27 18:29:43",79.3,General,Posted,,,dbabu@alhabib.om
TAG2501188,2026-01-31,"2026-02-07 19:49:33",570305,CPY2609292,2026-04-26,"2026-04-27 14:44:01",500,Rent,Posted,2025-08-01,2025-09-30,salamr@alhabib.om
TAG2600079,2026-04-15,"2026-04-21 07:33:21",570261,CAR2600760,2026-04-26,"2026-04-26 16:44:38",84,General,Posted,,,dbabu@alhabib.om
TAG2600079,2026-04-15,"2026-04-21 07:33:21",570260,CAR2600759,2026-04-26,"2026-04-26 16:43:43",9.1,General,Posted,,,dbabu@alhabib.om
TAG1803850,2019-06-30,"2008-03-31 00:00:00",570258,CAR2600758,2026-04-26,"2026-04-26 16:38:31",150,Rent,Posted,2019-01-29,2019-02-08,dbabu@alhabib.om
TAG2500469,2026-04-30,"2026-04-14 17:16:40",570195,CPY2609195,2026-04-20,"2026-04-26 10:20:35",125,General,Posted,,,dbabu@alhabib.om
TAG2500469,2026-04-30,"2026-04-14 17:16:40",570194,CPY2609194,2026-04-20,"2026-04-26 10:19:41",165,General,Posted,,,dbabu@alhabib.om
TAG2501020,2026-03-15,"2026-03-27 13:45:28",570082,CPY2609085,2026-04-22,"2026-04-25 12:24:12",1280,Rent,Posted,2025-07-16,2026-03-15,sirajm@alhabib.om
TAG2502342,2026-02-28,"2026-03-29 10:25:19",570019,CPY2609023,2026-04-23,"2026-04-23 11:44:24",73.5,General,Posted,,,dbabu@alhabib.om
TAG2502342,2026-02-28,"2026-03-29 10:25:19",570018,CPY2609022,2026-04-23,"2026-04-23 11:40:10",16.9,General,Posted,,,dbabu@alhabib.om
TAG2502342,2026-02-28,"2026-03-29 10:25:19",570017,CAR2600749,2026-04-23,"2026-04-23 11:36:33",200,Rent,Posted,2026-02-04,2026-02-28,dbabu@alhabib.om
TAG2200405,2022-02-28,"2022-03-16 07:46:29",569733,CPY2608744,2026-04-15,"2026-04-20 16:06:03",300,Rent,Posted,2021-09-30,2021-10-18,salamr@alhabib.om
TAG2503104,2026-02-15,"2026-02-23 15:46:00",569707,CPY2608718,2026-04-15,"2026-04-20 16:00:26",120,Rent,Posted,2026-01-16,2026-02-15,salamr@alhabib.om
TAG2402281,2025-12-15,"2026-01-01 08:21:35",569660,CAR2600742,2026-04-20,"2026-04-20 15:37:29",7,General,Posted,,,dbabu@alhabib.om
TAG2402281,2025-12-15,"2026-01-01 08:21:35",569659,CAR2600741,2026-04-20,"2026-04-20 15:36:39",178,General,Posted,,,dbabu@alhabib.om
TAG2502968,2026-03-31,"2026-03-30 08:18:14",569638,CAR2600739,2026-04-20,"2026-04-20 14:50:30",94.5,General,Posted,,,dbabu@alhabib.om
TAG2502968,2026-03-31,"2026-03-30 08:18:14",569637,CAR2600738,2026-04-20,"2026-04-20 14:49:26",37.9,General,Posted,,,dbabu@alhabib.om
TAG2502764,2026-03-31,"2026-03-31 11:00:39",569565,CPY2608587,2026-04-19,"2026-04-19 16:06:47",39.3,General,Posted,,,dbabu@alhabib.om
TAG2502764,2026-03-31,"2026-03-31 11:00:39",569564,CAR2600731,2026-04-19,"2026-04-19 16:02:01",127.8,General,Posted,,,dbabu@alhabib.om
TAG2502764,2026-03-31,"2026-03-31 11:00:39",569563,CAR2600730,2026-04-19,"2026-04-19 16:01:00",22.2,General,Posted,,,dbabu@alhabib.om
TAG2501243,2026-04-30,"2026-03-10 12:40:15",569274,CPY2608300,2026-04-12,"2026-04-19 14:57:05",180,Rent,Posted,2026-04-01,2026-04-30,salamr@alhabib.om
TAG2501004,2026-04-15,"2026-04-14 08:02:41",569183,CAR2600720,2026-04-16,"2026-04-16 15:31:21",28.6,General,Posted,,,dbabu@alhabib.om
TAG2302627,2024-01-31,"2024-02-07 10:07:01",569171,CPY2608205,2026-04-16,"2026-04-16 12:17:08",50,General,Posted,,,dbabu@alhabib.om
TAG2302627,2024-01-31,"2024-02-07 10:07:01",569160,CAR2600719,2026-04-16,"2026-04-16 10:03:13",150,General,Posted,,,dbabu@alhabib.om
TAG2600125,2026-03-31,"2026-04-02 09:10:29",569134,CAR2600714,2026-04-15,"2026-04-15 15:45:53",21,General,Posted,,,dbabu@alhabib.om
TAG2600125,2026-03-31,"2026-04-02 09:10:29",569133,CAR2600713,2026-04-15,"2026-04-15 15:44:59",139,General,Posted,,,dbabu@alhabib.om
TAG2501118,2026-03-31,"2026-04-14 08:05:26",569053,CAR2600699,2026-04-14,"2026-04-14 16:50:36",35,General,Posted,,,dbabu@alhabib.om
TAG2501118,2026-03-31,"2026-04-14 08:05:26",569052,CAR2600698,2026-04-14,"2026-04-14 16:49:39",94.5,General,Posted,,,dbabu@alhabib.om
TAG2501118,2026-03-31,"2026-04-14 08:05:26",569050,CAR2600697,2026-04-14,"2026-04-14 16:48:44",8.9,General,Posted,,,dbabu@alhabib.om
TAG2501118,2026-03-31,"2026-04-14 08:05:26",569049,CAR2600696,2026-04-14,"2026-04-14 16:47:45",6,General,Posted,,,dbabu@alhabib.om
TAG2500090,2025-01-07,"2025-01-28 12:41:04",568641,CAR2600687,2026-04-13,"2026-04-13 11:22:46",200,General,Posted,,,sirajm@alhabib.om
TAG2302459,2023-12-31,"2024-01-27 14:58:45",568549,CPY2607645,2026-04-08,"2026-04-09 12:07:38",65,General,Posted,,,dbabu@alhabib.om
TAG2500875,2026-03-31,"2026-03-30 08:18:53",568436,CAR2600648,2026-04-08,"2026-04-08 11:52:48",84,General,Posted,,,dbabu@alhabib.om
TAG2500875,2026-03-31,"2026-03-30 08:18:53",568435,CAR2600647,2026-04-08,"2026-04-08 11:51:22",7.4,General,Posted,,,dbabu@alhabib.om
TAG2501099,2026-03-31,"2026-03-27 13:53:22",568091,CPY2607208,2026-04-05,"2026-04-06 17:51:18",21,General,Posted,,,dbabu@alhabib.om
TAG2501099,2026-03-31,"2026-03-27 13:53:22",568090,CPY2607207,2026-04-05,"2026-04-06 17:50:18",7.7,General,Posted,,,dbabu@alhabib.om
TAG2501020,2026-03-15,"2026-03-27 13:45:28",568037,CPY2607162,2026-04-05,"2026-04-05 18:33:05",96.6,General,Posted,,,dbabu@alhabib.om
TAG2501020,2026-03-15,"2026-03-27 13:45:28",568036,CPY2607161,2026-04-05,"2026-04-05 18:31:59",25.9,General,Posted,,,dbabu@alhabib.om
TAG2503842,2026-01-21,"2026-01-27 09:08:37",567973,CPY2607113,2026-04-01,"2026-04-02 16:25:12",80,Rent,Posted,2025-04-13,2025-04-26,dbabu@alhabib.om
TAG2503842,2026-01-21,"2026-01-27 09:08:37",567968,CAR2600612,2026-03-31,"2026-04-02 10:51:09",170,General,Posted,,,dbabu@alhabib.om
TAG2502653,2026-03-31,"2026-04-02 09:13:47",567965,CAR2600609,2026-04-02,"2026-04-02 10:11:25",60,General,Posted,,,sirajm@alhabib.om
TAG2502653,2026-03-31,"2026-04-02 09:13:47",567964,CAR2600608,2026-04-02,"2026-04-02 10:10:23",30.8,General,Posted,,,sirajm@alhabib.om
TAG2501867,2026-03-31,"2026-03-27 13:52:14",567941,CAR2600602,2026-04-02,"2026-04-02 08:45:17",15,General,Posted,,,dbabu@alhabib.om
TAG2501867,2026-03-31,"2026-03-27 13:52:14",567939,CAR2600601,2026-04-02,"2026-04-02 08:44:28",63,General,Posted,,,dbabu@alhabib.om
TAG2501867,2026-03-31,"2026-03-27 13:52:14",567938,CAR2600600,2026-04-02,"2026-04-02 08:43:37",25,General,Posted,,,dbabu@alhabib.om
TAG2501867,2026-03-31,"2026-03-27 13:52:14",567937,CAR2600599,2026-04-02,"2026-04-02 08:42:33",14.1,General,Posted,,,dbabu@alhabib.om
TAG2202258,2023-06-15,"2023-08-16 10:00:39",567902,CPY2607057,2026-03-31,"2026-04-01 19:09:53",190,General,Posted,,,sirajm@alhabib.om
TAG2400462,2024-12-31,"2025-01-01 14:34:22",567818,CPY2606977,2026-03-29,"2026-03-31 16:36:23",71,Rent,Posted,2024-08-17,2024-09-04,salamr@alhabib.om
TAG2500928,2026-02-28,"2026-03-17 18:09:35",567780,CAR2600593,2026-03-31,"2026-03-31 14:48:04",425,General,Posted,,,dbabu@alhabib.om
TAG1803850,2019-06-30,"2008-03-31 00:00:00",567779,CAR2600592,2026-03-31,"2026-03-31 12:31:52",150,Rent,Posted,2019-01-18,2019-01-28,dbabu@alhabib.om
TAG2500847,2026-03-15,"2026-03-27 13:50:13",567776,CAR2600590,2026-03-30,"2026-03-30 16:25:38",4.7,General,Posted,,,dbabu@alhabib.om
TAG2500702,2026-03-15,"2026-03-30 08:16:48",567667,CPY2606835,2026-03-26,"2026-03-30 08:55:00",80,General,Posted,,,dbabu@alhabib.om
TAG2500702,2026-03-15,"2026-03-30 08:16:48",567666,CPY2606834,2026-03-26,"2026-03-30 08:54:03",110.3,General,Posted,,,dbabu@alhabib.om
TAG2402083,2024-12-31,"2025-01-28 12:41:21",567641,CPY2606809,2026-03-29,"2026-03-29 12:42:27",160,General,Posted,,,dbabu@alhabib.om
TAG2501188,2026-01-31,"2026-02-07 19:49:33",567561,CPY2606734,2026-03-26,"2026-03-29 09:24:37",500,Rent,Posted,2025-06-01,2025-07-31,sirajm@alhabib.om
TAG2502368,2026-03-15,"2026-03-20 09:30:07",567505,CAR2600569,2026-03-25,"2026-03-25 14:39:38",27,General,Posted,,,sirajm@alhabib.om
TAG2502368,2026-03-15,"2026-03-20 09:30:07",567504,CAR2600568,2026-03-25,"2026-03-25 14:38:36",5,General,Posted,,,dbabu@alhabib.om
TAG2502368,2026-03-15,"2026-03-20 09:30:07",567503,CAR2600567,2026-03-25,"2026-03-25 14:37:28",5.8,General,Posted,,,dbabu@alhabib.om
TAG2503612,2026-01-31,"2026-02-07 19:56:53",567497,CAR2600565,2026-03-25,"2026-03-25 10:19:48",106.8,General,Posted,,,dbabu@alhabib.om
TAG2501674,2026-03-15,"2026-03-10 08:50:32",567496,CAR2600564,2026-03-25,"2026-03-25 10:01:57",25,General,Posted,,,dbabu@alhabib.om
TAG2501674,2026-03-15,"2026-03-10 08:50:32",567495,CAR2600563,2026-03-25,"2026-03-25 10:01:00",24,General,Posted,,,dbabu@alhabib.om
TAG1803850,2019-06-30,"2008-03-31 00:00:00",567494,CAR2600562,2026-03-25,"2026-03-25 09:43:27",150,Rent,Posted,2019-01-07,2019-01-17,dbabu@alhabib.om
TAG2501690,2026-02-28,"2026-03-17 18:11:41",567470,CPY2606665,2026-03-18,"2026-03-24 12:06:59",70,General,Posted,,,dbabu@alhabib.om
TAG2501690,2026-02-28,"2026-03-17 18:11:41",567469,CPY2606664,2026-03-18,"2026-03-24 12:06:03",401,General,Posted,,,dbabu@alhabib.om
TAG2501690,2026-02-28,"2026-03-17 18:11:41",567468,CPY2606663,2026-03-18,"2026-03-24 12:04:04",60,General,Posted,,,dbabu@alhabib.om
TAG2502476,2026-03-05,"2026-03-01 08:00:02",567449,CAR2600554,2026-03-24,"2026-03-24 09:42:09",170,Rent,Posted,2026-02-06,2026-03-05,dbabu@alhabib.om
TAG2301663,2024-06-06,"2024-06-26 20:12:00",567189,CPY2606393,2026-03-01,"2026-03-17 23:14:34",700,Rent,Posted,2023-12-01,2024-06-06,dbabu@alhabib.om
TAG2503104,2026-02-15,"2026-02-23 15:46:00",567170,CPY2606376,2026-03-10,"2026-03-17 11:35:02",40,General,Posted,,,dbabu@alhabib.om
TAG2503104,2026-02-15,"2026-02-23 15:46:00",567169,CPY2606375,2026-03-10,"2026-03-17 11:34:01",1.5,General,Posted,,,dbabu@alhabib.om
TAG2500271,2026-02-28,"2026-03-10 08:49:41",567114,CAR2600540,2026-03-16,"2026-03-16 12:43:29",31.5,General,Posted,,,dbabu@alhabib.om
TAG2500271,2026-02-28,"2026-03-10 08:49:41",567113,CAR2600539,2026-03-16,"2026-03-16 12:42:47",4.4,General,Posted,,,dbabu@alhabib.om
TAG2500271,2026-02-28,"2026-03-10 08:49:41",567112,CAR2600538,2026-03-16,"2026-03-16 12:40:47",190,Rent,Posted,2026-02-01,2026-02-28,dbabu@alhabib.om
TAG2200405,2022-02-28,"2022-03-16 07:46:29",566989,CPY2606212,2026-03-15,"2026-03-16 08:24:59",300,Rent,Posted,2021-09-11,2021-09-29,salamr@alhabib.om
TAG2302459,2023-12-31,"2024-01-27 14:58:45",566877,CPY2606108,2026-03-12,"2026-03-15 10:42:18",65,General,Posted,,,salamr@alhabib.om
TAG2402110,2025-12-15,"2026-01-09 13:16:14",566812,CAR2600515,2026-03-12,"2026-03-12 14:13:03",70.6,General,Posted,,,dbabu@alhabib.om
TAG2402110,2025-12-15,"2026-01-09 13:16:14",566811,CAR2600514,2026-03-12,"2026-03-12 14:11:51",94.4,General,Posted,,,dbabu@alhabib.om
TAG2402110,2025-12-15,"2026-01-09 13:16:14",566810,CPY2606050,2026-03-10,"2026-03-12 14:10:29",80,General,Posted,,,dbabu@alhabib.om
TAG2402232,2024-11-15,"2024-12-15 18:36:28",566763,CPY2606009,2026-03-01,"2026-03-12 11:13:33",162,General,Posted,,,dbabu@alhabib.om
TAG2503453,2026-02-28,"2026-02-23 15:44:38",566752,CAR2600507,2026-03-12,"2026-03-12 10:36:56",64.2,General,Posted,,,dbabu@alhabib.om
TAG2503453,2026-02-28,"2026-02-23 15:44:38",566749,CAR2600506,2026-03-12,"2026-03-12 10:35:36",125.8,General,Posted,,,dbabu@alhabib.om
TAG2402495,2025-12-31,"2026-01-09 13:12:28",566253,CAR2600486,2026-03-09,"2026-03-09 13:42:43",160,General,Posted,,,dbabu@alhabib.om
TAG2402495,2025-12-31,"2026-01-09 13:12:28",566252,CAR2600485,2026-03-09,"2026-03-09 13:41:57",27.1,General,Posted,,,dbabu@alhabib.om
TAG2101767,2021-11-30,"2021-12-29 14:33:39",565826,CAR2600472,2026-03-08,"2026-03-08 13:09:37",150,Rent,Posted,2021-02-25,2021-03-13,dbabu@alhabib.om
TAG2200357,2022-04-21,"2022-04-26 09:09:45",565825,CAR2600471,2026-03-08,"2026-03-08 13:06:16",106,General,Posted,,,dbabu@alhabib.om
TAG2200357,2022-04-21,"2022-04-26 09:09:45",565824,CAR2600470,2026-03-08,"2026-03-08 13:05:17",33,General,Posted,,,dbabu@alhabib.om
TAG2501188,2026-01-31,"2026-02-07 19:49:33",565588,CPY2604880,2026-03-01,"2026-03-08 09:59:58",500,Rent,Posted,2025-04-01,2025-05-31,salamr@alhabib.om
TAG2400462,2024-12-31,"2025-01-01 14:34:22",565452,CPY2604745,2026-03-01,"2026-03-08 09:27:33",71,Rent,Posted,2024-07-29,2024-08-16,salamr@alhabib.om
TAG2401449,2025-07-31,"2025-08-19 16:25:01",565372,CAR2600454,2026-03-05,"2026-03-05 10:36:54",69.2,General,Posted,,,dbabu@alhabib.om
TAG2401449,2025-07-31,"2025-08-19 16:25:01",565371,CAR2600453,2026-03-05,"2026-03-05 10:35:35",105.8,General,Posted,,,dbabu@alhabib.om
TAG2401449,2025-07-31,"2025-08-19 16:25:01",565370,CPY2604671,2026-03-04,"2026-03-05 10:34:05",144.8,General,Posted,,,dbabu@alhabib.om
TAG2503842,2026-01-21,"2026-01-27 09:08:37",565284,CPY2604611,2026-03-01,"2026-03-03 11:41:40",80,Rent,Posted,2025-03-30,2025-04-12,dbabu@alhabib.om
TAG2500445,2025-04-20,"2025-04-29 13:13:05",565193,CAR2600415,2026-03-02,"2026-03-02 09:07:54",31,General,Posted,,,dbabu@alhabib.om
TAG2501482,2026-02-15,"2026-02-17 17:08:26",564991,CAR2600390,2026-02-25,"2026-02-25 13:43:03",30,General,Posted,,,dbabu@alhabib.om
TAG2503849,2026-01-31,"2026-02-19 07:18:13",564937,CAR2600378,2026-02-24,"2026-02-24 10:14:53",118.3,General,Posted,,,dbabu@alhabib.om
TAG2503849,2026-01-31,"2026-02-19 07:18:13",564936,CAR2600377,2026-02-24,"2026-02-24 10:06:19",42,General,Posted,,,dbabu@alhabib.om
TAG2503849,2026-01-31,"2026-02-19 07:18:13",564935,CAR2600376,2026-02-24,"2026-02-24 10:05:31",39.7,General,Posted,,,dbabu@alhabib.om
TAG2503597,2026-01-31,"2026-01-28 21:19:53",564934,CPY2604312,2026-02-22,"2026-02-24 10:02:48",73.4,General,Posted,,,dbabu@alhabib.om
TAG2503597,2026-01-31,"2026-01-28 21:19:53",564933,CPY2604311,2026-02-22,"2026-02-24 10:01:42",11.6,General,Posted,,,dbabu@alhabib.om
TAG2503849,2026-01-31,"2026-02-19 07:18:13",564817,CPY2604200,2026-02-19,"2026-02-23 09:37:26",273,General,Posted,,,dbabu@alhabib.om
TAG2503301,2026-02-28,"2026-02-19 15:22:04",564782,CPY2604166,2026-02-19,"2026-02-22 14:33:40",50,General,Posted,,,dbabu@alhabib.om
TAG2503301,2026-02-28,"2026-02-19 15:22:04",564781,CPY2604165,2026-02-19,"2026-02-22 14:32:36",35.1,General,Posted,,,dbabu@alhabib.om
TAG2302459,2023-12-31,"2024-01-27 14:58:45",564720,CPY2604111,2026-02-16,"2026-02-19 09:49:30",65,General,Posted,,,dbabu@alhabib.om
TAG2201326,2022-08-31,"2022-10-11 08:38:43",564559,CPY2603955,2026-02-17,"2026-02-18 14:37:10",48,General,Posted,,,dbabu@alhabib.om
TAG2201326,2022-08-31,"2022-10-11 08:38:43",564558,CPY2603954,2026-02-17,"2026-02-18 14:35:04",100,General,Posted,,,dbabu@alhabib.om
TAG2200805,2022-08-31,"2022-10-11 08:38:28",564557,CPY2603953,2026-02-17,"2026-02-18 12:59:40",70,General,Posted,,,dbabu@alhabib.om
TAG2200952,2022-08-31,"2022-10-11 08:38:16",564556,CPY2603952,2026-02-17,"2026-02-18 12:57:02",50,General,Posted,,,dbabu@alhabib.om
TAG2500490,2025-06-20,"2025-08-04 11:04:52",564519,CPY2603917,2025-12-31,"2026-02-17 15:30:14",1080,Rent,Posted,2025-03-01,2025-06-20,sirajm@alhabib.om
TAG2500583,2026-02-28,"2026-02-10 20:20:51",564223,CAR2600329,2026-02-12,"2026-02-12 15:31:34",3.1,General,Posted,,,dbabu@alhabib.om
TAG2500583,2026-02-28,"2026-02-10 20:20:51",564222,CAR2600328,2026-02-12,"2026-02-12 15:30:48",3.2,General,Posted,,,dbabu@alhabib.om
TAG2501934,2026-01-31,"2026-02-02 21:38:48",563883,CAR2600318,2026-02-11,"2026-02-11 15:20:56",80,General,Posted,,,dbabu@alhabib.om
TAG2501934,2026-01-31,"2026-02-02 21:38:48",563882,CAR2600317,2026-02-11,"2026-02-11 15:19:46",17.9,General,Posted,,,dbabu@alhabib.om
TAG2501938,2025-11-30,"2026-01-28 21:12:16",563403,CAR2600302,2026-02-09,"2026-02-09 09:20:02",50,General,Posted,,,dbabu@alhabib.om
TAG2402110,2025-12-15,"2026-01-09 13:16:14",563386,CPY2602840,2026-02-04,"2026-02-09 08:57:46",165,Rent,Posted,2025-11-16,2025-12-15,salamr@alhabib.om
TAG2501927,2026-01-15,"2026-02-01 15:52:03",563303,CAR2600294,2026-02-08,"2026-02-08 11:50:44",150,General,Posted,,,dbabu@alhabib.om
TAG2501927,2026-01-15,"2026-02-01 15:52:03",563302,CAR2600293,2026-02-08,"2026-02-08 11:49:45",63,General,Posted,,,dbabu@alhabib.om
TAG2501927,2026-01-15,"2026-02-01 15:52:03",563301,CAR2600292,2026-02-08,"2026-02-08 11:49:03",50,General,Posted,,,dbabu@alhabib.om
TAG2501927,2026-01-15,"2026-02-01 15:52:03",563300,CAR2600291,2026-02-08,"2026-02-08 11:48:08",37,General,Posted,,,dbabu@alhabib.om
TAG2501927,2026-01-15,"2026-02-01 15:52:03",563299,CPY2602762,2026-02-08,"2026-02-08 11:45:52",17,General,Posted,,,dbabu@alhabib.om
TAG2501927,2026-01-15,"2026-02-01 15:52:03",563298,CPY2602761,2026-02-08,"2026-02-08 11:44:50",63.1,General,Posted,,,dbabu@alhabib.om
TAG2502992,2025-12-31,"2026-01-22 16:35:42",563297,CAR2600290,2026-02-08,"2026-02-08 11:40:40",172.2,General,Posted,,,dbabu@alhabib.om
TAG2502992,2025-12-31,"2026-01-22 16:35:42",563296,CAR2600289,2026-02-08,"2026-02-08 11:39:49",7.8,General,Posted,,,dbabu@alhabib.om
TAG2501371,2025-07-14,"2025-07-05 18:13:55",563164,CPY2602673,2026-01-31,"2026-02-05 09:32:47",377.922,Rent,Posted,2025-05-01,2025-05-14,dbabu@alhabib.om
TAG2503597,2026-01-31,"2026-01-28 21:19:53",563121,CPY2602632,2026-02-01,"2026-02-04 15:23:43",25,General,Posted,,,sirajm@alhabib.om
TAG2503597,2026-01-31,"2026-01-28 21:19:53",563120,CPY2602631,2026-02-01,"2026-02-04 15:22:14",200,Rent,Posted,2026-01-01,2026-01-31,sirajm@alhabib.om
TAG2502601,2025-12-31,"2026-01-17 10:44:58",563102,CPY2602615,2026-02-04,"2026-02-04 12:06:33",9,General,Posted,,,dbabu@alhabib.om
TAG2502601,2025-12-31,"2026-01-17 10:44:58",563101,CPY2602614,2026-02-04,"2026-02-04 12:04:12",98,General,Posted,,,dbabu@alhabib.om
TAG2502601,2025-12-31,"2026-01-17 10:44:58",563100,CAR2600272,2026-02-04,"2026-02-04 11:59:12",150,Rent,Posted,2025-12-01,2025-12-31,dbabu@alhabib.om
TAG2501506,2025-08-31,"2025-09-25 17:52:29",563085,CAR2600270,2026-02-04,"2026-02-04 10:49:04",31.3,General,Posted,,,dbabu@alhabib.om
TAG2501506,2025-08-31,"2025-09-25 17:52:29",563084,CAR2600269,2026-02-04,"2026-02-04 10:47:18",88.7,General,Posted,,,dbabu@alhabib.om
TAG2503842,2026-01-21,"2026-01-27 09:08:37",563049,CPY2602566,2026-02-04,"2026-02-04 09:46:13",760,Rent,Posted,2024-11-16,2025-03-29,dbabu@alhabib.om
TAG2500245,2025-11-30,"2025-12-14 16:11:49",562924,CPY2602443,2026-02-01,"2026-02-04 09:01:15",177,Rent,Posted,2025-11-08,2025-12-02,salamr@alhabib.om
TAG2501617,2026-01-31,"2026-02-01 15:49:12",562771,CAR2600263,2026-02-03,"2026-02-03 15:57:31",63,General,Posted,,,dbabu@alhabib.om
TAG2501617,2026-01-31,"2026-02-01 15:49:12",562770,CAR2600262,2026-02-03,"2026-02-03 15:56:04",16.6,General,Posted,,,dbabu@alhabib.om
TAG2500169,2026-01-31,"2026-01-28 21:23:00",562769,CAR2600261,2026-02-03,"2026-02-03 15:55:04",117,General,Posted,,,dbabu@alhabib.om
TAG2500169,2026-01-31,"2026-01-28 21:23:00",562768,CAR2600260,2026-02-03,"2026-02-03 15:54:05",19,General,Posted,,,dbabu@alhabib.om
TAG2503698,2026-02-14,"2026-02-01 15:56:02",562762,CAR2600257,2026-02-03,"2026-02-03 12:09:58",63,General,Posted,,,dbabu@alhabib.om
TAG2503698,2026-02-14,"2026-02-01 15:56:02",562761,CAR2600256,2026-02-03,"2026-02-03 12:09:03",9.6,General,Posted,,,dbabu@alhabib.om
TAG2501784,2026-01-31,"2026-01-28 21:23:56",562726,CAR2600249,2026-02-02,"2026-02-02 16:17:32",52.5,General,Posted,,,dbabu@alhabib.om
TAG2501784,2026-01-31,"2026-01-28 21:23:56",562725,CAR2600248,2026-02-02,"2026-02-02 16:15:44",25,General,Posted,,,dbabu@alhabib.om
TAG2501784,2026-01-31,"2026-01-28 21:23:56",562724,CAR2600247,2026-02-02,"2026-02-02 16:14:58",49.4,General,Posted,,,dbabu@alhabib.om
TAG2501784,2026-01-31,"2026-01-28 21:23:56",562723,CAR2600246,2026-02-02,"2026-02-02 16:14:03",26.1,General,Posted,,,dbabu@alhabib.om
TAG2501329,2025-05-31,"2025-06-30 19:17:55",562712,CPY2602252,2025-12-31,"2026-02-02 15:23:17",511.75,General,Posted,,,sirajm@alhabib.om
TAG2501201,2025-07-31,"2025-08-14 15:42:46",562678,CAR2600243,2026-02-02,"2026-02-02 10:52:52",53.7,General,Posted,,,dbabu@alhabib.om
TAG2402310,2025-12-31,"2026-01-09 13:16:59",562642,CPY2602200,2026-02-01,"2026-02-01 13:00:11",110,Rent,Posted,2025-09-19,2025-10-06,dbabu@alhabib.om
TAG2500115,2026-01-15,"2026-01-28 21:14:54",562638,CAR2600226,2026-02-01,"2026-02-01 12:33:33",56,General,Posted,,,dbabu@alhabib.om
TAG2500115,2026-01-15,"2026-01-28 21:14:54",562637,CAR2600225,2026-02-01,"2026-02-01 12:31:59",4.4,General,Posted,,,dbabu@alhabib.om
TAG2501174,2026-01-15,"2026-01-22 12:21:07",562529,CAR2600212,2026-01-29,"2026-01-29 11:12:11",84,General,Posted,,,dbabu@alhabib.om
TAG2501174,2026-01-15,"2026-01-22 12:21:07",562528,CAR2600211,2026-01-29,"2026-01-29 11:11:16",4,General,Posted,,,dbabu@alhabib.om
TAG2502742,2026-01-31,"2026-01-27 08:47:20",562517,CPY2602094,2026-01-28,"2026-01-28 18:57:59",75,General,Posted,,,dbabu@alhabib.om
TAG2502742,2026-01-31,"2026-01-27 08:47:20",562516,CPY2602093,2026-01-28,"2026-01-28 18:56:59",38,General,Posted,,,dbabu@alhabib.om
TAG2502742,2026-01-31,"2026-01-27 08:47:20",562515,CPY2602092,2026-01-28,"2026-01-28 18:56:04",60,General,Posted,,,dbabu@alhabib.om
TAG2101767,2021-11-30,"2021-12-29 14:33:39",562497,CAR2600208,2026-01-28,"2026-01-28 16:33:33",150,Rent,Posted,2021-02-07,2021-02-24,dbabu@alhabib.om
TAG2200357,2022-04-21,"2022-04-26 09:09:45",562496,CAR2600207,2026-01-28,"2026-01-28 16:31:52",150,General,Posted,,,dbabu@alhabib.om
TAG1700229,2017-01-01,"2008-03-31 00:00:00",562475,CPY2602054,2026-01-27,"2026-01-28 15:17:01",388.733,Rent,Posted,2018-06-07,2018-07-09,salamr@alhabib.om
TAG2400462,2024-12-31,"2025-01-01 14:34:22",562472,CPY2602051,2026-01-27,"2026-01-28 15:16:16",71,Rent,Posted,2024-07-10,2024-07-28,salamr@alhabib.om
TAG2402338,2025-12-31,"2026-01-20 08:13:56",562419,CAR2600205,2026-01-27,"2026-01-27 17:29:38",225,Rent,Posted,2025-12-01,2025-12-31,sirajm@alhabib.om
TAG2502318,2026-01-15,"2026-01-22 12:19:29",562417,CAR2600203,2026-01-27,"2026-01-27 16:55:03",40,General,Posted,,,dbabu@alhabib.om
TAG2502318,2026-01-15,"2026-01-22 12:19:29",562416,CAR2600202,2026-01-27,"2026-01-27 16:54:19",65,General,Posted,,,dbabu@alhabib.om
TAG2502318,2026-01-15,"2026-01-22 12:19:29",562415,CAR2600201,2026-01-27,"2026-01-27 16:53:23",31.9,General,Posted,,,dbabu@alhabib.om
TAG2502887,2026-01-31,"2025-11-18 08:56:42",562390,CPY2601975,2026-01-25,"2026-01-27 16:22:16",160,Rent,Posted,2026-01-01,2026-01-31,salamr@alhabib.om
TAG2402415,2025-12-31,"2026-01-22 12:18:07",562317,CAR2600190,2026-01-27,"2026-01-27 09:41:26",86.6,General,Posted,,,dbabu@alhabib.om
TAG2402415,2025-12-31,"2026-01-22 12:18:07",562316,CAR2600189,2026-01-27,"2026-01-27 09:39:35",144.5,General,Posted,,,dbabu@alhabib.om
TAG2502729,2025-09-30,"2025-10-08 07:28:50",562306,CPY2601904,2025-12-31,"2026-01-26 16:25:23",450,Rent,Posted,2025-07-01,2025-09-30,sirajm@alhabib.om
TAG2502003,2026-01-31,"2026-01-22 12:19:15",562302,CAR2600187,2026-01-26,"2026-01-26 16:15:34",5.4,General,Posted,,,dbabu@alhabib.om
TAG2502418,2025-11-09,"2025-12-24 10:24:14",561844,CAR2600173,2026-01-25,"2026-01-25 09:48:22",290,Rent,Posted,2025-10-10,2025-11-09,dbabu@alhabib.om
TAG2502992,2025-12-31,"2026-01-22 16:35:42",561834,CPY2601450,2026-01-22,"2026-01-22 18:48:12",540,Rent,Posted,2025-10-01,2025-12-31,dbabu@alhabib.om
TAG2302459,2023-12-31,"2024-01-27 14:58:45",561801,CPY2601418,2026-01-12,"2026-01-22 16:19:29",65,General,Posted,,,salamr@alhabib.om
TAG2501566,2025-12-31,"2025-12-29 22:52:03",561438,CAR2600164,2026-01-21,"2026-01-21 15:44:34",63,General,Posted,,,dbabu@alhabib.om
TAG2501566,2025-12-31,"2025-12-29 22:52:03",561437,CAR2600163,2026-01-21,"2026-01-21 15:43:39",2.1,General,Posted,,,dbabu@alhabib.om
TAG2503359,2026-01-10,"2026-01-17 10:46:28",561436,CAR2600162,2026-01-21,"2026-01-21 14:53:09",5,General,Posted,,,dbabu@alhabib.om
TAG2503359,2026-01-10,"2026-01-17 10:46:28",561435,CAR2600161,2026-01-21,"2026-01-21 14:52:16",73.5,General,Posted,,,dbabu@alhabib.om
TAG2503359,2026-01-10,"2026-01-17 10:46:28",561434,CAR2600160,2026-01-21,"2026-01-21 14:51:18",1.5,General,Posted,,,dbabu@alhabib.om
TAG2502418,2025-11-09,"2025-12-24 10:24:14",561426,CPY2601052,2026-01-12,"2026-01-21 11:33:46",60,General,Posted,,,dbabu@alhabib.om
TAG2502418,2025-11-09,"2025-12-24 10:24:14",561425,CPY2601051,2026-01-12,"2026-01-21 11:32:52",59.5,General,Posted,,,dbabu@alhabib.om
TAG2502418,2025-11-09,"2025-12-24 10:24:14",561424,CPY2601050,2026-01-12,"2026-01-21 11:31:59",26,General,Posted,,,dbabu@alhabib.om
TAG2500363,2025-12-31,"2026-01-09 12:45:07",561423,CPY2601049,2026-01-11,"2026-01-21 11:26:00",25,General,Posted,,,dbabu@alhabib.om
TAG2500363,2025-12-31,"2026-01-09 12:45:07",561422,CPY2601048,2026-01-11,"2026-01-21 11:23:39",52.5,General,Posted,,,dbabu@alhabib.om
TAG2500363,2025-12-31,"2026-01-09 12:45:07",561421,CPY2601047,2026-01-11,"2026-01-21 11:22:25",4.5,General,Posted,,,dbabu@alhabib.om
TAG2402310,2025-12-31,"2026-01-09 13:16:59",561420,CAR2600159,2026-01-21,"2026-01-21 11:08:14",185.5,General,Posted,,,dbabu@alhabib.om
TAG2402310,2025-12-31,"2026-01-09 13:16:59",561419,CPY2601046,2026-01-18,"2026-01-21 11:06:53",50,General,Posted,,,dbabu@alhabib.om
TAG2402310,2025-12-31,"2026-01-09 13:16:59",561418,CPY2601045,2026-01-11,"2026-01-21 11:04:50",40,General,Posted,,,dbabu@alhabib.om
TAG2502854,2025-12-31,"2026-01-09 13:14:26",561404,CPY2601034,2026-01-20,"2026-01-20 12:54:07",100,General,Posted,,,dbabu@alhabib.om
TAG2500090,2025-01-07,"2025-01-28 12:41:04",561403,CPY2601033,2025-12-31,"2026-01-20 11:58:52",176.598,General,Posted,,,dbabu@alhabib.om
TAG2500090,2025-01-07,"2025-01-28 12:41:04",561402,CAR2600155,2026-01-20,"2026-01-20 11:55:11",112,Rent,Posted,2024-12-16,2025-01-07,dbabu@alhabib.om
TAG2500179,2026-01-31,"2026-01-19 14:59:14",561322,CPY2600961,2026-01-07,"2026-01-19 16:28:52",150,Rent,Posted,2026-01-01,2026-01-31,salamr@alhabib.om
TAG2501108,2025-04-30,"2025-05-02 12:07:04",560859,CPY2600510,2026-01-12,"2026-01-17 12:57:06",235,Rent,Posted,2025-04-01,2025-04-30,dbabu@alhabib.om
TAG2501610,2025-11-30,"2025-12-24 11:53:05",560843,CPY2600494,2026-01-11,"2026-01-17 12:08:54",400,Rent,Posted,2025-10-01,2025-11-30,dbabu@alhabib.om
TAG1700142,2017-06-22,"2017-06-22 00:00:00",560647,CPY2600298,2026-01-01,"2026-01-14 17:40:20",250,Rent,Posted,2017-06-02,2017-06-22,dbabu@alhabib.om
TAG2502863,2026-01-31,"2025-11-30 12:24:59",560345,CPY2600009,2026-01-01,"2026-01-14 12:59:04",150,Rent,Posted,2026-01-01,2026-01-31,dbabu@alhabib.om
TAG2402131,2025-11-30,"2026-01-14 11:31:40",560332,CAR2600110,2026-01-14,"2026-01-14 11:53:23",150,General,Posted,,,dbabu@alhabib.om
TAG2500030,2025-12-31,"2026-01-09 13:10:36",560330,CPY2600006,2026-01-04,"2026-01-14 11:16:35",58.1,General,Posted,,,dbabu@alhabib.om
TAG2500030,2025-12-31,"2026-01-09 13:10:36",560329,CPY2600005,2026-01-04,"2026-01-14 11:15:33",19.9,General,Posted,,,dbabu@alhabib.om
TAG2402295,2025-11-30,"2025-12-04 08:42:14",560306,CAR2600097,2026-01-12,"2026-01-12 10:41:42",16.5,General,Posted,,,dbabu@alhabib.om
TAG2503137,2025-10-31,"2025-11-26 10:36:04",560292,CAR2600090,2026-01-11,"2026-01-11 10:42:09",160,Rent,Posted,2025-10-01,2025-10-31,dbabu@alhabib.om
TAG2500629,2025-09-30,"2025-10-06 10:49:08",560285,CPY2527439,2025-12-31,"2026-01-10 15:46:16",320,Rent,Posted,2025-09-01,2025-09-30,sirajm@alhabib.om
TAG2201111,2023-06-22,"2023-07-01 18:03:35",560284,CPY2527438,2025-12-31,"2026-01-10 15:36:44",606,Rent,Posted,2022-08-23,2023-06-22,sirajm@alhabib.om
TAG2201112,2022-07-31,"2022-08-14 08:14:23",560283,CPY2527437,2025-12-31,"2026-01-10 15:35:12",51,Rent,Posted,2022-07-23,2022-07-31,sirajm@alhabib.om
TAG2501185,2025-05-31,"2025-06-30 08:47:11",560282,CAR2600083,2025-12-31,"2026-01-08 17:27:29",217,Rent,Posted,2025-05-01,2025-05-19,dbabu@alhabib.om
TAG2501185,2025-05-31,"2025-06-30 08:47:11",560281,CAR2600082,2025-12-31,"2026-01-08 17:24:45",133,General,Posted,,,dbabu@alhabib.om
TAG2500798,2025-10-31,"2025-11-06 18:12:18",560276,CAR2600077,2025-12-31,"2026-01-08 15:45:14",52.5,General,Posted,,,dbabu@alhabib.om
TAG2500798,2025-10-31,"2025-11-06 18:12:18",560275,CAR2600076,2025-12-31,"2026-01-08 15:43:17",9.9,General,Posted,,,dbabu@alhabib.om
TAG2201543,2022-10-15,"2022-11-15 10:11:58",560266,CAR2600068,2026-01-08,"2026-01-08 09:08:58",250,General,Posted,,,dbabu@alhabib.om
TAG2402295,2025-11-30,"2025-12-04 08:42:14",560251,CPY2527430,2025-12-31,"2026-01-07 08:36:32",400,Deposit,Posted,,,dbabu@alhabib.om
TAG2500254,2025-12-31,"2025-12-29 22:49:32",560241,CAR2600051,2026-01-06,"2026-01-06 11:43:44",20,General,Posted,,,dbabu@alhabib.om
TAG2500254,2025-12-31,"2025-12-29 22:49:32",560240,CAR2600050,2026-01-06,"2026-01-06 11:42:49",18.1,General,Posted,,,dbabu@alhabib.om
TAG1902139,2020-06-30,"2020-06-30 00:00:00",560217,CPY2527424,2025-12-31,"2026-01-05 11:14:17",33,Rent,Posted,2020-07-01,2020-07-31,sirajm@alhabib.om
TAG2200357,2022-04-21,"2022-04-26 09:09:45",560190,CAR2600012,2026-01-01,"2026-01-01 16:55:58",300,General,Posted,,,dbabu@alhabib.om
TAG2500245,2025-11-30,"2025-12-14 16:11:49",560171,CPY2527403,2025-12-31,"2026-01-01 12:55:29",177,Rent,Posted,2025-10-14,2025-11-07,salamr@alhabib.om
TAG2301531,2023-07-31,"2023-08-25 20:57:54",560135,CPY2527372,2025-12-01,"2025-12-31 18:13:51",100,General,Posted,,,dbabu@alhabib.om
TAG2301531,2023-07-31,"2023-08-25 20:57:54",560134,CPY2527371,2025-12-01,"2025-12-31 18:12:37",120,General,Posted,,,dbabu@alhabib.om
TAG2400386,2024-06-14,"2024-07-22 21:01:01",560117,CAR2502859,2025-12-31,"2025-12-31 14:38:18",450,Rent,Posted,2024-03-15,2024-06-14,dbabu@alhabib.om
TAG1700229,2017-01-01,"2008-03-31 00:00:00",559972,CPY2527237,2025-12-28,"2025-12-30 10:50:42",500,Rent,Posted,2018-04-25,2018-06-06,salamr@alhabib.om
TAG2400462,2024-12-31,"2025-01-01 14:34:22",559967,CPY2527232,2025-12-28,"2025-12-30 10:49:23",71,Rent,Posted,2024-06-21,2024-07-09,salamr@alhabib.om
TAG2502887,2026-01-31,"2025-11-18 08:56:42",559918,CPY2527185,2025-12-25,"2025-12-29 14:05:44",160,Rent,Posted,2025-12-01,2025-12-31,salamr@alhabib.om
TAG1700142,2017-06-22,"2017-06-22 00:00:00",559871,CAR2502833,2025-12-29,"2025-12-29 10:14:29",357,Rent,Posted,2017-05-01,2017-06-01,dbabu@alhabib.om
TAG2401556,2025-08-31,"2025-09-08 17:50:56",559823,CPY2527107,2025-11-30,"2025-12-26 16:22:48",2240,Rent,Posted,2025-01-01,2025-03-31,sirajm@alhabib.om
TAG2400297,2024-11-30,"2024-12-19 08:43:18",559822,CAR2502818,2025-12-25,"2025-12-25 17:29:28",230,General,Posted,,,dbabu@alhabib.om
TAG2400297,2024-11-30,"2024-12-19 08:43:18",559821,CAR2502817,2025-12-25,"2025-12-25 17:28:28",165.1,General,Posted,,,dbabu@alhabib.om
TAG2400297,2024-11-30,"2024-12-19 08:43:18",559820,CAR2502816,2025-12-25,"2025-12-25 17:27:36",654.9,Rent,Posted,2024-11-11,2024-11-30,dbabu@alhabib.om
TAG2400297,2024-11-30,"2024-12-19 08:43:18",559819,CPY2527106,2025-11-30,"2025-12-25 17:20:08",2195.1,Rent,Posted,2024-09-01,2024-11-10,sirajm@alhabib.om
TAG2302459,2023-12-31,"2024-01-27 14:58:45",559623,CPY2526927,2025-12-18,"2025-12-23 10:57:35",65,General,Posted,,,salamr@alhabib.om
TAG2500810,2025-07-31,"2025-08-14 15:49:54",559566,CAR2502795,2025-12-22,"2025-12-22 11:57:42",66,Rent,Posted,2025-04-29,2025-05-04,dbabu@alhabib.om
TAG2500810,2025-07-31,"2025-08-14 15:49:54",559565,CAR2502794,2025-12-22,"2025-12-22 11:46:24",274,General,Posted,,,dbabu@alhabib.om
TAG2501156,2025-04-30,"2025-05-02 12:10:51",559564,CPY2526873,2025-12-01,"2025-12-22 11:16:21",250,Rent,Posted,2025-03-20,2025-04-30,dbabu@alhabib.om
TAG1803850,2019-06-30,"2008-03-31 00:00:00",559547,CAR2502792,2025-12-21,"2025-12-21 15:40:09",150,Rent,Posted,2018-12-27,2019-01-06,dbabu@alhabib.om
TAG2402458,2025-11-15,"2025-11-23 09:53:04",559540,CAR2502791,2025-12-21,"2025-12-21 11:52:18",45,General,Posted,,,dbabu@alhabib.om
TAG2402458,2025-11-15,"2025-11-23 09:53:04",559539,CAR2502790,2025-12-21,"2025-12-21 11:51:28",105,General,Posted,,,dbabu@alhabib.om
TAG2500810,2025-07-31,"2025-08-14 15:49:54",559537,CPY2526850,2025-12-04,"2025-12-21 11:41:27",1000,Rent,Posted,2025-02-01,2025-04-28,dbabu@alhabib.om
TAG2500245,2025-11-30,"2025-12-14 16:11:49",559296,CAR2502774,2025-12-16,"2025-12-16 16:40:23",96,Rent,Posted,2025-10-01,2025-10-13,dbabu@alhabib.om
TAG2500245,2025-11-30,"2025-12-14 16:11:49",559295,CAR2502773,2025-12-16,"2025-12-16 16:39:26",84,General,Posted,,,dbabu@alhabib.om
TAG2500245,2025-11-30,"2025-12-14 16:11:49",559294,CAR2502772,2025-12-16,"2025-12-16 16:38:36",20,General,Posted,,,dbabu@alhabib.om
TAG2500245,2025-11-30,"2025-12-14 16:11:49",559293,CAR2502771,2025-12-16,"2025-12-16 16:37:28",25,General,Posted,,,dbabu@alhabib.om
TAG2200405,2022-02-28,"2022-03-16 07:46:29",559225,CPY2526563,2025-12-15,"2025-12-16 15:14:59",300,Rent,Posted,2021-08-23,2021-09-10,salamr@alhabib.om
TAG2501699,2025-08-19,"2025-09-19 06:24:31",559116,CAR2502761,2025-12-16,"2025-12-16 10:35:56",50,General,Posted,,,dbabu@alhabib.om
TAG2501699,2025-08-19,"2025-09-19 06:24:31",559115,CAR2502760,2025-12-16,"2025-12-16 10:35:11",73.5,General,Posted,,,dbabu@alhabib.om
TAG2501699,2025-08-19,"2025-09-19 06:24:31",559114,CAR2502759,2025-12-16,"2025-12-16 10:34:12",9.6,General,Posted,,,dbabu@alhabib.om
TAG2501699,2025-08-19,"2025-09-19 06:24:31",559113,CAR2502758,2025-12-16,"2025-12-16 10:33:20",102.4,General,Posted,,,dbabu@alhabib.om
TAG2302761,2024-02-29,"2024-02-25 21:21:20",559029,CAR2502753,2025-12-15,"2025-12-15 14:50:59",150,Rent,Posted,2024-02-01,2024-02-29,dbabu@alhabib.om
TAG2501039,2025-10-14,"2025-11-23 10:02:48",558962,CAR2502738,2025-12-14,"2025-12-14 16:09:44",63,General,Posted,,,dbabu@alhabib.om
TAG2501039,2025-10-14,"2025-11-23 10:02:48",558961,CAR2502737,2025-12-14,"2025-12-14 16:08:48",190.2,General,Posted,,,dbabu@alhabib.om
TAG2502233,2025-08-31,"2025-09-19 06:26:02",558636,CAR2502724,2025-12-11,"2025-12-11 16:54:26",200,Rent,Posted,2025-08-01,2025-08-31,dbabu@alhabib.om
TAG2502233,2025-08-31,"2025-09-19 06:26:02",558635,CAR2502723,2025-12-11,"2025-12-11 16:49:58",130,General,Posted,,,dbabu@alhabib.om
TAG2502233,2025-08-31,"2025-09-19 06:26:02",558634,CAR2502722,2025-12-11,"2025-12-11 16:49:01",25,General,Posted,,,dbabu@alhabib.om
TAG2101767,2021-11-30,"2021-12-29 14:33:39",558607,CAR2502715,2025-12-10,"2025-12-10 17:25:25",300,Rent,Posted,2021-01-01,2021-02-06,sirajm@alhabib.om
TAG2502671,2025-10-31,"2025-11-18 08:55:55",558055,CAR2502696,2025-12-08,"2025-12-08 15:28:02",42,General,Posted,,,sirajm@alhabib.om
TAG2502671,2025-10-31,"2025-11-18 08:55:55",558054,CAR2502695,2025-12-08,"2025-12-08 15:26:52",6.5,General,Posted,,,sirajm@alhabib.om
TAG2502888,2025-10-14,"2025-11-19 16:49:24",557948,CPY2525360,2025-12-07,"2025-12-07 18:27:18",180,Rent,Posted,2025-09-15,2025-10-14,sirajm@alhabib.om
TAG2502314,2025-10-15,"2025-11-10 09:05:45",557611,CAR2502671,2025-12-04,"2025-12-04 09:42:33",36,General,Posted,,,sirajm@alhabib.om
TAG2502314,2025-10-15,"2025-11-10 09:05:45",557610,CAR2502670,2025-12-04,"2025-12-04 09:40:21",16.8,General,Posted,,,sirajm@alhabib.om
TAG2502314,2025-10-15,"2025-11-10 09:05:45",557609,CAR2502669,2025-12-04,"2025-12-04 09:38:27",50,General,Posted,,,sirajm@alhabib.om
TAG2501721,2025-10-25,"2025-11-23 09:54:48",557605,CAR2502665,2025-12-04,"2025-12-04 09:21:14",3,General,Posted,,,sirajm@alhabib.om
TAG2501721,2025-10-25,"2025-11-23 09:54:48",557604,CAR2502664,2025-12-04,"2025-12-04 09:20:13",41.55,General,Posted,,,sirajm@alhabib.om
TAG2501361,2025-11-30,"2025-11-26 10:33:39",557565,CAR2502655,2025-12-03,"2025-12-03 12:42:08",84,General,Posted,,,sirajm@alhabib.om
TAG2502863,2026-01-31,"2025-11-30 12:24:59",557528,CPY2524988,2025-12-02,"2025-12-02 14:31:53",150,Rent,Posted,2025-12-01,2025-12-31,sirajm@alhabib.om
TAG2302459,2023-12-31,"2024-01-27 14:58:45",557460,CPY2524932,2025-11-30,"2025-12-01 16:12:38",65,General,Posted,,,sirajm@alhabib.om
TAG1700229,2017-01-01,"2008-03-31 00:00:00",557382,CPY2524856,2025-11-30,"2025-12-01 14:59:22",500,Rent,Posted,2018-03-12,2018-04-24,salamr@alhabib.om
TAG2400462,2024-12-31,"2025-01-01 14:34:22",557375,CPY2524849,2025-11-30,"2025-12-01 14:57:21",71,Rent,Posted,2024-06-02,2024-06-20,salamr@alhabib.om
TAG2502887,2026-01-31,"2025-11-18 08:56:42",557279,CPY2524762,2025-11-25,"2025-11-30 14:56:52",160,Rent,Posted,2025-11-01,2025-11-30,salamr@alhabib.om
TAG2200405,2022-02-28,"2022-03-16 07:46:29",557221,CPY2524708,2025-11-23,"2025-11-30 10:27:47",300,Rent,Posted,2021-08-04,2021-08-22,salamr@alhabib.om
TAG2200405,2022-02-28,"2022-03-16 07:46:29",557220,CPY2524707,2025-11-23,"2025-11-30 10:27:35",300,Rent,Posted,2021-07-16,2021-08-03,salamr@alhabib.om
TAG2302459,2023-12-31,"2024-01-27 14:58:45",557199,CPY2524687,2025-11-01,"2025-11-29 11:19:18",65,General,Posted,,,sirajm@alhabib.om
TAG2502335,2025-10-31,"2025-11-19 11:28:44",557130,CAR2502605,2025-11-25,"2025-11-25 10:10:05",130,Rent,Posted,2025-10-01,2025-10-31,dbabu@alhabib.om
TAG2500322,2025-10-31,"2025-11-23 09:59:26",557116,CAR2502603,2025-11-24,"2025-11-24 15:35:53",12.5,General,Posted,,,dbabu@alhabib.om
TAG2500322,2025-10-31,"2025-11-23 09:59:26",557115,CAR2502602,2025-11-24,"2025-11-24 15:34:45",26.25,General,Posted,,,dbabu@alhabib.om
TAG2500322,2025-10-31,"2025-11-23 09:59:26",557114,CAR2502601,2025-11-24,"2025-11-24 15:33:33",2,General,Posted,,,dbabu@alhabib.om
TAG2500322,2025-10-31,"2025-11-23 09:59:26",557113,CAR2502600,2025-11-24,"2025-11-24 15:31:48",12.6,General,Posted,,,dbabu@alhabib.om
TAG2400051,2025-03-15,"2025-03-18 15:18:53",557010,CAR2502586,2025-11-23,"2025-11-23 10:47:30",10,General,Posted,,,sirajm@alhabib.om
TAG2401904,2025-11-15,"2025-11-18 08:56:16",556977,CAR2502581,2025-11-20,"2025-11-20 09:37:18",90.7,General,Posted,,,dbabu@alhabib.om
TAG2401904,2025-11-15,"2025-11-18 08:56:16",556976,CAR2502580,2025-11-20,"2025-11-20 09:36:15",3.6,General,Posted,,,dbabu@alhabib.om
TAG2402510,2025-10-15,"2025-10-14 11:50:06",556945,CPY2524470,2025-11-01,"2025-11-19 16:50:35",10.75,General,Posted,,,dbabu@alhabib.om
TAG2402510,2025-10-15,"2025-10-14 11:50:06",556944,CPY2524469,2025-11-01,"2025-11-19 16:49:01",45,General,Posted,,,dbabu@alhabib.om
TAG2402510,2025-10-15,"2025-10-14 11:50:06",556943,CPY2524468,2025-11-01,"2025-11-19 16:48:09",15,General,Posted,,,dbabu@alhabib.om
TAG2402510,2025-10-15,"2025-10-14 11:50:06",556942,CPY2524467,2025-11-01,"2025-11-19 16:47:11",28.4,General,Posted,,,dbabu@alhabib.om
TAG2402510,2025-10-15,"2025-10-14 11:50:06",556941,CAR2502577,2025-11-19,"2025-11-19 16:45:41",150,Rent,Posted,2025-09-16,2025-10-15,dbabu@alhabib.om
TAG2401324,2025-08-31,"2025-11-06 13:09:51",556871,CAR2502572,2025-11-18,"2025-11-18 15:45:39",200,Rent,Posted,2025-08-01,2025-08-31,dbabu@alhabib.om
TAG2401324,2025-08-31,"2025-11-06 13:09:51",556870,CAR2502571,2025-11-18,"2025-11-18 15:45:13",200,Rent,Posted,2025-07-01,2025-07-31,dbabu@alhabib.om
TAG2401324,2025-08-31,"2025-11-06 13:09:51",556869,CAR2502570,2025-11-18,"2025-11-18 15:44:51",200,Rent,Posted,2025-06-01,2025-06-30,dbabu@alhabib.om
TAG2502887,2026-01-31,"2025-11-18 08:56:42",556755,CPY2524293,2025-11-16,"2025-11-18 11:27:22",160,Rent,Posted,2025-10-01,2025-10-31,salamr@alhabib.om
TAG2402083,2024-12-31,"2025-01-28 12:41:21",556691,CPY2524229,2025-11-16,"2025-11-18 11:14:28",150,Rent,Posted,2024-12-01,2024-12-31,salamr@alhabib.om
TAG2501621,2025-09-30,"2025-10-08 07:29:06",556534,CPY2524080,2025-11-12,"2025-11-16 15:48:01",35.2,General,Posted,,,dbabu@alhabib.om
TAG2401913,2025-10-31,"2025-11-06 13:10:28",556486,CAR2502543,2025-11-13,"2025-11-13 16:05:56",105,General,Posted,,,dbabu@alhabib.om
TAG2401883,2024-10-31,"2025-11-06 11:58:36",556040,CPY2523614,2025-11-09,"2025-11-12 09:09:39",400,Rent,Posted,2024-10-01,2024-10-31,salamr@alhabib.om
TAG2201543,2022-10-15,"2022-11-15 10:11:58",555918,CPY2523498,2025-11-09,"2025-11-10 12:10:50",250,General,Posted,,,dbabu@alhabib.om
TAG2502075,2025-09-24,"2025-10-08 07:28:22",555474,CAR2502487,2025-11-06,"2025-11-06 11:41:13",63,General,Posted,,,dbabu@alhabib.om
TAG2502075,2025-09-24,"2025-10-08 07:28:22",555473,CAR2502486,2025-11-06,"2025-11-06 11:40:20",41.6,General,Posted,,,dbabu@alhabib.om
TAG2502663,2025-10-31,"2025-10-30 08:32:42",555076,CAR2502460,2025-11-04,"2025-11-04 12:39:34",84,General,Posted,,,dbabu@alhabib.om
TAG2502663,2025-10-31,"2025-10-30 08:32:42",555075,CAR2502459,2025-11-04,"2025-11-04 12:38:39",12.6,General,Posted,,,dbabu@alhabib.om
TAG2200357,2022-04-21,"2022-04-26 09:09:45",554974,CAR2502441,2025-11-02,"2025-11-02 17:20:54",139,Rent,Posted,2022-04-01,2022-04-21,dbabu@alhabib.om
TAG2500101,2025-02-15,"2025-03-10 17:54:41",554964,CAR2502439,2025-11-02,"2025-11-02 16:21:52",190,General,Posted,,,dbabu@alhabib.om
TAG2500101,2025-02-15,"2025-03-10 17:54:41",554963,CAR2502438,2025-11-02,"2025-11-02 16:19:23",35,General,Posted,,,dbabu@alhabib.om
TAG2502851,2025-10-31,"2025-10-27 11:04:53",554912,CPY2522577,2025-10-28,"2025-11-02 14:54:03",143,Rent,Posted,2025-10-06,2025-10-31,salamr@alhabib.om
TAG2502850,2025-10-31,"2025-10-27 11:05:07",554913,CPY2522578,2025-10-28,"2025-11-02 14:54:03",143,Rent,Posted,2025-10-06,2025-10-31,salamr@alhabib.om
TAG2501703,2025-09-30,"2025-10-21 07:55:53",554861,CPY2522530,2025-10-21,"2025-10-31 10:20:46",92.9,General,Posted,,,sirajm@alhabib.om
TAG2501702,2025-09-30,"2025-10-21 07:55:38",554860,CPY2522529,2025-10-21,"2025-10-31 10:19:28",334.7,General,Posted,,,sirajm@alhabib.om
TAG1803850,2019-06-30,"2008-03-31 00:00:00",554819,CAR2502429,2025-10-30,"2025-10-30 14:18:41",150,Rent,Posted,2018-12-16,2018-12-26,dbabu@alhabib.om
TAG2502076,2025-09-15,"2025-10-05 16:25:07",554814,CPY2522488,2025-10-01,"2025-10-30 12:26:00",125,Rent,Posted,2025-09-01,2025-09-15,dbabu@alhabib.om
TAG2401795,2025-10-31,"2025-10-28 08:01:11",554793,CAR2502422,2025-10-30,"2025-10-30 08:20:06",67.75,General,Posted,,,dbabu@alhabib.om
TAG2401795,2025-10-31,"2025-10-28 08:01:11",554792,CAR2502421,2025-10-30,"2025-10-30 08:18:12",12.55,General,Posted,,,dbabu@alhabib.om
TAG2500677,2025-10-09,"2025-10-21 07:56:50",554767,CAR2502420,2025-10-29,"2025-10-29 16:45:39",31.5,General,Posted,,,dbabu@alhabib.om
TAG2500677,2025-10-09,"2025-10-21 07:56:50",554765,CAR2502419,2025-10-29,"2025-10-29 16:41:33",14.7,General,Posted,,,dbabu@alhabib.om
TAG2500677,2025-10-09,"2025-10-21 07:56:50",554759,CPY2522443,2025-09-30,"2025-10-29 16:12:22",320,Rent,Posted,2025-09-10,2025-10-09,sirajm@alhabib.om
TAG2400462,2024-12-31,"2025-01-01 14:34:22",554707,CPY2522397,2025-10-27,"2025-10-28 15:36:46",71,Rent,Posted,2024-05-14,2024-06-01,salamr@alhabib.om
TAG1700229,2017-01-01,"2008-03-31 00:00:00",554674,CPY2522365,2025-10-27,"2025-10-28 15:17:33",500,Rent,Posted,2018-01-27,2018-03-11,salamr@alhabib.om
TAG2502489,2025-09-30,"2025-10-01 08:20:51",554543,CAR2502393,2025-10-27,"2025-10-27 10:21:48",250,Rent,Posted,2025-09-01,2025-09-30,dbabu@alhabib.om
TAG2500731,2025-06-30,"2025-07-15 07:43:38",554478,CAR2502382,2025-10-23,"2025-10-23 16:39:25",97,General,Posted,,,sirajm@alhabib.om
TAG2500731,2025-06-30,"2025-07-15 07:43:38",554477,CAR2502381,2025-10-23,"2025-10-23 16:37:37",113,General,Posted,,,sirajm@alhabib.om
TAG2502350,2025-09-05,"2025-09-19 06:27:50",554476,CAR2502380,2025-10-23,"2025-10-23 16:27:48",120,Rent,Posted,2025-08-06,2025-09-05,sirajm@alhabib.om
TAG2501766,2025-09-30,"2025-10-21 07:59:25",554475,CAR2502379,2025-10-23,"2025-10-23 16:18:41",84.7,General,Posted,,,sirajm@alhabib.om
TAG2501766,2025-09-30,"2025-10-21 07:59:25",554474,CAR2502378,2025-10-23,"2025-10-23 16:17:04",35.3,General,Posted,,,sirajm@alhabib.om
TAG2502373,2025-09-30,"2025-10-21 07:56:28",554473,CPY2522198,2025-10-23,"2025-10-23 16:11:04",60,General,Posted,,,sirajm@alhabib.om
TAG2502373,2025-09-30,"2025-10-21 07:56:28",554472,CAR2502377,2025-10-23,"2025-10-23 16:09:40",10,General,Posted,,,sirajm@alhabib.om
TAG2502373,2025-09-30,"2025-10-21 07:56:28",554471,CAR2502376,2025-10-23,"2025-10-23 16:08:31",140,General,Posted,,,sirajm@alhabib.om
TAG2501183,2025-09-30,"2025-09-27 09:15:24",554438,CAR2502367,2025-10-23,"2025-10-23 10:25:01",101,General,Posted,,,sirajm@alhabib.om
TAG2501183,2025-09-30,"2025-09-27 09:15:24",554437,CAR2502366,2025-10-23,"2025-10-23 10:23:51",58.4,General,Posted,,,sirajm@alhabib.om
TAG2200405,2022-02-28,"2022-03-16 07:46:29",554093,CPY2521845,2025-10-15,"2025-10-21 09:14:45",300,Rent,Posted,2021-06-27,2021-07-15,salamr@alhabib.om
TAG2501366,2025-10-15,"2025-10-14 11:50:18",553966,CAR2502336,2025-10-19,"2025-10-19 08:51:12",42,General,Posted,,,sirajm@alhabib.om
TAG2501366,2025-10-15,"2025-10-14 11:50:18",553965,CAR2502335,2025-10-19,"2025-10-19 08:50:06",76.5,General,Posted,,,sirajm@alhabib.om
TAG2401556,2025-08-31,"2025-09-08 17:50:56",553950,CPY2521719,2025-10-15,"2025-10-16 16:30:34",38.6,General,Posted,,,sirajm@alhabib.om
TAG2401556,2025-08-31,"2025-09-08 17:50:56",553949,CPY2521718,2025-10-15,"2025-10-16 16:28:42",94.5,General,Posted,,,sirajm@alhabib.om
TAG2401333,2025-08-31,"2025-09-08 17:52:10",553947,CPY2521716,2025-10-16,"2025-10-16 16:20:53",127.7,General,Posted,,,sirajm@alhabib.om
TAG2401333,2025-08-31,"2025-09-08 17:52:10",553946,CAR2502333,2025-10-16,"2025-10-16 16:19:20",7.3,General,Posted,,,sirajm@alhabib.om
TAG2401333,2025-08-31,"2025-09-08 17:52:10",553945,CAR2502332,2025-10-16,"2025-10-16 16:17:25",192.7,General,Posted,,,sirajm@alhabib.om
TAG2501816,2025-10-10,"2025-10-12 10:18:30",553943,CAR2502330,2025-10-16,"2025-10-16 15:57:18",99.75,General,Posted,,,sirajm@alhabib.om
TAG2400525,2024-06-30,"2024-07-15 18:59:59",553909,CPY2521689,2025-10-15,"2025-10-15 19:00:22",100,General,Posted,,,sirajm@alhabib.om
TAG2500401,2025-09-30,"2025-10-14 11:52:46",553902,CPY2521683,2025-10-15,"2025-10-15 15:35:29",7.2,General,Posted,,,sirajm@alhabib.om
TAG2500401,2025-09-30,"2025-10-14 11:52:46",553901,CPY2521682,2025-10-15,"2025-10-15 15:34:23",50,General,Posted,,,sirajm@alhabib.om
TAG2500401,2025-09-30,"2025-10-14 11:52:46",553899,CAR2502320,2025-10-15,"2025-10-15 15:27:11",38,General,Posted,,,sirajm@alhabib.om
TAG2500401,2025-09-30,"2025-10-14 11:52:46",553898,CAR2502319,2025-10-15,"2025-10-15 15:26:15",102,General,Posted,,,sirajm@alhabib.om
TAG2402243,2025-09-30,"2025-09-30 12:37:03",553889,CPY2521681,2025-09-29,"2025-10-15 09:11:01",250,Rent,Posted,2025-09-02,2025-10-01,sirajm@alhabib.om
TAG2501026,2025-10-15,"2025-10-14 11:51:45",553562,CAR2502309,2025-10-14,"2025-10-14 12:47:48",75,General,Posted,,,sirajm@alhabib.om
TAG2501026,2025-10-15,"2025-10-14 11:51:45",553561,CAR2502308,2025-10-14,"2025-10-14 12:46:51",31.5,General,Posted,,,sirajm@alhabib.om
TAG2501026,2025-10-15,"2025-10-14 11:51:45",553560,CAR2502307,2025-10-14,"2025-10-14 12:45:52",16.8,General,Posted,,,sirajm@alhabib.om
TAG2501026,2025-10-15,"2025-10-14 11:51:45",553559,CAR2502306,2025-10-14,"2025-10-14 12:44:55",36.7,General,Posted,,,sirajm@alhabib.om
TAG2500010,2025-09-30,"2025-09-27 09:17:01",553496,CPY2521308,2025-10-09,"2025-10-13 17:04:12",82,General,Posted,,,sirajm@alhabib.om
TAG2502223,2025-09-30,"2025-10-13 09:12:14",553495,CPY2521307,2025-10-13,"2025-10-13 17:00:59",35,General,Posted,,,sirajm@alhabib.om
TAG2502223,2025-09-30,"2025-10-13 09:12:14",553494,CAR2502290,2025-10-13,"2025-10-13 16:59:00",75,General,Posted,,,sirajm@alhabib.om
TAG2502223,2025-09-30,"2025-10-13 09:12:14",553493,CAR2502289,2025-10-13,"2025-10-13 16:57:03",75,General,Posted,,,sirajm@alhabib.om
TAG2402451,2025-08-31,"2025-09-16 10:56:58",553479,CAR2502285,2025-10-13,"2025-10-13 14:42:15",44,General,Posted,,,sirajm@alhabib.om
TAG2501816,2025-10-10,"2025-10-12 10:18:30",553353,CPY2521174,2025-10-09,"2025-10-13 08:44:33",200,Rent,Posted,2025-09-11,2025-10-10,sirajm@alhabib.om
TAG2302761,2024-02-29,"2024-02-25 21:21:20",552954,CAR2502275,2025-10-12,"2025-10-12 12:12:19",200,Rent,Posted,2023-12-21,2024-01-31,sirajm@alhabib.om
TAG2401805,2025-10-15,"2025-10-03 11:03:19",552903,CAR2502250,2025-10-08,"2025-10-08 11:13:06",75,General,Posted,,,sirajm@alhabib.om
TAG2401805,2025-10-15,"2025-10-03 11:03:19",552902,CAR2502249,2025-10-08,"2025-10-08 11:11:57",10.5,General,Posted,,,sirajm@alhabib.om
TAG2401805,2025-10-15,"2025-10-03 11:03:19",552901,CAR2502248,2025-10-08,"2025-10-08 11:10:41",8.2,General,Posted,,,sirajm@alhabib.om
TAG2402243,2025-09-30,"2025-09-30 12:37:03",552445,CPY2520333,2025-08-31,"2025-10-05 12:53:28",10,General,Posted,,,sirajm@alhabib.om
TAG2501818,2025-08-15,"2025-08-12 07:29:35",552413,CPY2520305,2025-09-30,"2025-10-02 18:27:38",150,Rent,Posted,2025-08-01,2025-08-15,sirajm@alhabib.om
TAG2401756,2025-06-15,"2025-06-13 11:24:54",552298,CAR2502193,2025-10-01,"2025-10-01 12:08:28",20,General,Posted,,,sirajm@alhabib.om
TAG2401756,2025-06-15,"2025-06-13 11:24:54",552297,CAR2502192,2025-10-01,"2025-10-01 12:06:54",12,General,Posted,,,sirajm@alhabib.om
TAG2401756,2025-06-15,"2025-06-13 11:24:54",552296,CAR2502191,2025-10-01,"2025-10-01 12:05:51",16.2,General,Posted,,,sirajm@alhabib.om
TAG2500636,2025-08-18,"2025-08-30 12:56:16",552259,CAR2502178,2025-09-30,"2025-09-30 16:33:48",20,General,Posted,,,sirajm@alhabib.om
TAG2500636,2025-08-18,"2025-08-30 12:56:16",552258,CAR2502177,2025-09-30,"2025-09-30 16:32:44",63,General,Posted,,,sirajm@alhabib.om
TAG2500636,2025-08-18,"2025-08-30 12:56:16",552257,CAR2502176,2025-09-30,"2025-09-30 16:31:05",154.3,General,Posted,,,sirajm@alhabib.om
TAG1700229,2017-01-01,"2008-03-31 00:00:00",552207,CPY2520137,2025-09-28,"2025-09-30 14:53:06",500,Rent,Posted,2017-12-14,2018-01-26,salamr@alhabib.om
TAG2400462,2024-12-31,"2025-01-01 14:34:22",552200,CPY2520130,2025-09-28,"2025-09-30 14:51:42",71,Rent,Posted,2024-04-25,2024-05-13,salamr@alhabib.om
TAG2501598,2025-09-30,"2025-09-29 15:35:35",552199,CPY2520129,2025-09-28,"2025-09-30 14:50:39",380,Rent,Posted,2025-09-01,2025-09-30,salamr@alhabib.om
TAG2502174,2025-08-31,"2025-09-16 10:55:49",552192,CAR2502167,2025-09-30,"2025-09-30 10:49:19",108.3,General,Posted,,,sirajm@alhabib.om
TAG2502174,2025-08-31,"2025-09-16 10:55:49",552191,CAR2502166,2025-09-30,"2025-09-30 10:48:03",94.5,General,Posted,,,sirajm@alhabib.om
TAG2501288,2025-03-26,"2025-05-08 09:03:44",552184,CAR2502161,2025-09-30,"2025-09-30 08:59:17",125,Rent,Posted,2020-11-15,2020-11-30,sirajm@alhabib.om
TAG2400360,2025-04-05,"2025-04-23 10:34:51",552158,CAR2502156,2025-09-29,"2025-09-29 16:32:07",31,General,Posted,,,sirajm@alhabib.om
TAG2400360,2025-04-05,"2025-04-23 10:34:51",552157,CAR2502155,2025-09-29,"2025-09-29 16:30:24",52.5,General,Posted,,,sirajm@alhabib.om
TAG2402286,2025-01-31,"2025-02-11 10:36:42",552155,CAR2502153,2025-09-29,"2025-09-29 16:22:28",11.3,General,Posted,,,sirajm@alhabib.om
TAG2402286,2025-01-31,"2025-02-11 10:36:42",552154,CAR2502152,2025-09-29,"2025-09-29 16:21:03",60,General,Posted,,,sirajm@alhabib.om
TAG2402083,2024-12-31,"2025-01-28 12:41:21",552096,CPY2520067,2025-09-25,"2025-09-29 09:22:05",150,Rent,Posted,2024-11-01,2024-11-30,salamr@alhabib.om
TAG2201543,2022-10-15,"2022-11-15 10:11:58",551938,CPY2519919,2025-09-25,"2025-09-25 10:13:50",250,Rent,Posted,2022-09-19,2022-11-20,sirajm@alhabib.om
TAG1803850,2019-06-30,"2008-03-31 00:00:00",551921,CAR2502114,2025-09-24,"2025-09-24 10:07:49",150,Rent,Posted,2018-12-05,2018-12-15,sirajm@alhabib.om
TAG2402499,2025-05-31,"2025-07-09 13:42:34",551816,CPY2519811,2025-09-16,"2025-09-22 19:00:59",204,Rent,Posted,2025-04-23,2025-05-26,sirajm@alhabib.om
TAG1600932,2017-01-19,"2008-03-31 00:00:00",551815,CPY2519810,2025-09-16,"2025-09-22 18:55:23",100,General,Posted,,,sirajm@alhabib.om
TAG1600932,2017-01-19,"2008-03-31 00:00:00",551814,CPY2519809,2025-09-16,"2025-09-22 18:53:52",73,General,Posted,,,sirajm@alhabib.om
TAG1800228,2018-03-31,"2008-03-31 00:00:00",551813,CPY2519808,2025-09-16,"2025-09-22 18:51:54",460,Rent,Posted,2018-01-20,2018-03-31,sirajm@alhabib.om
TAG1702683,2018-01-19,"2008-03-31 00:00:00",551812,CPY2519807,2025-09-16,"2025-09-22 18:49:48",1213,Rent,Posted,2017-07-20,2017-08-19,sirajm@alhabib.om
TAG1700593,2017-07-19,"2008-03-31 00:00:00",551811,CPY2519806,2025-09-16,"2025-09-22 18:47:43",1193,Rent,Posted,2017-01-20,2017-02-19,sirajm@alhabib.om
TAG1600932,2017-01-19,"2008-03-31 00:00:00",551810,CPY2519805,2025-09-16,"2025-09-22 18:46:05",1727,Rent,Posted,2016-05-06,2017-01-19,sirajm@alhabib.om
TAG2501449,2025-08-31,"2025-09-16 10:58:08",551788,CPY2519787,2025-09-18,"2025-09-21 16:42:46",42,General,Posted,,,dbabu@alhabib.om
TAG2501449,2025-08-31,"2025-09-16 10:58:08",551787,CPY2519786,2025-09-18,"2025-09-21 16:42:02",66.5,General,Posted,,,dbabu@alhabib.om
TAG2401907,2025-07-31,"2025-08-12 07:24:38",551748,CAR2502102,2025-09-21,"2025-09-21 12:31:44",50,General,Posted,,,dbabu@alhabib.om
TAG2401225,2025-07-20,"2025-08-04 11:07:32",551697,CPY2519705,2025-09-18,"2025-09-18 16:24:14",70,General,Posted,,,sirajm@alhabib.om
TAG2402512,2025-06-30,"2025-07-30 11:42:18",551573,CAR2502090,2025-09-18,"2025-09-18 14:49:34",80,General,Posted,,,dbabu@alhabib.om
TAG2200405,2022-02-28,"2022-03-16 07:46:29",551483,CPY2519500,2025-09-15,"2025-09-18 09:15:41",300,Rent,Posted,2021-06-08,2021-06-26,salamr@alhabib.om
TAG2003756,2021-09-30,"2021-10-30 12:15:35",551409,CPY2519427,2025-09-17,"2025-09-17 14:50:19",260,Rent,Posted,2021-09-19,2021-09-30,dbabu@alhabib.om
TAG2501108,2025-04-30,"2025-05-02 12:07:04",551331,CPY2519354,2025-09-16,"2025-09-16 15:06:46",393,General,Posted,,,sirajm@alhabib.om
TAG2402499,2025-05-31,"2025-07-09 13:42:34",551327,CPY2519352,2025-09-03,"2025-09-16 12:47:49",855,Rent,Posted,2024-12-01,2025-04-22,dbabu@alhabib.om
TAG2501014,2025-08-15,"2025-09-08 17:45:24",551280,CPY2519320,2025-09-03,"2025-09-15 10:10:11",133,General,Posted,,,dbabu@alhabib.om
TAG2500585,2025-09-30,"2025-09-09 11:16:48",551278,CPY2519318,2025-09-10,"2025-09-15 08:45:13",475,Rent,Posted,2025-09-01,2025-09-30,salamr@alhabib.om
TAG2500585,2025-09-30,"2025-09-09 11:16:48",551277,CPY2519317,2025-09-10,"2025-09-15 08:44:59",24,General,Posted,,,salamr@alhabib.om
TAG2302459,2023-12-31,"2024-01-27 14:58:45",551019,CPY2519062,2025-09-10,"2025-09-14 14:18:19",65,Rent,Posted,2023-12-16,2023-12-31,salamr@alhabib.om
TAG2500636,2025-08-18,"2025-08-30 12:56:16",550992,CPY2519036,2025-08-31,"2025-09-14 12:31:56",50,General,Posted,,,dbabu@alhabib.om
TAG2500845,2025-08-31,"2025-08-27 08:26:13",550954,CPY2519005,2025-08-31,"2025-09-11 16:18:55",50,General,Posted,,,dbabu@alhabib.om
TAG2500845,2025-08-31,"2025-08-27 08:26:13",550953,CPY2519004,2025-08-31,"2025-09-11 16:16:44",52,General,Posted,,,dbabu@alhabib.om
TAG2401630,2025-08-31,"2025-08-27 08:00:22",550951,CAR2502051,2025-09-11,"2025-09-11 15:12:08",17.25,General,Posted,,,dbabu@alhabib.om
TAG2401630,2025-08-31,"2025-08-27 08:00:22",550950,CAR2502050,2025-09-11,"2025-09-11 15:09:51",12.75,General,Posted,,,dbabu@alhabib.om
TAG2401630,2025-08-31,"2025-08-27 08:00:22",550949,CAR2502049,2025-09-11,"2025-09-11 15:03:45",55,General,Posted,,,dbabu@alhabib.om
TAG2401630,2025-08-31,"2025-08-27 08:00:22",550948,CAR2502048,2025-09-11,"2025-09-11 15:01:55",85,Rent,Posted,2025-08-16,2025-08-31,dbabu@alhabib.om
TAG2401630,2025-08-31,"2025-08-27 08:00:22",550947,CPY2519002,2025-09-10,"2025-09-11 15:00:27",8,General,Posted,,,dbabu@alhabib.om
TAG2402075,2025-07-31,"2025-08-27 15:34:10",550519,CPY2518590,2025-09-04,"2025-09-10 08:56:03",250,Rent,Posted,2025-07-01,2025-07-31,salamr@alhabib.om
TAG2500585,2025-09-30,"2025-09-09 11:16:48",550434,CAR2502023,2025-09-09,"2025-09-09 15:55:15",71,General,Posted,,,dbabu@alhabib.om
TAG2500306,2025-07-31,"2025-08-10 17:11:19",550381,CPY2518486,2025-08-10,"2025-09-08 16:10:35",40,General,Posted,,,dbabu@alhabib.om
TAG2500306,2025-07-31,"2025-08-10 17:11:19",550380,CPY2518485,2025-08-10,"2025-09-08 16:04:59",1400,Rent,Posted,2025-04-01,2025-07-31,dbabu@alhabib.om
TAG2302049,2024-11-30,"2025-02-11 10:31:34",550355,CAR2501993,2025-09-08,"2025-09-08 11:54:22",136.5,General,Posted,,,dbabu@alhabib.om
TAG2500228,2025-05-31,"2025-06-04 07:17:07",550221,CPY2518348,2025-09-01,"2025-09-04 09:17:54",975,Rent,Posted,2025-05-16,2025-12-30,salamr@alhabib.om
TAG2501012,2025-08-10,"2025-08-14 15:47:59",549934,CAR2501962,2025-09-03,"2025-09-03 11:01:14",47.25,General,Posted,,,dbabu@alhabib.om
TAG2400811,2025-04-30,"2025-06-03 16:12:49",549916,CPY2518059,2025-09-02,"2025-09-02 18:02:42",300,Rent,Posted,2025-03-19,2025-04-30,dbabu@alhabib.om
TAG2301770,2024-10-20,"2024-12-01 07:48:01",549877,CPY2518021,2025-09-01,"2025-09-02 14:30:54",130,Rent,Posted,2024-09-21,2024-10-20,dbabu@alhabib.om
TAG2401235,2025-07-31,"2025-08-14 15:43:23",549802,CPY2517961,2025-09-01,"2025-09-01 17:38:49",24.6,General,Posted,,,dbabu@alhabib.om
TAG2200357,2022-04-21,"2022-04-26 09:09:45",549692,CAR2501913,2025-08-31,"2025-08-31 09:45:40",150,Rent,Posted,2022-03-07,2022-03-31,dbabu@alhabib.om
TAG2200357,2022-04-21,"2022-04-26 09:09:45",549691,CAR2501912,2025-08-31,"2025-08-31 09:44:37",150,Rent,Posted,2022-02-12,2022-03-06,dbabu@alhabib.om
TAG2400462,2024-12-31,"2025-01-01 14:34:22",549664,CPY2517862,2025-08-27,"2025-08-28 11:45:45",71,Rent,Posted,2024-04-06,2024-04-24,salamr@alhabib.om
TAG1700229,2017-01-01,"2008-03-31 00:00:00",549643,CPY2517841,2025-08-27,"2025-08-28 11:30:42",500,Rent,Posted,2017-10-31,2017-12-13,salamr@alhabib.om
TAG2500135,2025-07-31,"2025-08-04 11:10:49",549641,CPY2517840,2025-08-26,"2025-08-28 10:43:50",871.5,General,Posted,,,dbabu@alhabib.om
TAG2500076,2025-07-31,"2025-08-14 15:46:48",549593,CPY2517795,2025-08-25,"2025-08-27 10:03:40",95,General,Posted,,,dbabu@alhabib.om
TAG2500076,2025-07-31,"2025-08-14 15:46:48",549592,CPY2517794,2025-08-25,"2025-08-27 10:02:22",22.5,General,Posted,,,dbabu@alhabib.om
TAG2500076,2025-07-31,"2025-08-14 15:46:48",549591,CPY2517793,2025-08-25,"2025-08-27 10:01:29",37.5,General,Posted,,,dbabu@alhabib.om
TAG2500076,2025-07-31,"2025-08-14 15:46:48",549590,CPY2517792,2025-08-25,"2025-08-27 10:00:20",107.6,General,Posted,,,dbabu@alhabib.om
TAG2402083,2024-12-31,"2025-01-28 12:41:21",549523,CPY2517727,2025-08-26,"2025-08-26 15:55:08",10,General,Posted,,,dbabu@alhabib.om
TAG2302761,2024-02-29,"2024-02-25 21:21:20",549511,CAR2501897,2025-08-26,"2025-08-26 12:04:48",100,Rent,Posted,2023-12-01,2023-12-20,dbabu@alhabib.om
TAG2001154,2021-04-30,"2021-05-12 12:34:07",549508,CAR2501894,2025-08-26,"2025-08-26 10:13:24",275,General,Posted,,,sirajm@alhabib.om
TAG2502138,2025-07-31,"2025-07-31 09:14:36",549498,CAR2501888,2025-08-26,"2025-08-26 08:27:20",220,Rent,Posted,2025-07-01,2025-07-31,dbabu@alhabib.om
TAG2401122,2025-07-15,"2025-07-21 17:59:42",549451,CAR2501883,2025-08-25,"2025-08-25 12:26:19",50,General,Posted,,,dbabu@alhabib.om
TAG2401122,2025-07-15,"2025-07-21 17:59:42",549450,CAR2501882,2025-08-25,"2025-08-25 12:25:21",4.5,General,Posted,,,dbabu@alhabib.om
TAG2500076,2025-07-31,"2025-08-14 15:46:48",549447,CAR2501881,2025-08-25,"2025-08-25 10:05:17",150,Rent,Posted,2025-07-01,2025-07-31,dbabu@alhabib.om
TAG2500263,2025-07-31,"2025-08-14 15:46:26",549351,CPY2517584,2025-08-21,"2025-08-24 09:39:33",10.5,General,Posted,,,dbabu@alhabib.om
TAG2500263,2025-07-31,"2025-08-14 15:46:26",549350,CPY2517583,2025-08-21,"2025-08-24 09:32:33",8,General,Posted,,,dbabu@alhabib.om
TAG1803850,2019-06-30,"2008-03-31 00:00:00",549325,CAR2501862,2025-08-21,"2025-08-21 15:35:18",164,Rent,Posted,2018-11-23,2018-12-04,dbabu@alhabib.om
TAG2501042,2025-03-31,"2025-04-30 11:56:09",548915,CPY2517163,2025-08-17,"2025-08-19 15:35:41",75.6,General,Posted,,,dbabu@alhabib.om
TAG2501042,2025-03-31,"2025-04-30 11:56:09",548914,CPY2517162,2025-08-17,"2025-08-19 15:27:12",89.4,General,Posted,,,dbabu@alhabib.om
TAG2500895,2025-06-30,"2025-07-15 07:54:08",548891,CPY2517142,2025-08-01,"2025-08-19 09:52:46",17.4,General,Posted,,,sirajm@alhabib.om
TAG2100917,2021-07-01,"2021-07-01 00:00:00",548884,CAR2501850,2025-08-19,"2025-08-19 08:40:36",1000,Rent,Posted,2021-10-01,2021-12-26,dbabu@alhabib.om
TAG2100917,2021-07-01,"2021-07-01 00:00:00",548857,CPY2517118,2025-08-01,"2025-08-18 09:15:37",1050,Rent,Posted,2021-07-01,2021-09-30,sirajm@alhabib.om
TAG2500405,2025-08-15,"2025-08-18 07:39:18",548856,CAR2501841,2025-08-18,"2025-08-18 08:47:13",10.5,General,Posted,,,sirajm@alhabib.om
TAG2500405,2025-08-15,"2025-08-18 07:39:18",548855,CAR2501840,2025-08-18,"2025-08-18 08:46:22",12.1,General,Posted,,,sirajm@alhabib.om
TAG2501777,2025-06-30,"2025-07-15 08:00:17",548840,CPY2517110,2025-08-17,"2025-08-17 11:08:29",250,Rent,Posted,2025-06-01,2025-06-30,dbabu@alhabib.om
TAG1802720,2018-12-31,"2008-03-31 00:00:00",548811,CPY2517088,2025-07-31,"2025-08-16 11:10:00",650,Rent,Posted,2018-12-01,2018-12-31,sirajm@alhabib.om
TAG2401379,2025-07-31,"2025-08-04 11:09:31",548692,CPY2516988,2025-08-12,"2025-08-12 16:53:16",510,Rent,Posted,2025-07-01,2025-07-31,dbabu@alhabib.om
TAG2500205,2025-08-31,"2025-08-12 07:28:38",548689,CPY2516985,2025-08-12,"2025-08-12 16:34:34",36,General,Posted,,,dbabu@alhabib.om
TAG2401196,2024-07-31,"2024-08-07 20:29:40",548537,CAR2501801,2025-08-12,"2025-08-12 09:04:26",63,General,Posted,,,dbabu@alhabib.om
TAG2401196,2024-07-31,"2024-08-07 20:29:40",548536,CAR2501800,2025-08-12,"2025-08-12 09:01:17",11.4,General,Posted,,,dbabu@alhabib.om
TAG2401196,2024-07-31,"2024-08-07 20:29:40",548535,CAR2501799,2025-08-12,"2025-08-12 09:00:07",95.6,Rent,Posted,2024-07-15,2024-07-31,dbabu@alhabib.om
TAG2302459,2023-12-31,"2024-01-27 14:58:45",548403,CPY2516708,2025-08-10,"2025-08-12 08:21:53",65,Rent,Posted,2023-11-25,2023-12-15,salamr@alhabib.om
TAG2500410,2025-06-30,"2025-08-04 11:02:38",548318,CAR2501785,2025-08-10,"2025-08-10 16:13:14",180,General,Posted,,,dbabu@alhabib.om
TAG2400811,2025-04-30,"2025-06-03 16:12:49",548117,CPY2516438,2025-08-05,"2025-08-10 14:12:11",300,Rent,Posted,2025-02-08,2025-03-18,salamr@alhabib.om
TAG2402031,2025-05-31,"2025-06-30 08:48:24",547883,CPY2516223,2025-08-07,"2025-08-07 16:15:39",352,Rent,Posted,2025-04-24,2025-05-28,dbabu@alhabib.om
TAG2400990,2025-06-15,"2025-07-15 07:15:23",547882,CAR2501762,2025-08-07,"2025-08-07 16:09:50",33.6,General,Posted,,,dbabu@alhabib.om
TAG2400990,2025-06-15,"2025-07-15 07:15:23",547881,CAR2501761,2025-08-07,"2025-08-07 16:09:01",126.4,General,Posted,,,dbabu@alhabib.om
TAG2401856,2025-07-31,"2025-08-04 12:02:56",547809,CPY2516168,2025-08-06,"2025-08-06 11:40:08",12,General,Posted,,,dbabu@alhabib.om
TAG2401318,2025-07-15,"2025-08-04 11:05:36",547802,CAR2501741,2025-08-06,"2025-08-06 10:37:15",63,General,Posted,,,dbabu@alhabib.om
TAG2401318,2025-07-15,"2025-08-04 11:05:36",547801,CAR2501740,2025-08-06,"2025-08-06 10:36:27",46.6,General,Posted,,,dbabu@alhabib.om
TAG2501341,2025-07-31,"2025-07-30 12:03:15",547800,CAR2501739,2025-08-06,"2025-08-06 10:24:04",50,General,Posted,,,dbabu@alhabib.om
TAG2501341,2025-07-31,"2025-07-30 12:03:15",547799,CAR2501738,2025-08-06,"2025-08-06 10:23:18",60,General,Posted,,,dbabu@alhabib.om
TAG2501858,2025-07-31,"2025-07-30 13:23:10",547221,CAR2501678,2025-07-31,"2025-07-31 14:16:21",64.6,General,Posted,,,dbabu@alhabib.om
TAG2502136,2025-07-30,"2025-07-31 09:03:38",547212,CPY2515637,2025-07-31,"2025-07-31 12:37:44",125,Rent,Posted,2025-07-16,2025-07-30,dbabu@alhabib.om
TAG2501698,2025-07-31,"2025-07-30 15:29:53",547190,CAR2501672,2025-07-30,"2025-07-30 15:37:28",125.9,General,Posted,,,dbabu@alhabib.om
TAG2400593,2024-10-31,"2024-12-30 09:36:31",547092,CPY2515535,2025-07-31,"2025-07-29 15:05:39",2139.88,General,Posted,,,sirajm@alhabib.om
TAG2400593,2024-10-31,"2024-12-30 09:36:31",547091,CPY2515534,2025-07-31,"2025-07-29 15:04:02",2966.25,General,Posted,,,sirajm@alhabib.om
TAG2201380,2023-09-30,"2023-10-11 13:18:42",547089,CPY2515532,2025-07-31,"2025-07-29 14:59:31",660,General,Posted,,,sirajm@alhabib.om
TAG2400593,2024-10-31,"2024-12-30 09:36:31",547088,CPY2515531,2025-07-31,"2025-07-29 14:57:53",6914.75,General,Posted,,,sirajm@alhabib.om
TAG2400462,2024-12-31,"2025-01-01 14:34:22",547049,CPY2515494,2025-07-27,"2025-07-28 15:21:23",17,Rent,Posted,2024-04-01,2024-04-05,salamr@alhabib.om
TAG1700229,2017-01-01,"2008-03-31 00:00:00",546978,CPY2515423,2025-07-27,"2025-07-28 14:27:49",500,Rent,Posted,2017-09-18,2017-10-30,salamr@alhabib.om
TAG2402083,2024-12-31,"2025-01-28 12:41:21",546957,CPY2515402,2025-07-27,"2025-07-28 11:53:15",10,General,Posted,,,dbabu@alhabib.om
TAG2501146,2025-06-30,"2025-07-05 18:09:05",546812,CAR2501636,2025-07-24,"2025-07-24 13:03:41",170,Rent,Posted,2025-04-01,2025-04-30,dbabu@alhabib.om
TAG2500211,2025-06-30,"2025-07-15 07:42:31",546631,CAR2501609,2025-07-22,"2025-07-22 08:39:59",17,General,Posted,,,dbabu@alhabib.om
TAG2200405,2022-02-28,"2022-03-16 07:46:29",546344,CPY2514848,2025-07-15,"2025-07-20 13:52:06",300,Rent,Posted,2021-05-20,2021-06-07,dbabu@alhabib.om
TAG2302459,2023-12-31,"2024-01-27 14:58:45",546214,CPY2514725,2025-07-14,"2025-07-17 10:23:44",65,Rent,Posted,2023-11-04,2023-11-24,salamr@alhabib.om
TAG2402034,2025-06-20,"2025-07-15 07:59:10",546174,CPY2514685,2025-07-15,"2025-07-16 17:55:06",22.5,General,Posted,,,dbabu@alhabib.om
TAG2500911,2025-05-31,"2025-06-23 09:08:30",546126,CPY2514642,2025-06-30,"2025-07-15 18:30:53",200,Rent,Posted,2025-04-01,2025-05-31,sirajm@alhabib.om
TAG2500897,2025-05-31,"2025-06-23 09:08:18",546123,CPY2514639,2025-06-30,"2025-07-15 18:21:49",200,Rent,Posted,2025-04-01,2025-05-31,sirajm@alhabib.om
TAG2501491,2025-06-30,"2025-06-30 13:08:34",545927,CPY2514458,2025-07-10,"2025-07-14 16:36:15",290,Rent,Posted,2025-05-10,2025-06-09,salamr@alhabib.om
TAG2501371,2025-07-14,"2025-07-05 18:13:55",545788,CPY2514324,2025-07-13,"2025-07-14 10:35:27",24,General,Posted,,,dbabu@alhabib.om
TAG2501371,2025-07-14,"2025-07-05 18:13:55",545787,CPY2514323,2025-07-13,"2025-07-14 10:33:44",55,General,Posted,,,dbabu@alhabib.om
TAG2500897,2025-05-31,"2025-06-23 09:08:18",545781,CPY2514321,2025-07-13,"2025-07-13 16:52:49",52.5,General,Posted,,,dbabu@alhabib.om
TAG2302367,2024-12-31,"2025-02-04 11:20:15",545708,CPY2514267,2025-07-09,"2025-07-10 14:31:47",100,Rent,Posted,2024-12-18,2024-12-31,dbabu@alhabib.om
TAG2500519,2025-06-30,"2025-07-05 18:07:09",545678,CAR2501534,2025-07-10,"2025-07-10 10:23:35",225,Rent,Posted,2025-06-01,2025-06-30,dbabu@alhabib.om
TAG2500519,2025-06-30,"2025-07-05 18:07:09",545677,CPY2514246,2025-07-09,"2025-07-10 09:43:21",76.65,General,Posted,,,dbabu@alhabib.om
TAG2500519,2025-06-30,"2025-07-05 18:07:09",545676,CPY2514245,2025-07-09,"2025-07-10 09:41:37",50,General,Posted,,,dbabu@alhabib.om
TAG2500519,2025-06-30,"2025-07-05 18:07:09",545675,CPY2514244,2025-07-09,"2025-07-10 09:40:36",17.6,General,Posted,,,dbabu@alhabib.om
TAG2500519,2025-06-30,"2025-07-05 18:07:09",545674,CPY2514243,2025-07-09,"2025-07-10 09:38:26",13.5,General,Posted,,,dbabu@alhabib.om
TAG2400707,2024-02-29,"2024-05-31 18:11:42",545598,CPY2514175,2025-07-08,"2025-07-09 15:00:58",230,General,Posted,,,sirajm@alhabib.om
TAG2400707,2024-02-29,"2024-05-31 18:11:42",545597,CPY2514174,2025-07-08,"2025-07-09 14:59:22",29,General,Posted,,,sirajm@alhabib.om
TAG2400707,2024-02-29,"2024-05-31 18:11:42",545596,CPY2514173,2025-07-08,"2025-07-09 14:54:20",245,Rent,Posted,2024-01-16,2024-02-15,sirajm@alhabib.om
TAG2400753,2024-10-15,"2024-11-13 17:20:20",545594,CPY2514171,2025-07-09,"2025-07-09 14:21:28",1960,Rent,Posted,2024-03-16,2024-10-15,dbabu@alhabib.om
TAG2200805,2022-08-31,"2022-10-11 08:38:28",545593,CPY2514170,2025-07-01,"2025-07-09 12:00:43",145,General,Posted,,,sirajm@alhabib.om
TAG2500005,2024-12-31,"2025-01-05 15:23:29",545531,CAR2501514,2025-07-08,"2025-07-08 11:20:19",80,General,Posted,,,dbabu@alhabib.om
TAG2500005,2024-12-31,"2025-01-05 15:23:29",545530,CAR2501513,2025-07-08,"2025-07-08 11:19:23",150.7,General,Posted,,,dbabu@alhabib.om
TAG2500005,2024-12-31,"2025-01-05 15:23:29",545529,CAR2501512,2025-07-08,"2025-07-08 11:06:17",720,Rent,Posted,2024-10-01,2024-12-31,dbabu@alhabib.om
TAG2500911,2025-05-31,"2025-06-23 09:08:30",545513,CPY2514109,2025-07-07,"2025-07-08 09:22:50",28.6,General,Posted,,,dbabu@alhabib.om
TAG2301727,2024-08-31,"2024-09-17 08:18:54",545163,CAR2501499,2025-07-07,"2025-07-07 10:45:24",31.35,General,Posted,,,dbabu@alhabib.om
TAG2200357,2022-04-21,"2022-04-26 09:09:45",545132,CAR2501495,2025-07-07,"2025-07-07 09:17:12",150,Rent,Posted,2022-01-20,2022-02-11,dbabu@alhabib.om
TAG2200357,2022-04-21,"2022-04-26 09:09:45",545131,CAR2501494,2025-07-07,"2025-07-07 09:14:04",120,Rent,Posted,2022-01-01,2022-01-19,dbabu@alhabib.om
TAG2501097,2025-06-30,"2025-06-24 16:21:26",545031,CPY2513662,2025-06-23,"2025-07-05 11:32:54",25.9,General,Posted,,,sirajm@alhabib.om
TAG2501097,2025-06-30,"2025-06-24 16:21:26",545030,CPY2513661,2025-06-23,"2025-07-05 11:31:02",518,Rent,Posted,2025-06-01,2025-06-30,sirajm@alhabib.om
TAG2400811,2025-04-30,"2025-06-03 16:12:49",544714,CPY2513364,2025-07-02,"2025-07-02 15:13:07",300,Rent,Posted,2024-12-28,2025-02-07,dbabu@alhabib.om
TAG1700229,2017-01-01,"2008-03-31 00:00:00",544632,CPY2513288,2025-06-30,"2025-07-02 09:27:36",500,Rent,Posted,2017-08-05,2017-09-17,salamr@alhabib.om
TAG2302652,2024-12-31,"2025-01-12 11:47:20",544437,CAR2501412,2025-06-29,"2025-06-29 11:45:50",180,General,Posted,,,dbabu@alhabib.om
TAG2500345,2025-05-10,"2025-05-23 15:59:19",544427,CAR2501410,2025-06-26,"2025-06-26 16:34:41",28.6,General,Posted,,,dbabu@alhabib.om
TAG2500345,2025-05-10,"2025-05-23 15:59:19",544426,CAR2501409,2025-06-26,"2025-06-26 16:33:35",121.4,General,Posted,,,dbabu@alhabib.om
TAG2400092,2025-03-31,"2025-04-08 13:25:05",544401,CAR2501398,2025-06-26,"2025-06-26 09:46:29",40,General,Posted,,,dbabu@alhabib.om
TAG2400092,2025-03-31,"2025-04-08 13:25:05",544400,CAR2501397,2025-06-26,"2025-06-26 09:45:22",210,General,Posted,,,dbabu@alhabib.om
TAG2400600,2025-04-30,"2025-05-15 12:08:31",544202,CPY2512929,2025-06-23,"2025-06-23 17:49:36",30.8,General,Posted,,,dbabu@alhabib.om
TAG2400562,2025-04-30,"2025-06-23 09:07:15",544171,CAR2501372,2025-06-23,"2025-06-23 12:12:31",20,General,Posted,,,dbabu@alhabib.om
TAG2400562,2025-04-30,"2025-06-23 09:07:15",544170,CAR2501371,2025-06-23,"2025-06-23 12:11:47",37.5,General,Posted,,,dbabu@alhabib.om
TAG2501503,2025-05-30,"2025-06-17 07:27:38",544169,CPY2512901,2025-06-19,"2025-06-23 11:34:25",250,Rent,Posted,2025-05-16,2025-05-30,salamr@alhabib.om
TAG2501503,2025-05-30,"2025-06-17 07:27:38",544168,CPY2512900,2025-06-19,"2025-06-23 11:34:13",8.065,General,Posted,,,salamr@alhabib.om
TAG2400215,2025-02-28,"2025-04-08 13:19:32",544083,CPY2512822,2025-05-31,"2025-06-22 17:03:52",30,General,Posted,,,sirajm@alhabib.om
TAG2501503,2025-05-30,"2025-06-17 07:27:38",543853,CAR2501349,2025-06-19,"2025-06-19 11:08:48",219.25,General,Posted,,,dbabu@alhabib.om
TAG2501503,2025-05-30,"2025-06-17 07:27:38",543852,CAR2501348,2025-06-19,"2025-06-19 11:08:00",129.25,General,Posted,,,dbabu@alhabib.om
TAG2400187,2024-09-30,"2024-10-23 07:34:46",543845,CPY2512603,2025-06-11,"2025-06-18 17:54:09",90,General,Posted,,,sirajm@alhabib.om
TAG2400187,2024-09-30,"2024-10-23 07:34:46",543844,CPY2512602,2025-04-30,"2025-06-18 17:52:48",100,General,Posted,,,sirajm@alhabib.om
TAG2400187,2024-09-30,"2024-10-23 07:34:46",543843,CPY2512601,2025-04-30,"2025-06-18 17:50:36",100,General,Posted,,,sirajm@alhabib.om
TAG2400490,2025-05-31,"2025-06-13 11:21:50",543829,CPY2512589,2025-06-18,"2025-06-18 10:54:16",16.5,General,Posted,,,dbabu@alhabib.om
TAG2400490,2025-05-31,"2025-06-13 11:21:50",543828,CPY2512588,2025-06-18,"2025-06-18 10:53:04",52.2,General,Posted,,,dbabu@alhabib.om
TAG2200405,2022-02-28,"2022-03-16 07:46:29",543725,CPY2512487,2025-06-15,"2025-06-17 15:14:56",300,Rent,Posted,2021-05-01,2021-05-19,salamr@alhabib.om
TAG2400601,2025-04-30,"2025-05-11 15:43:37",543593,CPY2512357,2025-05-31,"2025-06-16 19:32:55",1300,General,Posted,,,sirajm@alhabib.om
TAG2400663,2025-05-31,"2025-06-01 12:06:25",543563,CPY2512328,2025-06-04,"2025-06-16 15:42:14",150,Rent,Posted,2025-05-01,2025-05-31,sirajm@alhabib.om
TAG2302838,2024-12-31,"2025-02-03 17:06:56",543543,CAR2501333,2025-06-16,"2025-06-16 11:43:38",90,Rent,Posted,2024-12-01,2024-12-31,dbabu@alhabib.om
TAG2300114,2021-11-30,"2023-02-09 09:50:31",543450,CPY2512232,2025-06-15,"2025-06-15 12:50:51",760,Rent,Posted,2020-05-01,2020-08-01,dbabu@alhabib.om
TAG2500612,2025-06-20,"2025-06-07 13:17:53",543410,CPY2512196,2025-06-12,"2025-06-14 13:03:06",94.5,General,Posted,,,dbabu@alhabib.om
TAG2500612,2025-06-20,"2025-06-07 13:17:53",543409,CPY2512195,2025-06-12,"2025-06-14 13:01:41",25,General,Posted,,,dbabu@alhabib.om
TAG2500612,2025-06-20,"2025-06-07 13:17:53",543408,CPY2512194,2025-06-12,"2025-06-14 13:00:35",70,General,Posted,,,dbabu@alhabib.om
TAG2400811,2025-04-30,"2025-06-03 16:12:49",543263,CPY2512050,2025-06-10,"2025-06-12 16:12:15",300,Rent,Posted,2024-11-17,2024-12-27,salamr@alhabib.om
TAG2302459,2023-12-31,"2024-01-27 14:58:45",542899,CPY2511688,2025-06-10,"2025-06-12 13:31:50",65,Rent,Posted,2023-10-14,2023-11-03,salamr@alhabib.om
TAG2500459,2025-04-30,"2025-05-02 12:02:38",542859,CPY2511648,2025-06-04,"2025-06-12 12:47:01",105,General,Posted,,,dbabu@alhabib.om
TAG2500459,2025-04-30,"2025-05-02 12:02:38",542858,CPY2511647,2025-06-04,"2025-06-12 12:46:15",33.4,General,Posted,,,dbabu@alhabib.om
TAG2500463,2025-04-30,"2025-05-02 12:03:54",542857,CPY2511646,2025-06-04,"2025-06-12 12:44:49",162.75,General,Posted,,,dbabu@alhabib.om
TAG2500463,2025-04-30,"2025-05-02 12:03:54",542856,CPY2511645,2025-06-04,"2025-06-12 12:43:54",17.4,General,Posted,,,dbabu@alhabib.om
TAG2500706,2025-04-30,"2025-05-11 15:54:21",542712,CAR2501298,2025-06-10,"2025-06-10 15:06:39",140,Rent,Posted,2025-04-01,2025-04-28,dbabu@alhabib.om
TAG2500463,2025-04-30,"2025-05-02 12:03:54",542665,CPY2511494,2025-06-04,"2025-06-05 12:59:01",162.75,General,Posted,,,dbabu@alhabib.om
TAG2500482,2025-04-14,"2025-05-10 10:00:06",542154,CPY2511026,2025-05-31,"2025-06-02 15:49:17",107.3,Rent,Posted,2025-04-01,2025-04-14,sirajm@alhabib.om
TAG2500051,2025-01-31,"2025-03-10 08:39:22",542044,CPY2510944,2025-05-27,"2025-05-29 17:56:07",140,General,Posted,,,dbabu@alhabib.om
TAG2402502,2025-02-28,"2025-03-10 07:35:39",542006,CAR2501196,2025-05-29,"2025-05-29 10:16:53",100,General,Posted,,,dbabu@alhabib.om
TAG2402502,2025-02-28,"2025-03-10 07:35:39",542005,CAR2501195,2025-05-29,"2025-05-29 10:15:58",142.5,General,Posted,,,dbabu@alhabib.om
TAG1700229,2017-01-01,"2008-03-31 00:00:00",541965,CPY2510891,2025-05-27,"2025-05-28 11:41:55",500,Rent,Posted,2017-06-23,2017-08-04,salamr@alhabib.om
TAG2501331,2025-05-11,"2025-05-23 15:09:10",541942,CAR2501172,2025-05-28,"2025-05-28 09:18:53",94.75,General,Posted,,,dbabu@alhabib.om
TAG2501331,2025-05-11,"2025-05-23 15:09:10",541941,CAR2501171,2025-05-28,"2025-05-28 09:17:20",171.9,General,Posted,,,dbabu@alhabib.om
TAG2500310,2025-05-31,"2025-05-25 17:15:34",541888,CPY2510824,2025-05-25,"2025-05-27 11:56:57",40,General,Posted,,,dbabu@alhabib.om
TAG2500310,2025-05-31,"2025-05-25 17:15:34",541887,CPY2510823,2025-05-25,"2025-05-27 11:55:51",25,General,Posted,,,dbabu@alhabib.om
TAG2500912,2025-03-17,"2025-04-23 10:36:45",541878,CAR2501166,2025-05-27,"2025-05-27 11:08:54",13.8,General,Posted,,,dbabu@alhabib.om
TAG2500912,2025-03-17,"2025-04-23 10:36:45",541877,CAR2501165,2025-05-27,"2025-05-27 11:06:35",306.2,General,Posted,,,dbabu@alhabib.om
TAG2401824,2025-05-31,"2025-05-23 14:56:57",541872,CAR2501160,2025-05-26,"2025-05-26 17:55:42",25,General,Posted,,,dbabu@alhabib.om
TAG2401824,2025-05-31,"2025-05-23 14:56:57",541871,CAR2501159,2025-05-26,"2025-05-26 17:54:30",60,General,Posted,,,dbabu@alhabib.om
TAG2401824,2025-05-31,"2025-05-23 14:56:57",541870,CAR2501158,2025-05-26,"2025-05-26 17:52:46",65,General,Posted,,,dbabu@alhabib.om
TAG2401824,2025-05-31,"2025-05-23 14:56:57",541869,CPY2510814,2025-05-25,"2025-05-26 17:51:39",17,General,Posted,,,dbabu@alhabib.om
TAG2501098,2025-04-15,"2025-05-15 12:07:55",541677,CAR2501131,2025-05-21,"2025-05-21 15:16:01",68.25,General,Posted,,,dbabu@alhabib.om
TAG2501098,2025-04-15,"2025-05-15 12:07:55",541676,CAR2501130,2025-05-21,"2025-05-21 15:15:03",49.85,General,Posted,,,dbabu@alhabib.om
TAG2400481,2025-03-31,"2025-04-22 18:04:20",541565,CPY2510546,2025-05-20,"2025-05-20 16:14:14",180,General,Posted,,,dbabu@alhabib.om
TAG2402402,2025-04-30,"2025-05-15 12:06:34",541353,CAR2501114,2025-05-19,"2025-05-19 10:27:37",25,General,Posted,,,dbabu@alhabib.om
TAG2402402,2025-04-30,"2025-05-15 12:06:34",541352,CAR2501113,2025-05-19,"2025-05-19 10:26:38",60,General,Posted,,,dbabu@alhabib.om
TAG2402402,2025-04-30,"2025-05-15 12:06:34",541351,CAR2501112,2025-05-19,"2025-05-19 10:24:47",23.9,General,Posted,,,dbabu@alhabib.om
TAG2401911,2025-04-30,"2025-05-15 12:07:19",541192,CAR2501104,2025-05-18,"2025-05-18 14:52:52",63,General,Posted,,,dbabu@alhabib.om
TAG2401911,2025-04-30,"2025-05-15 12:07:19",541191,CAR2501103,2025-05-18,"2025-05-18 14:52:02",23.1,General,Posted,,,dbabu@alhabib.om
TAG2500317,2025-02-28,"2025-03-18 08:28:41",541109,CPY2510123,2025-05-15,"2025-05-15 16:56:16",26.4,General,Posted,,,dbabu@alhabib.om
TAG2500317,2025-02-28,"2025-03-18 08:28:41",541108,CPY2510122,2025-05-15,"2025-05-15 16:55:28",13.2,General,Posted,,,dbabu@alhabib.om
TAG2402452,2025-03-31,"2025-04-22 18:05:31",541049,CPY2510081,2025-05-11,"2025-05-14 09:04:49",46.3,General,Posted,,,dbabu@alhabib.om
TAG2402449,2025-03-31,"2025-04-22 18:05:49",541048,CPY2510080,2025-05-11,"2025-05-14 09:03:37",3.7,General,Posted,,,dbabu@alhabib.om
TAG2302459,2023-12-31,"2024-01-27 14:58:45",540753,CPY2509792,2025-05-11,"2025-05-13 14:32:39",94,Rent,Posted,2023-09-15,2023-10-13,salamr@alhabib.om
TAG2401978,2025-03-31,"2025-04-22 18:11:30",540703,CPY2509754,2025-05-11,"2025-05-12 16:09:26",50,General,Posted,,,dbabu@alhabib.om
TAG2401978,2025-03-31,"2025-04-22 18:11:30",540702,CPY2509753,2025-05-11,"2025-05-12 16:08:25",60,General,Posted,,,dbabu@alhabib.om
TAG2401978,2025-03-31,"2025-04-22 18:11:30",540701,CPY2509752,2025-05-11,"2025-05-12 16:06:51",30.2,General,Posted,,,dbabu@alhabib.om
TAG2300114,2021-11-30,"2023-02-09 09:50:31",540594,CPY2509658,2025-05-11,"2025-05-11 16:40:41",760,Rent,Posted,2020-01-29,2020-04-30,dbabu@alhabib.om
TAG2400308,2025-04-15,"2025-05-02 12:04:31",540591,CAR2501038,2025-05-11,"2025-05-11 15:58:32",84,General,Posted,,,dbabu@alhabib.om
TAG2400308,2025-04-15,"2025-05-02 12:04:31",540590,CAR2501037,2025-05-11,"2025-05-11 15:57:47",69,General,Posted,,,dbabu@alhabib.om
TAG2500144,2025-03-31,"2025-04-30 11:55:50",540557,CAR2501028,2025-05-11,"2025-05-11 09:52:33",118,General,Posted,,,dbabu@alhabib.om
TAG2500144,2025-03-31,"2025-04-30 11:55:50",540556,CAR2501027,2025-05-11,"2025-05-11 09:51:45",44.3,General,Posted,,,dbabu@alhabib.om
TAG2101739,2021-09-30,"2021-11-07 16:32:25",540551,CAR2501022,2025-05-11,"2025-05-11 09:25:21",60,Rent,Posted,2021-08-25,2021-08-31,dbabu@alhabib.om
TAG2101738,2021-09-30,"2021-11-07 16:32:12",540550,CAR2501021,2025-05-11,"2025-05-11 09:24:47",60,Rent,Posted,2021-08-25,2021-08-31,dbabu@alhabib.om
TAG2200454,2022-02-28,"2022-03-10 13:23:01",540486,CPY2509574,2025-05-07,"2025-05-08 15:49:05",817.75,General,Posted,,,sirajm@alhabib.om
TAG2200454,2022-02-28,"2022-03-10 13:23:01",540485,CPY2509573,2025-05-07,"2025-05-08 15:46:29",100,General,Posted,,,dbabu@alhabib.om
TAG2200454,2022-02-28,"2022-03-10 13:23:01",540484,CPY2509572,2025-05-07,"2025-05-08 15:44:52",391,General,Posted,,,dbabu@alhabib.om
TAG2200454,2022-02-28,"2022-03-10 13:23:01",540483,CPY2509571,2025-05-07,"2025-05-08 15:43:50",341.25,General,Posted,,,dbabu@alhabib.om
TAG2200454,2022-02-28,"2022-03-10 13:23:01",540478,CPY2509569,2025-05-07,"2025-05-08 15:02:15",650,Rent,Posted,2022-02-01,2022-02-28,dbabu@alhabib.om
TAG2400898,2025-03-31,"2025-04-13 16:33:43",540457,CPY2509556,2025-05-08,"2025-05-08 12:02:30",20.9,General,Posted,,,dbabu@alhabib.om
TAG2400898,2025-03-31,"2025-04-13 16:33:43",540454,CPY2509555,2025-05-08,"2025-05-08 11:49:07",20,General,Posted,,,dbabu@alhabib.om
TAG2400898,2025-03-31,"2025-04-13 16:33:43",540453,CPY2509554,2025-05-08,"2025-05-08 11:47:33",210,Rent,Posted,2025-03-01,2025-03-31,dbabu@alhabib.om
TAG2500037,2025-04-30,"2025-04-29 13:16:19",540451,CPY2509553,2025-05-05,"2025-05-08 11:33:42",43.7,General,Posted,,,salamr@alhabib.om
TAG2400898,2025-03-31,"2025-04-13 16:33:43",540402,CAR2500993,2025-05-08,"2025-05-08 10:17:12",210,Rent,Posted,2025-02-01,2025-02-28,dbabu@alhabib.om
TAG2401196,2024-07-31,"2024-08-07 20:29:40",540305,CPY2509415,2025-05-05,"2025-05-08 09:42:58",74.4,Rent,Posted,2024-07-01,2024-07-14,salamr@alhabib.om
TAG2402446,2025-04-10,"2025-05-04 15:51:48",540100,CPY2509214,2025-05-04,"2025-05-08 08:02:39",2000,Rent,Posted,2025-05-01,2025-06-30,salamr@alhabib.om
TAG2500628,2025-04-30,"2025-05-02 12:21:37",540053,CAR2500986,2025-05-07,"2025-05-07 15:45:59",42,General,Posted,,,dbabu@alhabib.om
TAG2500628,2025-04-30,"2025-05-02 12:21:37",540052,CAR2500985,2025-05-07,"2025-05-07 15:44:20",61.7,General,Posted,,,dbabu@alhabib.om
TAG2302459,2023-12-31,"2024-01-27 14:58:45",539704,CPY2508838,2025-05-01,"2025-05-06 14:34:01",245,Rent,Posted,2023-07-01,2023-09-14,sirajm@alhabib.om
TAG2400295,2025-04-30,"2025-05-02 12:06:16",539682,CAR2500963,2025-05-05,"2025-05-05 16:12:54",4.6,General,Posted,,,dbabu@alhabib.om
TAG2301511,2024-08-20,"2024-08-27 16:47:09",539675,CPY2508815,2025-05-05,"2025-05-05 15:39:32",200,Rent,Posted,2024-07-21,2024-08-20,dbabu@alhabib.om
TAG2501156,2025-04-30,"2025-05-02 12:10:51",539624,CAR2500954,2025-05-04,"2025-05-04 15:56:29",100,Rent,Posted,2025-03-04,2025-03-19,dbabu@alhabib.om
TAG2401540,2025-03-31,"2025-03-31 11:46:19",539533,CPY2508690,2025-04-30,"2025-05-01 12:13:58",13,General,Posted,,,dbabu@alhabib.om
TAG2400187,2024-09-30,"2024-10-23 07:34:46",539504,CPY2508672,2025-02-28,"2025-04-30 15:01:24",120,General,Posted,,,sirajm@alhabib.om
TAG2302887,2025-03-31,"2025-03-31 11:51:08",539393,CPY2508576,2025-04-29,"2025-04-29 16:48:27",49,General,Posted,,,dbabu@alhabib.om
TAG2302887,2025-03-31,"2025-03-31 11:51:08",539391,CAR2500919,2025-04-29,"2025-04-29 16:30:46",20,General,Posted,,,dbabu@alhabib.om
TAG2302887,2025-03-31,"2025-03-31 11:51:08",539390,CAR2500918,2025-04-29,"2025-04-29 16:29:44",80,General,Posted,,,dbabu@alhabib.om
TAG2302887,2025-03-31,"2025-03-31 11:51:08",539389,CAR2500917,2025-04-29,"2025-04-29 16:28:00",100,Rent,Posted,2025-03-15,2025-03-31,dbabu@alhabib.om
TAG2401540,2025-03-31,"2025-03-31 11:46:19",539388,CAR2500916,2025-04-29,"2025-04-29 16:25:03",29,General,Posted,,,dbabu@alhabib.om
TAG2401540,2025-03-31,"2025-03-31 11:46:19",539387,CAR2500915,2025-04-29,"2025-04-29 16:18:20",71,General,Posted,,,dbabu@alhabib.om
TAG2401540,2025-03-31,"2025-03-31 11:46:19",539386,CAR2500914,2025-04-29,"2025-04-29 16:16:36",100,Rent,Posted,2025-03-16,2025-03-31,dbabu@alhabib.om
TAG2402351,2024-11-30,"2024-12-30 09:36:17",539317,CPY2508514,2025-04-01,"2025-04-28 17:10:35",730.62,General,Posted,,,sirajm@alhabib.om
TAG1700229,2017-01-01,"2008-03-31 00:00:00",539235,CPY2508433,2025-04-27,"2025-04-28 14:11:06",500,Rent,Posted,2017-05-10,2017-06-22,salamr@alhabib.om
TAG2500031,2025-02-28,"2025-03-18 08:30:54",539122,CAR2500880,2025-04-24,"2025-04-24 11:50:57",10,General,Posted,,,dbabu@alhabib.om
TAG2500031,2025-02-28,"2025-03-18 08:30:54",539121,CAR2500879,2025-04-24,"2025-04-24 11:48:46",93.9,General,Posted,,,dbabu@alhabib.om
TAG2500526,2025-04-15,"2025-04-22 18:12:06",539085,CAR2500876,2025-04-23,"2025-04-23 15:42:55",31.5,General,Posted,,,dbabu@alhabib.om
TAG2500526,2025-04-15,"2025-04-22 18:12:06",539084,CAR2500875,2025-04-23,"2025-04-23 15:41:55",10.7,General,Posted,,,dbabu@alhabib.om
TAG2002524,2020-08-31,"2020-10-27 21:44:15",539005,CPY2508247,2025-04-16,"2025-04-22 15:49:56",45,General,Posted,,,dbabu@alhabib.om
TAG2002524,2020-08-31,"2020-10-27 21:44:15",539004,CPY2508246,2025-04-16,"2025-04-22 15:48:44",130,General,Posted,,,dbabu@alhabib.om
TAG2002524,2020-08-31,"2020-10-27 21:44:15",539003,CPY2508245,2025-04-16,"2025-04-22 15:43:31",126,General,Posted,,,dbabu@alhabib.om
TAG2002524,2020-08-31,"2020-10-27 21:44:15",539002,CPY2508244,2025-04-16,"2025-04-22 15:41:44",750,Rent,Posted,2020-06-01,2020-08-31,dbabu@alhabib.om
TAG2401858,2025-03-31,"2025-03-31 11:48:34",538918,CPY2508171,2025-04-21,"2025-04-21 18:15:01",75.6,General,Posted,,,dbabu@alhabib.om
TAG2401858,2025-03-31,"2025-03-31 11:48:34",538917,CAR2500849,2025-04-21,"2025-04-21 18:10:26",160,Rent,Posted,2025-03-01,2025-03-31,dbabu@alhabib.om
TAG2400525,2024-06-30,"2024-07-15 18:59:59",538907,CPY2508163,2025-04-20,"2025-04-21 17:33:27",100,General,Posted,,,dbabu@alhabib.om
TAG2101703,2022-10-31,"2022-12-05 11:48:47",538711,CAR2500846,2025-04-21,"2025-04-21 10:52:46",160,Rent,Posted,2022-10-11,2022-10-31,dbabu@alhabib.om
TAG2402504,2024-12-31,"2025-01-28 15:21:13",538433,CPY2507694,2025-04-10,"2025-04-20 10:55:33",195,Rent,Posted,2024-11-16,2024-12-30,salamr@alhabib.om
TAG2302867,2025-02-28,"2025-03-14 14:21:28",538102,CAR2500827,2025-04-17,"2025-04-17 09:25:27",100,General,Posted,,,dbabu@alhabib.om
TAG2302367,2024-12-31,"2025-02-04 11:20:15",538020,CPY2507297,2025-04-15,"2025-04-16 12:48:57",50,Rent,Posted,2024-12-11,2024-12-17,dbabu@alhabib.om
TAG2300931,2023-05-31,"2023-06-07 08:13:34",538006,CPY2507288,2025-04-15,"2025-04-15 17:36:14",2400,Rent,Posted,2022-07-11,2023-05-31,dbabu@alhabib.om
TAG2400215,2025-02-28,"2025-04-08 13:19:32",537950,CAR2500816,2025-04-15,"2025-04-15 15:54:54",292.3,General,Posted,,,dbabu@alhabib.om
TAG2301647,2024-03-31,"2024-04-07 15:38:46",537614,CAR2500780,2025-04-13,"2025-04-13 12:37:06",183.6,General,Posted,,,dbabu@alhabib.om
TAG2400139,2025-03-31,"2025-03-31 11:50:10",537174,CAR2500770,2025-04-12,"2025-04-12 11:41:59",84.5,General,Posted,,,dbabu@alhabib.om
TAG2400139,2025-03-31,"2025-03-31 11:50:10",537173,CAR2500769,2025-04-12,"2025-04-12 11:40:14",95.5,General,Posted,,,sirajm@alhabib.om
TAG2400139,2025-03-31,"2025-03-31 11:50:10",537171,CPY2506505,2025-04-07,"2025-04-12 11:34:08",22.6,General,Posted,,,sirajm@alhabib.om
TAG2402330,2025-03-31,"2025-04-08 13:21:15",537170,CAR2500768,2025-04-12,"2025-04-12 11:29:28",94.5,General,Posted,,,sirajm@alhabib.om
TAG2402330,2025-03-31,"2025-04-08 13:21:15",537169,CAR2500767,2025-04-12,"2025-04-12 11:28:45",10,General,Posted,,,sirajm@alhabib.om
TAG2402330,2025-03-31,"2025-04-08 13:21:15",537168,CAR2500766,2025-04-12,"2025-04-12 11:27:19",48.6,General,Posted,,,sirajm@alhabib.om
TAG2402330,2025-03-31,"2025-04-08 13:21:15",537167,CAR2500765,2025-04-12,"2025-04-12 11:26:32",26.9,General,Posted,,,sirajm@alhabib.om
TAG2500051,2025-01-31,"2025-03-10 08:39:22",537166,CPY2506504,2025-04-06,"2025-04-11 18:22:30",100,General,Posted,,,dbabu@alhabib.om
TAG2300114,2021-11-30,"2023-02-09 09:50:31",537114,CPY2506452,2025-04-07,"2025-04-10 16:42:46",760,Rent,Posted,2019-10-28,2020-01-28,dbabu@alhabib.om
TAG2302885,2025-03-15,"2025-03-31 11:47:29",537086,CAR2500763,2025-04-10,"2025-04-10 11:36:18",63,General,Posted,,,dbabu@alhabib.om
TAG2302885,2025-03-15,"2025-03-31 11:47:29",537085,CAR2500762,2025-04-10,"2025-04-10 11:35:09",9.4,General,Posted,,,dbabu@alhabib.om
TAG2300931,2023-05-31,"2023-06-07 08:13:34",537032,CPY2506397,2025-04-06,"2025-04-09 11:51:19",150,Rent,Posted,2022-06-21,2022-07-10,dbabu@alhabib.om
TAG2500586,2025-02-28,"2025-03-18 08:27:24",536967,CAR2500729,2025-04-08,"2025-04-08 14:56:19",6.1,General,Posted,,,dbabu@alhabib.om
TAG2500898,2025-03-31,"2025-03-31 11:52:04",536965,CAR2500727,2025-04-08,"2025-04-08 11:52:55",84,General,Posted,,,dbabu@alhabib.om
TAG2500898,2025-03-31,"2025-03-31 11:52:04",536964,CAR2500726,2025-04-08,"2025-04-08 11:52:03",9.2,General,Posted,,,dbabu@alhabib.om
TAG2500051,2025-01-31,"2025-03-10 08:39:22",536960,CPY2506340,2025-03-20,"2025-04-08 10:40:50",185,General,Posted,,,dbabu@alhabib.om
TAG2500051,2025-01-31,"2025-03-10 08:39:22",536959,CPY2506339,2025-03-20,"2025-04-08 10:36:40",15,Rent,Posted,2025-01-28,2025-01-31,dbabu@alhabib.om
TAG2101739,2021-09-30,"2021-11-07 16:32:25",536944,CAR2500715,2025-04-07,"2025-04-07 15:30:31",1200,Rent,Posted,2021-04-01,2021-08-24,dbabu@alhabib.om
TAG2101738,2021-09-30,"2021-11-07 16:32:12",536942,CAR2500713,2025-04-07,"2025-04-07 15:28:54",1200,Rent,Posted,2021-04-01,2021-08-24,dbabu@alhabib.om
TAG2302578,2025-01-31,"2025-02-02 16:05:22",536916,CPY2506319,2025-03-13,"2025-04-07 10:18:33",425,Rent,Posted,2025-01-01,2025-01-31,dbabu@alhabib.om
TAG1700229,2017-01-01,"2008-03-31 00:00:00",536901,CPY2506305,2025-03-27,"2025-04-07 10:04:42",500,Rent,Posted,2017-03-27,2017-05-09,salamr@alhabib.om
TAG2402098,2025-02-14,"2025-03-10 17:51:31",536834,CPY2506256,2025-03-19,"2025-04-01 12:19:32",180,Rent,Posted,2025-01-15,2025-01-31,sirajm@alhabib.om
TAG2401005,2025-02-28,"2025-03-18 15:19:07",536762,CAR2500678,2025-03-27,"2025-03-29 14:21:44",147.2,General,Posted,,,sirajm@alhabib.om
TAG2401005,2025-02-28,"2025-03-18 15:19:07",536761,CPY2506186,2025-03-27,"2025-03-29 14:17:07",50,General,Posted,,,sirajm@alhabib.om
TAG2401005,2025-02-28,"2025-03-18 15:19:07",536760,CPY2506185,2025-03-27,"2025-03-29 14:15:08",190,Rent,Posted,2025-02-10,2025-02-28,sirajm@alhabib.om
TAG2402083,2024-12-31,"2025-01-28 12:41:21",536739,CPY2506182,2025-03-25,"2025-03-26 14:37:51",60,General,Posted,,,salamr@alhabib.om
TAG2402083,2024-12-31,"2025-01-28 12:41:21",536738,CPY2506181,2025-03-25,"2025-03-26 14:36:09",512,General,Posted,,,salamr@alhabib.om
TAG2400051,2025-03-15,"2025-03-18 15:18:53",536692,CAR2500656,2025-03-26,"2025-03-26 11:22:28",72.3,General,Posted,,,sirajm@alhabib.om
TAG2400051,2025-03-15,"2025-03-18 15:18:53",536691,CAR2500655,2025-03-26,"2025-03-26 11:19:14",200,Rent,Posted,2025-02-16,2025-03-15,sirajm@alhabib.om
TAG2400087,2025-02-28,"2025-03-14 14:22:22",536655,CAR2500649,2025-03-25,"2025-03-25 09:23:20",55,General,Posted,,,dbabu@alhabib.om
TAG2400087,2025-02-28,"2025-03-14 14:22:22",536654,CAR2500648,2025-03-25,"2025-03-25 09:22:29",80.5,General,Posted,,,dbabu@alhabib.om
TAG2500006,2025-02-28,"2025-03-15 14:00:45",536579,CAR2500644,2025-03-24,"2025-03-24 09:57:56",89.25,General,Posted,,,dbabu@alhabib.om
TAG2500006,2025-02-28,"2025-03-15 14:00:45",536578,CAR2500643,2025-03-24,"2025-03-24 09:56:12",38.4,General,Posted,,,dbabu@alhabib.om
TAG2300803,2025-03-15,"2025-03-15 14:04:04",536560,CPY2506021,2025-03-23,"2025-03-23 15:19:48",60,General,Posted,,,dbabu@alhabib.om
TAG2300803,2025-03-15,"2025-03-15 14:04:04",536559,CPY2506020,2025-03-23,"2025-03-23 15:15:29",8.9,General,Posted,,,dbabu@alhabib.om
TAG2300803,2025-03-15,"2025-03-15 14:04:04",536558,CPY2506019,2025-03-23,"2025-03-23 15:07:21",9,General,Posted,,,dbabu@alhabib.om
TAG2300803,2025-03-15,"2025-03-15 14:04:04",536557,CAR2500641,2025-03-23,"2025-03-23 15:05:06",150,Rent,Posted,2025-02-16,2025-03-15,dbabu@alhabib.om
TAG2302673,2025-02-28,"2025-03-18 15:19:37",536556,CAR2500640,2025-03-23,"2025-03-23 14:07:40",57.75,General,Posted,,,dbabu@alhabib.om
TAG2302673,2025-02-28,"2025-03-18 15:19:37",536555,CAR2500639,2025-03-23,"2025-03-23 14:06:55",14.8,General,Posted,,,dbabu@alhabib.om
TAG2500207,2025-01-31,"2025-02-11 10:35:47",536550,CAR2500634,2025-03-23,"2025-03-23 13:05:43",70,General,Posted,,,dbabu@alhabib.om
TAG2500207,2025-01-31,"2025-02-11 10:35:47",536549,CAR2500633,2025-03-23,"2025-03-23 13:04:50",27.4,General,Posted,,,dbabu@alhabib.om
TAG2402321,2025-03-31,"2025-03-05 18:16:56",536488,CPY2505963,2025-03-05,"2025-03-19 23:07:07",150,Rent,Posted,2025-03-01,2025-03-31,sirajm@alhabib.om
TAG2401358,2025-03-31,"2025-03-19 09:20:03",536420,CAR2500625,2025-03-19,"2025-03-19 12:36:21",100,General,Posted,,,dbabu@alhabib.om
TAG2401358,2025-03-31,"2025-03-19 09:20:03",536418,CAR2500624,2025-03-19,"2025-03-19 12:35:05",61,General,Posted,,,dbabu@alhabib.om
TAG1601632,2017-04-30,"2008-03-31 00:00:00",535945,CPY2505457,2025-03-12,"2025-03-13 22:13:05",10,General,Posted,,,dbabu@alhabib.om
TAG1601632,2017-04-30,"2008-03-31 00:00:00",535632,CAR2500571,2025-03-12,"2025-03-12 09:40:17",100,General,Posted,,,dbabu@alhabib.om
TAG1601632,2017-04-30,"2008-03-31 00:00:00",535631,CAR2500570,2025-03-12,"2025-03-12 09:39:26",100,General,Posted,,,dbabu@alhabib.om
TAG2302592,2025-01-15,"2025-02-11 10:38:22",535621,CAR2500568,2025-03-11,"2025-03-11 14:52:06",230,General,Posted,,,dbabu@alhabib.om
TAG2302592,2025-01-15,"2025-02-11 10:38:22",535620,CPY2505155,2025-02-25,"2025-03-11 14:49:58",250.95,General,Posted,,,dbabu@alhabib.om
TAG2302592,2025-01-15,"2025-02-11 10:38:22",535619,CPY2505154,2025-02-25,"2025-03-11 14:47:02",40.15,General,Posted,,,dbabu@alhabib.om
TAG2401582,2025-02-28,"2025-03-06 12:53:27",535468,CPY2505019,2025-03-09,"2025-03-10 09:43:37",100,General,Posted,,,dbabu@alhabib.om
TAG2400753,2024-10-15,"2024-11-13 17:20:20",535463,CPY2505016,2025-03-09,"2025-03-09 22:51:10",560,Rent,Posted,2024-01-16,2024-03-15,dbabu@alhabib.om
TAG2300114,2021-11-30,"2023-02-09 09:50:31",535445,CPY2504998,2025-03-06,"2025-03-09 22:05:39",760,Rent,Posted,2019-07-27,2019-10-27,dbabu@alhabib.om
TAG2500658,2025-03-24,"2025-03-03 09:02:16",535123,CPY2504683,2025-03-03,"2025-03-09 09:20:26",280,Rent,Posted,2025-02-25,2025-03-24,salamr@alhabib.om
TAG2302698,2025-01-31,"2025-02-27 16:55:23",535092,CPY2504654,2025-03-06,"2025-03-06 14:50:04",63,General,Posted,,,dbabu@alhabib.om
TAG2302698,2025-01-31,"2025-02-27 16:55:23",535091,CPY2504653,2025-03-06,"2025-03-06 14:48:38",11.2,General,Posted,,,dbabu@alhabib.om
TAG2401222,2025-01-10,"2025-02-11 10:36:21",534651,CAR2500517,2025-03-04,"2025-03-04 14:11:37",250,General,Posted,,,dbabu@alhabib.om
TAG2301511,2024-08-20,"2024-08-27 16:47:09",534645,CPY2504231,2025-03-04,"2025-03-04 12:39:26",200,Rent,Posted,2024-06-21,2024-07-20,dbabu@alhabib.om
TAG2401222,2025-01-10,"2025-02-11 10:36:21",534567,CPY2504165,2025-03-02,"2025-03-03 12:16:09",49.25,General,Posted,,,dbabu@alhabib.om
TAG2401222,2025-01-10,"2025-02-11 10:36:21",534566,CPY2504164,2025-03-02,"2025-03-03 12:14:24",47.6,General,Posted,,,dbabu@alhabib.om
TAG2300931,2023-05-31,"2023-06-07 08:13:34",534552,CPY2504154,2025-03-02,"2025-03-02 22:58:48",150,Rent,Posted,2022-06-01,2022-06-20,dbabu@alhabib.om
TAG2402049,2024-12-31,"2024-11-26 11:38:17",534500,CPY2504105,2025-02-27,"2025-03-02 15:05:28",260,Rent,Posted,2024-12-01,2024-12-31,dbabu@alhabib.om
TAG2400271,2024-03-31,"2024-04-04 12:14:31",534479,CAR2500482,2025-03-02,"2025-03-02 09:17:15",100,General,Posted,,,dbabu@alhabib.om
TAG2400271,2024-03-31,"2024-04-04 12:14:31",534478,CAR2500481,2025-03-02,"2025-03-02 09:14:56",72.8,Rent,Posted,2024-03-16,2024-03-31,dbabu@alhabib.om
TAG2400271,2024-03-31,"2024-04-04 12:14:31",534477,CAR2500480,2025-03-02,"2025-03-02 09:13:58",77.4,Rent,Posted,2024-03-01,2024-03-15,dbabu@alhabib.om
TAG1700229,2017-01-01,"2008-03-31 00:00:00",534416,CPY2504048,2025-02-27,"2025-02-27 14:49:48",500,Rent,Posted,2017-02-14,2017-03-26,salamr@alhabib.om
TAG2401593,2024-09-30,"2024-11-23 11:09:19",534332,CAR2500463,2025-02-27,"2025-02-27 08:56:35",48.65,General,Posted,,,dbabu@alhabib.om
TAG2401593,2024-09-30,"2024-11-23 11:09:19",534331,CAR2500462,2025-02-27,"2025-02-27 08:54:49",10,General,Posted,,,dbabu@alhabib.om
TAG2401593,2024-09-30,"2024-11-23 11:09:19",534330,CAR2500461,2025-02-27,"2025-02-27 08:53:59",187.85,General,Posted,,,dbabu@alhabib.om
TAG2401593,2024-09-30,"2024-11-23 11:09:19",534329,CAR2500460,2025-02-27,"2025-02-27 08:52:50",22.5,General,Posted,,,dbabu@alhabib.om
TAG2401593,2024-09-30,"2024-11-23 11:09:19",534328,CAR2500459,2025-02-27,"2025-02-27 08:51:49",450,Rent,Posted,2024-09-01,2024-09-30,dbabu@alhabib.om
TAG2302627,2024-01-31,"2024-02-07 10:07:01",534299,CAR2500448,2025-02-26,"2025-02-26 11:46:52",400,Rent,Posted,2024-01-01,2024-01-31,dbabu@alhabib.om
TAG2202306,2021-03-09,"2023-02-28 11:41:02",534223,CPY2503897,2025-02-24,"2025-02-24 15:37:39",250,Rent,Posted,2020-04-03,2020-04-13,dbabu@alhabib.om
TAG2302818,2025-01-31,"2025-02-20 11:32:20",534072,CAR2500406,2025-02-20,"2025-02-20 12:25:10",120,Rent,Posted,2025-01-01,2025-01-31,dbabu@alhabib.om
TAG2401991,2025-01-31,"2025-02-20 11:34:30",534071,CAR2500405,2025-02-20,"2025-02-20 12:24:42",80,Rent,Posted,2025-01-01,2025-01-31,dbabu@alhabib.om
TAG2302627,2024-01-31,"2024-02-07 10:07:01",534065,CAR2500403,2025-02-20,"2025-02-20 11:03:48",20,General,Posted,,,dbabu@alhabib.om
TAG2401010,2024-12-31,"2025-01-02 11:56:07",533779,CPY2503487,2025-01-31,"2025-02-19 08:58:58",75,General,Posted,,,sirajm@alhabib.om
TAG2400525,2024-06-30,"2024-07-15 18:59:59",533080,CPY2502844,2025-02-10,"2025-02-10 17:32:57",20,General,Posted,,,dbabu@alhabib.om
TAG2400525,2024-06-30,"2024-07-15 18:59:59",533079,CAR2500338,2025-02-10,"2025-02-10 17:30:43",100,General,Posted,,,dbabu@alhabib.om
TAG2400525,2024-06-30,"2024-07-15 18:59:59",533078,CAR2500337,2025-02-10,"2025-02-10 17:27:12",80,Rent,Posted,2024-06-18,2024-06-30,dbabu@alhabib.om
TAG2400525,2024-06-30,"2024-07-15 18:59:59",533077,CPY2502843,2025-02-01,"2025-02-10 17:26:17",100,Rent,Posted,2024-06-01,2024-06-17,dbabu@alhabib.om
TAG2402019,2024-12-31,"2024-11-24 14:49:08",533058,CPY2502828,2025-02-10,"2025-02-10 14:38:51",330,Rent,Posted,2024-12-01,2024-12-31,dbabu@alhabib.om
TAG2302012,2024-11-30,"2024-12-18 11:33:00",532661,CPY2502466,2025-02-06,"2025-02-06 12:45:29",1260,Rent,Posted,2024-08-01,2024-08-31,sirajm@alhabib.om
TAG2300642,2024-04-30,"2024-04-24 16:32:18",532384,CAR2500276,2025-02-05,"2025-02-05 12:09:57",12.7,General,Posted,,,dbabu@alhabib.om
TAG2402051,2024-12-31,"2024-12-04 08:32:52",532358,CPY2502189,2025-02-04,"2025-02-04 15:59:43",300,Rent,Posted,2024-12-01,2024-12-31,dbabu@alhabib.om
TAG2300267,2024-02-29,"2024-04-27 07:48:27",532354,CPY2502186,2025-02-04,"2025-02-04 15:43:43",50,Rent,Posted,2024-01-16,2024-01-31,dbabu@alhabib.om
TAG1601632,2017-04-30,"2008-03-31 00:00:00",532325,CAR2500267,2025-02-04,"2025-02-04 11:50:08",200,General,Posted,,,dbabu@alhabib.om
TAG2302261,2024-12-31,"2025-02-02 17:30:53",532189,CPY2502035,2025-02-02,"2025-02-03 18:36:33",15,General,Posted,,,dbabu@alhabib.om
TAG2300931,2023-05-31,"2023-06-07 08:13:34",532134,CPY2501987,2025-02-02,"2025-02-03 11:39:15",150,Rent,Posted,2022-05-11,2022-05-31,dbabu@alhabib.om
TAG2401733,2024-11-30,"2025-02-02 12:32:25",532100,CAR2500242,2025-02-02,"2025-02-02 14:32:59",80,Rent,Posted,2024-11-01,2024-11-30,dbabu@alhabib.om
TAG2300235,2024-03-15,"2024-03-27 13:21:49",532074,CAR2500235,2025-02-02,"2025-02-02 09:21:26",69.5,General,Posted,,,dbabu@alhabib.om
TAG2300235,2024-03-15,"2024-03-27 13:21:49",532073,CAR2500234,2025-02-02,"2025-02-02 09:20:23",246.4,General,Posted,,,dbabu@alhabib.om
TAG2300235,2024-03-15,"2024-03-27 13:21:49",532072,CAR2500233,2025-02-02,"2025-02-02 09:17:02",675,Rent,Posted,2024-02-01,2024-03-15,dbabu@alhabib.om
TAG2300235,2024-03-15,"2024-03-27 13:21:49",532071,CAR2500232,2025-02-02,"2025-02-02 09:14:52",450,Rent,Posted,2024-01-01,2024-01-31,dbabu@alhabib.om
TAG2201351,2022-10-31,"2023-01-08 07:53:49",532066,CPY2501939,2025-01-20,"2025-02-01 12:26:24",286.717,General,Posted,,,sirajm@alhabib.om
TAG2201351,2022-10-31,"2023-01-08 07:53:49",532065,CPY2501938,2025-01-20,"2025-02-01 12:20:34",560,Rent,Posted,2022-09-01,2022-10-31,sirajm@alhabib.om
TAG1700229,2017-01-01,"2008-03-31 00:00:00",531975,CPY2501857,2025-01-28,"2025-01-29 09:18:20",500,Rent,Posted,2017-01-01,2017-02-13,salamr@alhabib.om
TAG2302705,2024-12-31,"2025-01-26 12:46:39",531933,CPY2501821,2025-01-20,"2025-01-28 11:52:01",460,Rent,Posted,2024-12-01,2024-12-31,dbabu@alhabib.om
TAG2202306,2021-03-09,"2023-02-28 11:41:02",531821,CPY2501734,2025-01-26,"2025-01-26 11:35:00",250,Rent,Posted,2020-03-22,2020-04-02,dbabu@alhabib.om
TAG2401555,2024-12-10,"2025-01-05 15:24:53",531697,CAR2500167,2025-01-22,"2025-01-22 09:11:19",98.7,General,Posted,,,dbabu@alhabib.om
TAG2401555,2024-12-10,"2025-01-05 15:24:53",531696,CAR2500166,2025-01-22,"2025-01-22 09:09:42",76.3,General,Posted,,,dbabu@alhabib.om
TAG2401555,2024-12-10,"2025-01-05 15:24:53",531695,CPY2501632,2025-01-22,"2025-01-22 09:08:06",32,General,Posted,,,dbabu@alhabib.om
TAG2402351,2024-11-30,"2024-12-30 09:36:17",531693,CPY2501631,2024-12-31,"2025-01-21 17:24:53",2047.144,General,Posted,,,sirajm@alhabib.om
TAG2402351,2024-11-30,"2024-12-30 09:36:17",531692,CPY2501630,2024-12-31,"2025-01-21 17:22:15",13568,Rent,Posted,2024-11-01,2024-11-30,sirajm@alhabib.om
TAG2302169,2024-12-31,"2025-01-12 11:48:37",531632,CPY2501576,2025-01-19,"2025-01-20 15:16:12",57.75,General,Posted,,,dbabu@alhabib.om
TAG2400953,2024-07-31,"2024-08-27 11:58:45",531365,CAR2500148,2025-01-19,"2025-01-19 14:54:40",160,Rent,Posted,2024-07-01,2024-07-31,dbabu@alhabib.om
TAG2301511,2024-08-20,"2024-08-27 16:47:09",531310,CPY2501270,2025-01-13,"2025-01-19 10:47:30",200,Rent,Posted,2024-05-21,2024-06-20,dbabu@alhabib.om
TAG2401990,2024-12-31,"2025-01-05 15:24:38",530953,CPY2500931,2025-01-15,"2025-01-15 16:43:25",70,General,Posted,,,dbabu@alhabib.om
TAG2401990,2024-12-31,"2025-01-05 15:24:38",530952,CPY2500930,2025-01-15,"2025-01-15 16:42:09",48.1,General,Posted,,,dbabu@alhabib.om
TAG2401990,2024-12-31,"2025-01-05 15:24:38",530951,CAR2500124,2025-01-15,"2025-01-15 16:39:18",115,General,Posted,,,dbabu@alhabib.om
TAG2401990,2024-12-31,"2025-01-05 15:24:38",530950,CAR2500123,2025-01-15,"2025-01-15 16:37:50",115,Rent,Posted,2024-12-16,2024-12-31,dbabu@alhabib.om
TAG2401759,2024-11-30,"2024-12-03 17:33:51",530843,CAR2500112,2025-01-15,"2025-01-15 09:48:12",150,Rent,Posted,2024-11-01,2024-11-30,dbabu@alhabib.om
TAG2401759,2024-11-30,"2024-12-03 17:33:51",530840,CPY2500833,2025-01-14,"2025-01-15 09:34:58",42,General,Posted,,,dbabu@alhabib.om
TAG2401759,2024-11-30,"2024-12-03 17:33:51",530839,CPY2500832,2025-01-14,"2025-01-15 09:32:14",27.3,General,Posted,,,dbabu@alhabib.om
TAG2401759,2024-11-30,"2024-12-03 17:33:51",530798,CPY2500792,2025-01-14,"2025-01-14 15:52:21",150,Rent,Posted,2024-10-01,2024-10-31,dbabu@alhabib.om
TAG2400370,2024-09-30,"2024-10-13 20:34:51",530797,CPY2500791,2025-01-14,"2025-01-14 15:48:43",139.3,General,Posted,,,dbabu@alhabib.om
TAG2400370,2024-09-30,"2024-10-13 20:34:51",530776,CAR2500104,2025-01-13,"2025-01-13 15:25:40",100,Rent,Posted,2024-09-01,2024-09-30,dbabu@alhabib.om
TAG2300114,2021-11-30,"2023-02-09 09:50:31",530357,CPY2500391,2025-01-08,"2025-01-08 18:48:36",760,Rent,Posted,2019-04-26,2019-07-26,dbabu@alhabib.om
TAG2302782,2024-12-31,"2025-01-06 09:26:35",530340,CPY2500374,2025-01-06,"2025-01-08 17:23:30",115,Rent,Posted,2024-12-11,2024-12-31,dbabu@alhabib.om
TAG2401349,2024-11-30,"2024-12-23 09:39:41",530306,CPY2500343,2025-01-02,"2025-01-08 14:22:38",100,Rent,Posted,2024-12-01,2024-12-31,dbabu@alhabib.om
TAG2300267,2024-02-29,"2024-04-27 07:48:27",530219,CPY2500270,2025-01-01,"2025-01-07 16:00:44",50,Rent,Posted,2024-01-01,2024-01-15,dbabu@alhabib.om
TAG2201502,2023-06-14,"2025-01-01 14:33:50",529857,CPY2423552,2024-12-31,"2025-01-01 15:09:28",793.5,Rent,Posted,2023-02-01,2023-06-14,sirajm@alhabib.om
TAG2300931,2023-05-31,"2023-06-07 08:13:34",529835,CPY2423533,2024-12-31,"2024-12-31 18:04:56",150,Rent,Posted,2022-04-21,2022-05-10,dbabu@alhabib.om
TAG2402037,2024-12-31,"2024-11-24 11:56:07",529799,CPY2423511,2024-12-30,"2024-12-31 08:16:38",270,Rent,Posted,2024-12-01,2024-12-31,sirajm@alhabib.om
TAG1903583,2020-04-30,"2021-03-02 12:00:34",529745,CAR2402532,2024-12-30,"2024-12-30 11:45:29",290,Rent,Posted,2020-05-01,2020-05-31,dbabu@alhabib.om
TAG2400790,2024-11-15,"2024-11-09 06:31:20",529718,CPY2423458,2024-12-29,"2024-12-29 18:03:49",95,Rent,Posted,2024-11-01,2024-11-15,sirajm@alhabib.om
TAG2202306,2021-03-09,"2023-02-28 11:41:02",529525,CPY2423287,2024-12-24,"2024-12-24 15:54:02",250,Rent,Posted,2020-03-11,2020-03-21,dbabu@alhabib.om
TAG2300045,2023-06-30,"2023-07-01 17:59:49",529502,CPY2423266,2024-12-23,"2024-12-24 11:14:19",1500,Rent,Posted,2023-01-01,2023-05-31,sirajm@alhabib.om
TAG2301599,2024-05-31,"2024-06-09 15:46:04",529493,CPY2423260,2024-12-22,"2024-12-23 15:20:11",250,Rent,Posted,2024-05-25,2024-06-02,salamr@alhabib.om
TAG2301599,2024-05-31,"2024-06-09 15:46:04",529492,CPY2423259,2024-12-22,"2024-12-23 15:19:58",67.5,General,Posted,,,salamr@alhabib.om
TAG2301599,2024-05-31,"2024-06-09 15:46:04",529491,CPY2423258,2024-12-22,"2024-12-23 15:18:56",232.5,General,Posted,,,salamr@alhabib.om
TAG2200805,2022-08-31,"2022-10-11 08:38:28",529407,CPY2423176,2024-11-30,"2024-12-23 10:43:34",120,General,Posted,,,sirajm@alhabib.om
TAG2400370,2024-09-30,"2024-10-13 20:34:51",529398,CPY2423169,2024-12-01,"2024-12-22 18:53:37",30,General,Posted,,,sirajm@alhabib.om
TAG2302845,2024-12-14,"2024-12-05 11:45:25",529392,CPY2423163,2024-12-08,"2024-12-22 16:07:04",50,General,Posted,,,dbabu@alhabib.om
TAG2302737,2022-01-31,"2024-02-04 09:11:48",529337,CPY2423111,2024-12-21,"2024-12-21 11:30:30",600,Rent,Posted,2021-11-13,2022-01-31,sirajm@alhabib.om
TAG2302737,2022-01-31,"2024-02-04 09:11:48",529302,CPY2423076,2024-12-18,"2024-12-19 12:49:43",500,Rent,Posted,2021-07-13,2021-11-12,sirajm@alhabib.om
TAG2401195,2024-11-15,"2024-12-02 17:49:32",529286,CPY2423060,2024-12-19,"2024-12-19 09:57:31",63,General,Posted,,,dbabu@alhabib.om
TAG2401195,2024-11-15,"2024-12-02 17:49:32",529285,CPY2423059,2024-12-19,"2024-12-19 09:53:20",30,General,Posted,,,dbabu@alhabib.om
TAG2401195,2024-11-15,"2024-12-02 17:49:32",529284,CPY2423058,2024-12-19,"2024-12-19 09:52:16",52.3,General,Posted,,,dbabu@alhabib.om
TAG2400558,2024-10-31,"2024-11-13 17:21:14",528970,CPY2422752,2024-12-16,"2024-12-17 19:09:42",3.7,General,Posted,,,sirajm@alhabib.om
TAG2400558,2024-10-31,"2024-11-13 17:21:14",528969,CPY2422751,2024-12-17,"2024-12-17 19:06:29",71.3,General,Posted,,,sirajm@alhabib.om
TAG2400558,2024-10-31,"2024-11-13 17:21:14",528968,CPY2422750,2024-12-16,"2024-12-17 19:05:19",75,General,Posted,,,sirajm@alhabib.om
TAG2400187,2024-09-30,"2024-10-23 07:34:46",528942,CPY2422724,2024-12-12,"2024-12-17 16:15:35",120,Rent,Posted,2024-12-01,2024-12-31,salamr@alhabib.om
TAG2400953,2024-07-31,"2024-08-27 11:58:45",528498,CPY2422305,2024-12-11,"2024-12-11 19:28:43",32.2,General,Posted,,,dbabu@alhabib.om
TAG2400953,2024-07-31,"2024-08-27 11:58:45",528497,CPY2422304,2024-12-11,"2024-12-11 19:27:24",160,Rent,Posted,2024-06-01,2024-06-30,dbabu@alhabib.om
TAG2401533,2024-09-15,"2024-10-10 14:41:39",528451,CPY2422261,2024-11-30,"2024-12-11 15:56:01",392.824,General,Posted,,,sirajm@alhabib.om
TAG2301517,2024-09-30,"2024-10-10 14:38:09",528448,CAR2402446,2024-12-11,"2024-12-11 15:02:53",25,General,Posted,,,dbabu@alhabib.om
TAG2301517,2024-09-30,"2024-10-10 14:38:09",528447,CAR2402445,2024-12-11,"2024-12-11 15:01:49",62.7,General,Posted,,,dbabu@alhabib.om
TAG2301222,2024-08-15,"2024-08-17 12:10:29",528402,CAR2402439,2024-12-10,"2024-12-10 16:49:19",15,General,Posted,,,sirajm@alhabib.om
TAG2301222,2024-08-15,"2024-08-17 12:10:29",528401,CAR2402438,2024-12-10,"2024-12-10 16:48:36",32.7,General,Posted,,,dbabu@alhabib.om
TAG2000295,2021-01-31,"2021-05-19 09:48:59",528042,CPY2421879,2024-10-31,"2024-12-09 15:37:32",400,General,Posted,,,sirajm@alhabib.om
TAG2300114,2021-11-30,"2023-02-09 09:50:31",527913,CPY2421766,2024-12-08,"2024-12-08 12:16:31",760,Rent,Posted,2019-01-25,2019-04-25,dbabu@alhabib.om
TAG2402049,2024-12-31,"2024-11-26 11:38:17",527581,CPY2421438,2024-12-04,"2024-12-05 15:22:20",260,Rent,Posted,2024-11-01,2024-11-30,dbabu@alhabib.om
TAG2401420,2024-11-30,"2024-12-05 11:44:14",527565,CPY2421423,2024-12-05,"2024-12-05 14:18:00",11.4,General,Posted,,,dbabu@alhabib.om
TAG2401988,2024-11-30,"2024-12-03 17:33:06",527560,CAR2402396,2024-12-05,"2024-12-05 11:08:27",199.5,General,Posted,,,dbabu@alhabib.om
TAG2401988,2024-11-30,"2024-12-03 17:33:06",527559,CAR2402395,2024-12-05,"2024-12-05 11:06:22",50.5,General,Posted,,,dbabu@alhabib.om
TAG2401988,2024-11-30,"2024-12-03 17:33:06",527558,CPY2421422,2024-12-04,"2024-12-05 11:03:20",270,General,Posted,,,dbabu@alhabib.om
TAG2402051,2024-12-31,"2024-12-04 08:32:52",527555,CPY2421421,2024-11-05,"2024-12-05 09:49:08",300,Rent,Posted,2024-11-01,2024-11-30,dbabu@alhabib.om
TAG2402048,2024-12-31,"2024-11-24 14:48:58",527553,CPY2421419,2024-11-05,"2024-12-05 09:47:15",330,Rent,Posted,2024-12-01,2024-12-31,dbabu@alhabib.om
TAG2402039,2024-12-31,"2024-11-24 14:49:24",527551,CPY2421417,2024-11-05,"2024-12-05 09:45:53",270,Rent,Posted,2024-12-01,2024-12-31,dbabu@alhabib.om
TAG2301919,2024-10-31,"2024-12-01 07:51:20",527544,CPY2421413,2024-12-04,"2024-12-04 16:58:07",60.7,General,Posted,,,dbabu@alhabib.om
TAG2401087,2024-11-30,"2024-12-03 17:35:20",527541,CAR2402387,2024-12-04,"2024-12-04 14:47:59",73.5,General,Posted,,,dbabu@alhabib.om
TAG2401087,2024-11-30,"2024-12-03 17:35:20",527540,CAR2402386,2024-12-04,"2024-12-04 14:47:16",29.5,General,Posted,,,dbabu@alhabib.om
TAG2302041,2024-11-15,"2024-11-28 12:12:30",527517,CAR2402377,2024-12-03,"2024-12-03 16:28:04",60.1,General,Posted,,,dbabu@alhabib.om
TAG2302041,2024-11-15,"2024-11-28 12:12:30",527516,CAR2402376,2024-12-03,"2024-12-03 16:27:04",89.9,General,Posted,,,dbabu@alhabib.om
TAG2402039,2024-12-31,"2024-11-24 14:49:24",527493,CPY2421381,2024-12-02,"2024-12-03 11:32:57",270,Rent,Posted,2024-11-01,2024-11-30,dbabu@alhabib.om
TAG2401066,2024-11-30,"2024-12-02 17:45:48",527478,CAR2402363,2024-12-03,"2024-12-03 09:28:05",30.6,General,Posted,,,dbabu@alhabib.om
TAG2401066,2024-11-30,"2024-12-02 17:45:48",527477,CAR2402362,2024-12-03,"2024-12-03 09:26:55",139.4,General,Posted,,,dbabu@alhabib.om
TAG2300267,2024-02-29,"2024-04-27 07:48:27",527468,CPY2421370,2024-12-02,"2024-12-02 15:12:28",50,Rent,Posted,2023-12-16,2023-12-31,dbabu@alhabib.om
TAG2300931,2023-05-31,"2023-06-07 08:13:34",527446,CPY2421354,2024-12-01,"2024-12-02 10:52:36",150,Rent,Posted,2022-04-01,2022-04-20,dbabu@alhabib.om
TAG2402048,2024-12-31,"2024-11-24 14:48:58",527373,CPY2421300,2024-12-01,"2024-12-01 12:43:51",330,Rent,Posted,2024-11-01,2024-11-30,dbabu@alhabib.om
TAG2402037,2024-12-31,"2024-11-24 11:56:07",527371,CPY2421299,2024-12-01,"2024-12-01 12:30:12",270,Rent,Posted,2024-11-01,2024-11-30,dbabu@alhabib.om
TAG2400362,2024-09-30,"2024-11-04 08:26:32",527337,CPY2421272,2024-11-28,"2024-12-01 08:44:35",183.75,General,Posted,,,sirajm@alhabib.om
TAG2401234,2024-08-31,"2024-10-10 14:40:56",527305,CPY2421244,2024-11-01,"2024-11-29 10:52:26",21,General,Posted,,,sirajm@alhabib.om
TAG2400814,2024-07-31,"2024-08-14 08:04:00",527272,CPY2421219,2024-11-28,"2024-11-28 14:49:08",125,Rent,Posted,2024-07-11,2024-07-31,salamr@alhabib.om
TAG2301599,2024-05-31,"2024-06-09 15:46:04",527049,CPY2421014,2024-11-24,"2024-11-27 15:13:44",500,Rent,Posted,2024-05-07,2024-05-24,salamr@alhabib.om
TAG2401963,2024-10-31,"2024-11-13 17:24:01",526995,CPY2420963,2024-11-26,"2024-11-27 08:24:48",60,General,Posted,,,dbabu@alhabib.om
TAG2401963,2024-10-31,"2024-11-13 17:24:01",526994,CPY2420962,2024-11-26,"2024-11-27 08:23:24",114.2,General,Posted,,,dbabu@alhabib.om
TAG2401724,2024-09-30,"2024-10-28 11:49:59",526993,CPY2420961,2024-11-26,"2024-11-26 18:51:38",470,Rent,Posted,2024-09-01,2024-09-30,sirajm@alhabib.om
TAG2401829,2024-10-31,"2024-11-13 17:24:42",526984,CAR2402290,2024-11-26,"2024-11-26 15:47:55",52.5,General,Posted,,,dbabu@alhabib.om
TAG2401829,2024-10-31,"2024-11-13 17:24:42",526982,CAR2402288,2024-11-26,"2024-11-26 15:45:16",97.5,General,Posted,,,dbabu@alhabib.om
TAG2401829,2024-10-31,"2024-11-13 17:24:42",526981,CPY2420952,2024-11-26,"2024-11-26 15:35:34",46.1,General,Posted,,,dbabu@alhabib.om
TAG2202306,2021-03-09,"2023-02-28 11:41:02",526980,CPY2420951,2024-11-26,"2024-11-26 15:26:27",250,Rent,Posted,2020-02-28,2020-03-10,dbabu@alhabib.om
TAG2401372,2024-09-15,"2024-10-30 10:06:41",526910,CAR2402286,2024-11-26,"2024-11-26 12:45:53",71.7,General,Posted,,,sirajm@alhabib.om
TAG2401372,2024-09-15,"2024-10-30 10:06:41",526909,CAR2402285,2024-11-26,"2024-11-26 12:43:54",126,General,Posted,,,dbabu@alhabib.om
TAG2401372,2024-09-15,"2024-10-30 10:06:41",526908,CAR2402284,2024-11-26,"2024-11-26 12:42:54",27.3,General,Posted,,,dbabu@alhabib.om
TAG2402090,2024-10-31,"2024-11-05 13:04:32",526786,CPY2420762,2024-11-17,"2024-11-26 11:58:58",180,Rent,Posted,2024-10-01,2024-10-31,salamr@alhabib.om
TAG2302227,2024-07-31,"2024-08-07 20:37:32",526719,CPY2420695,2024-11-17,"2024-11-26 11:44:00",360,Rent,Posted,2024-06-17,2024-07-20,salamr@alhabib.om
TAG2400558,2024-10-31,"2024-11-13 17:21:14",526674,CPY2420650,2024-11-14,"2024-11-26 11:05:36",150,Rent,Posted,2024-10-02,2024-11-01,salamr@alhabib.om
TAG2400187,2024-09-30,"2024-10-23 07:34:46",526645,CPY2420621,2024-11-12,"2024-11-26 09:45:56",120,Rent,Posted,2024-11-01,2024-11-30,salamr@alhabib.om
TAG2401963,2024-10-31,"2024-11-13 17:24:01",526634,CAR2402282,2024-11-25,"2024-11-25 15:08:19",200,Rent,Posted,2024-10-01,2024-10-31,sirajm@alhabib.om
TAG2401165,2024-10-31,"2024-11-04 09:17:58",526629,CAR2402279,2024-11-25,"2024-11-25 14:39:32",185,Rent,Posted,2024-10-01,2024-10-31,dbabu@alhabib.om
TAG2302192,2024-11-30,"2024-11-23 11:06:00",526628,CAR2402278,2024-11-25,"2024-11-25 14:33:55",140,Rent,Posted,2024-11-01,2024-11-30,dbabu@alhabib.om
TAG2302192,2024-11-30,"2024-11-23 11:06:00",526627,CAR2402277,2024-11-25,"2024-11-25 14:30:09",35,General,Posted,,,dbabu@alhabib.om
TAG2302192,2024-11-30,"2024-11-23 11:06:00",526626,CAR2402276,2024-11-25,"2024-11-25 14:29:28",8.8,General,Posted,,,dbabu@alhabib.om
TAG2101618,2022-03-31,"2022-04-06 13:26:14",526625,CPY2420608,2024-11-25,"2024-11-25 14:21:36",400,Rent,Posted,2021-12-01,2022-01-31,sirajm@alhabib.om
TAG2402019,2024-12-31,"2024-11-24 14:49:08",526622,CPY2420606,2024-11-07,"2024-11-25 11:35:46",330,Rent,Posted,2024-11-01,2024-11-30,sirajm@alhabib.om
TAG2400747,2024-10-31,"2024-11-13 17:26:29",526523,CPY2420516,2024-11-18,"2024-11-19 16:58:57",87.5,General,Posted,,,sirajm@alhabib.om
TAG2400362,2024-09-30,"2024-11-04 08:26:32",526487,CPY2420495,2024-11-12,"2024-11-18 09:04:36",317.3,General,Posted,,,dbabu@alhabib.om
TAG2401043,2024-10-31,"2024-11-13 17:18:02",526451,CAR2402241,2024-11-17,"2024-11-17 11:13:53",425,General,Posted,,,dbabu@alhabib.om
TAG2301963,2024-10-31,"2024-11-13 17:21:30",526448,CAR2402238,2024-11-17,"2024-11-17 10:30:27",4.6,General,Posted,,,dbabu@alhabib.om
TAG2200982,2023-06-30,"2023-06-14 18:09:56",526342,CAR2402228,2024-11-14,"2024-11-14 11:00:00",100,Rent,Posted,2023-06-01,2023-06-30,dbabu@alhabib.om
TAG1902755,2020-09-15,"2020-09-19 17:35:37",526338,CPY2420370,2024-01-01,"2024-11-14 10:10:34",33,Rent,Pending,2020-09-16,2020-10-15,sirajm@alhabib.om
TAG2402090,2024-10-31,"2024-11-05 13:04:32",526211,CPY2420247,2024-11-10,"2024-11-13 12:08:51",180,Rent,Posted,2024-09-01,2024-09-30,salamr@alhabib.om
TAG2402090,2024-10-31,"2024-11-05 13:04:32",526210,CPY2420246,2024-11-10,"2024-11-13 12:08:39",180,Rent,Posted,2024-08-01,2024-08-31,salamr@alhabib.om
TAG2302222,2024-10-31,"2024-10-30 07:36:12",526093,CPY2420137,2024-11-11,"2024-11-12 14:36:48",13.3,General,Posted,,,dbabu@alhabib.om
TAG2301511,2024-08-20,"2024-08-27 16:47:09",526046,CPY2420102,2024-11-10,"2024-11-11 10:12:36",200,Rent,Posted,2024-04-21,2024-05-20,dbabu@alhabib.om
TAG2400403,2024-10-15,"2024-11-04 08:24:38",525656,CAR2402182,2024-11-07,"2024-11-07 11:24:22",40,General,Posted,,,dbabu@alhabib.om
TAG2300114,2021-11-30,"2023-02-09 09:50:31",525652,CPY2419729,2024-11-06,"2024-11-07 11:04:55",100,Rent,Posted,2019-01-13,2019-01-24,dbabu@alhabib.om
TAG2300114,2021-11-30,"2023-02-09 09:50:31",525651,CPY2419728,2024-11-05,"2024-11-07 11:01:26",600,Rent,Posted,2018-10-30,2019-01-12,dbabu@alhabib.om
TAG2201968,2023-04-30,"2023-10-15 08:02:53",525326,CPY2419407,2024-11-06,"2024-11-06 12:54:48",225,Rent,Posted,2023-04-01,2023-04-30,dbabu@alhabib.om
TAG2400370,2024-09-30,"2024-10-13 20:34:51",525321,CAR2402176,2024-11-06,"2024-11-06 12:16:21",5,General,Posted,,,dbabu@alhabib.om
TAG2400370,2024-09-30,"2024-10-13 20:34:51",525320,CAR2402175,2024-11-06,"2024-11-06 12:15:22",1.75,General,Posted,,,dbabu@alhabib.om
TAG2400370,2024-09-30,"2024-10-13 20:34:51",525301,CPY2419386,2024-10-31,"2024-11-06 09:56:19",100,Rent,Posted,2024-08-01,2024-08-31,dbabu@alhabib.om
TAG2000295,2021-01-31,"2021-05-19 09:48:59",525230,CPY2419322,2024-11-05,"2024-11-05 11:32:09",90,Rent,Posted,2021-01-19,2021-01-31,dbabu@alhabib.om
TAG2301915,2024-09-30,"2024-09-09 09:40:54",525221,CPY2419314,2024-10-31,"2024-11-05 10:30:31",230,Rent,Posted,2024-09-01,2024-09-30,sirajm@alhabib.om
TAG2301597,2024-10-31,"2024-11-04 08:28:22",525220,CAR2402165,2024-11-05,"2024-11-05 10:04:22",68.5,General,Posted,,,dbabu@alhabib.om
TAG2302030,2024-10-31,"2024-10-30 07:39:05",525218,CPY2419312,2024-10-29,"2024-11-05 09:32:45",225,Rent,Posted,2024-10-01,2024-10-31,dbabu@alhabib.om
TAG2301915,2024-09-30,"2024-09-09 09:40:54",525216,CAR2402164,2024-11-05,"2024-11-05 09:16:10",58.3,General,Posted,,,dbabu@alhabib.om
TAG2301915,2024-09-30,"2024-09-09 09:40:54",525214,CAR2402163,2024-11-05,"2024-11-05 09:15:08",20.7,General,Posted,,,dbabu@alhabib.om
TAG2301915,2024-09-30,"2024-09-09 09:40:54",525213,CAR2402162,2024-11-05,"2024-11-05 09:14:23",151,General,Posted,,,dbabu@alhabib.om
TAG2200805,2022-08-31,"2022-10-11 08:38:28",525194,CPY2419302,2024-10-23,"2024-11-04 12:17:53",300,Rent,Posted,2022-07-16,2022-08-31,sirajm@alhabib.om
TAG2200805,2022-08-31,"2022-10-11 08:38:28",525193,CPY2419301,2024-10-23,"2024-11-04 12:15:48",80,General,Posted,,,sirajm@alhabib.om
TAG2200805,2022-08-31,"2022-10-11 08:38:28",525192,CPY2419300,2024-10-23,"2024-11-04 12:11:57",300,Rent,Posted,2022-06-01,2022-07-15,sirajm@alhabib.om
TAG2401834,2024-10-31,"2024-11-04 08:29:12",525191,CPY2419299,2024-10-17,"2024-11-04 12:01:56",25,General,Posted,,,dbabu@alhabib.om
TAG2401834,2024-10-31,"2024-11-04 08:29:12",525190,CPY2419298,2024-10-17,"2024-11-04 12:00:20",130,Rent,Posted,2024-10-01,2024-10-31,dbabu@alhabib.om
TAG2201129,2022-10-11,"2022-11-05 13:36:27",525189,CPY2419297,2024-10-22,"2024-11-04 11:57:15",484,General,Posted,,,sirajm@alhabib.om
TAG2201129,2022-10-11,"2022-11-05 13:36:27",525188,CPY2419296,2024-10-22,"2024-11-04 11:55:36",306,Rent,Posted,2022-08-01,2022-08-31,sirajm@alhabib.om
TAG2201131,2022-10-11,"2022-11-05 13:36:20",525187,CPY2419295,2024-10-20,"2024-11-04 11:53:45",484,General,Posted,,,sirajm@alhabib.om
TAG2201131,2022-10-11,"2022-11-05 13:36:20",525186,CPY2419294,2024-10-20,"2024-11-04 11:51:50",306,Rent,Posted,2022-08-01,2022-10-11,sirajm@alhabib.om
TAG2401055,2024-06-12,"2024-07-06 12:49:36",525185,CPY2419293,2024-10-31,"2024-11-04 11:33:25",330,General,Posted,,,sirajm@alhabib.om
TAG2401055,2024-06-12,"2024-07-06 12:49:36",525184,CPY2419292,2024-10-31,"2024-11-04 11:27:31",310,General,Posted,,,sirajm@alhabib.om
TAG2401055,2024-06-12,"2024-07-06 12:49:36",525183,CPY2419291,2024-10-31,"2024-11-04 11:26:08",620,Rent,Posted,2023-06-01,2023-09-30,sirajm@alhabib.om
TAG2301725,2024-09-30,"2024-10-10 14:42:18",525169,CAR2402141,2024-11-03,"2024-11-03 15:50:55",59.7,General,Posted,,,dbabu@alhabib.om
TAG2301725,2024-09-30,"2024-10-10 14:42:18",525168,CAR2402140,2024-11-03,"2024-11-03 15:49:48",8.9,General,Posted,,,dbabu@alhabib.om
TAG2301725,2024-09-30,"2024-10-10 14:42:18",525167,CAR2402139,2024-11-03,"2024-11-03 15:48:37",100,Rent,Posted,2024-09-01,2024-09-30,dbabu@alhabib.om
TAG2302804,2024-06-14,"2024-07-05 13:10:57",525145,CPY2419278,2024-10-17,"2024-11-01 16:02:28",331,General,Posted,,,sirajm@alhabib.om
TAG2302227,2024-07-31,"2024-08-07 20:37:32",525109,CPY2419242,2024-10-31,"2024-10-31 15:56:33",360,Rent,Posted,2024-05-13,2024-06-16,salamr@alhabib.om
TAG2301765,2024-09-30,"2024-10-10 14:43:03",525067,CAR2402122,2024-10-31,"2024-10-31 14:58:26",131.25,General,Posted,,,dbabu@alhabib.om
TAG2301765,2024-09-30,"2024-10-10 14:43:03",525066,CAR2402121,2024-10-31,"2024-10-31 14:56:51",48.75,General,Posted,,,dbabu@alhabib.om
TAG2400963,2024-07-15,"2024-07-19 07:34:46",525056,CAR2402112,2024-10-31,"2024-10-31 11:59:43",90,General,Posted,,,sirajm@alhabib.om
TAG2400963,2024-07-15,"2024-07-19 07:34:46",525055,CAR2402111,2024-10-31,"2024-10-31 11:58:50",9,General,Posted,,,sirajm@alhabib.om
TAG2300267,2024-02-29,"2024-04-27 07:48:27",525035,CPY2419184,2024-10-31,"2024-10-31 10:10:12",50,Rent,Posted,2023-12-01,2023-12-15,dbabu@alhabib.om
TAG2400814,2024-07-31,"2024-08-14 08:04:00",524936,CPY2419103,2024-10-28,"2024-10-29 14:14:00",125,Rent,Posted,2024-06-19,2024-07-10,salamr@alhabib.om
TAG2400133,2024-10-31,"2024-10-22 11:05:57",524921,CAR2402087,2024-10-29,"2024-10-29 11:12:42",29.4,General,Posted,,,dbabu@alhabib.om
TAG2400133,2024-10-31,"2024-10-22 11:05:57",524920,CAR2402086,2024-10-29,"2024-10-29 11:11:48",60,General,Posted,,,dbabu@alhabib.om
TAG2300931,2023-05-31,"2023-06-07 08:13:34",524906,CPY2419079,2024-10-23,"2024-10-29 09:44:00",300,Rent,Posted,2022-02-21,2022-03-31,sirajm@alhabib.om
TAG2302594,2024-08-31,"2024-09-28 13:44:25",524827,CPY2419004,2024-10-22,"2024-10-29 07:58:26",260,Rent,Posted,2024-10-01,2024-10-31,salamr@alhabib.om
TAG2301541,2020-08-31,"2023-10-08 11:34:52",524825,CAR2402081,2024-10-28,"2024-10-28 16:51:28",178,Rent,Posted,2020-07-24,2020-08-29,dbabu@alhabib.om
TAG2302227,2024-07-31,"2024-08-07 20:37:32",524806,CPY2418998,2024-10-21,"2024-10-27 15:41:56",150,General,Posted,,,salamr@alhabib.om
TAG2302227,2024-07-31,"2024-08-07 20:37:32",524805,CPY2418997,2024-10-21,"2024-10-27 15:36:04",116.5,Rent,Posted,2024-05-01,2024-05-12,salamr@alhabib.om
TAG2301599,2024-05-31,"2024-06-09 15:46:04",524803,CPY2418995,2024-10-21,"2024-10-27 15:12:53",150,Rent,Posted,2024-05-01,2024-05-06,salamr@alhabib.om
TAG2202306,2021-03-09,"2023-02-28 11:41:02",524707,CPY2418904,2024-10-24,"2024-10-24 16:30:07",250,Rent,Posted,2020-02-16,2020-02-27,dbabu@alhabib.om
TAG2401034,2024-07-31,"2024-08-27 11:51:10",524674,CPY2418884,2024-10-17,"2024-10-22 15:44:59",94.5,General,Posted,,,dbabu@alhabib.om
TAG2401034,2024-07-31,"2024-08-27 11:51:10",524673,CPY2418883,2024-10-17,"2024-10-22 15:40:49",29.5,General,Posted,,,dbabu@alhabib.om
TAG2401533,2024-09-15,"2024-10-10 14:41:39",524285,CPY2418508,2024-09-30,"2024-10-20 12:38:38",180,Rent,Posted,2024-08-16,2024-09-15,dbabu@alhabib.om
TAG2400926,2024-08-31,"2024-09-10 13:15:10",524174,CAR2402024,2024-10-17,"2024-10-17 08:40:57",86.7,General,Posted,,,dbabu@alhabib.om
TAG2400926,2024-08-31,"2024-09-10 13:15:10",524155,CAR2402023,2024-10-17,"2024-10-17 08:36:45",103.3,General,Posted,,,dbabu@alhabib.om
TAG2400192,2024-09-15,"2024-10-10 14:41:15",523911,CAR2402021,2024-10-16,"2024-10-16 11:38:52",95,Rent,Posted,2024-09-01,2024-09-15,dbabu@alhabib.om
TAG2401781,2024-10-15,"2024-10-08 16:19:58",523862,CAR2402005,2024-10-14,"2024-10-14 08:34:06",180,Rent,Posted,2024-09-16,2024-10-15,dbabu@alhabib.om
TAG2401234,2024-08-31,"2024-10-10 14:40:56",523713,CPY2417974,2024-10-10,"2024-10-10 16:07:55",693.8,General,Posted,,,sirajm@alhabib.om
TAG2401339,2024-08-31,"2024-09-29 16:12:45",523688,CPY2417951,2024-10-10,"2024-10-10 12:26:32",70,General,Posted,,,sirajm@alhabib.om
TAG2401339,2024-08-31,"2024-09-29 16:12:45",523687,CPY2417950,2024-10-08,"2024-10-10 12:04:25",150,Rent,Posted,2024-08-01,2024-08-31,sirajm@alhabib.om
TAG2300642,2024-04-30,"2024-04-24 16:32:18",523259,CAR2401952,2024-10-03,"2024-10-05 10:20:31",185,General,Posted,,,sirajm@alhabib.om
TAG2301511,2024-08-20,"2024-08-27 16:47:09",522963,CPY2417290,2024-10-02,"2024-10-02 14:24:30",200,Rent,Posted,2024-03-21,2024-04-20,sirajm@alhabib.om
TAG2400770,2024-09-30,"2024-10-01 15:02:07",522934,CAR2401922,2024-10-01,"2024-10-01 16:56:49",140,General,Posted,,,sirajm@alhabib.om
TAG2302227,2024-07-31,"2024-08-07 20:37:32",522908,CPY2417249,2024-09-30,"2024-10-01 09:25:51",243.8,General,Posted,,,sirajm@alhabib.om
TAG2302224,2024-02-10,"2024-02-28 12:41:36",522894,CAR2401915,2024-09-30,"2024-09-30 17:57:56",25,General,Posted,,,sirajm@alhabib.om
TAG2302224,2024-02-10,"2024-02-28 12:41:36",522893,CAR2401914,2024-09-30,"2024-09-30 17:56:01",165,Rent,Posted,2024-01-11,2024-02-10,sirajm@alhabib.om
TAG2400814,2024-07-31,"2024-08-14 08:04:00",522838,CPY2417191,2024-09-29,"2024-09-30 15:01:28",125,Rent,Posted,2024-05-28,2024-06-18,salamr@alhabib.om
TAG2202306,2021-03-09,"2023-02-28 11:41:02",522804,CPY2417161,2024-09-29,"2024-09-30 11:24:49",250,Rent,Posted,2020-02-03,2020-02-15,sirajm@alhabib.om
TAG2302737,2022-01-31,"2024-02-04 09:11:48",522801,CPY2417160,2024-09-26,"2024-09-30 10:47:41",100,Rent,Posted,2021-06-19,2021-07-12,sirajm@alhabib.om
TAG2301541,2020-08-31,"2023-10-08 11:34:52",522797,CAR2401898,2024-09-30,"2024-09-30 10:20:19",100,Rent,Posted,2020-07-04,2020-07-23,sirajm@alhabib.om
TAG2400764,2024-08-31,"2024-08-28 07:38:05",522681,CPY2417052,2024-09-25,"2024-09-29 10:27:41",149.4,General,Posted,,,sirajm@alhabib.om
TAG2301635,2024-09-30,"2024-09-24 21:42:10",522675,CPY2417047,2024-09-29,"2024-09-29 09:42:08",180,Rent,Posted,2024-09-01,2024-09-30,sirajm@alhabib.om
TAG2301635,2024-09-30,"2024-09-24 21:42:10",522670,CAR2401882,2024-09-29,"2024-09-29 08:34:44",72.4,General,Posted,,,sirajm@alhabib.om
TAG2400908,2024-09-10,"2024-09-09 09:39:51",522576,CAR2401857,2024-09-24,"2024-09-24 16:47:57",180,General,Posted,,,sirajm@alhabib.om
TAG1901408,2019-10-31,"2008-03-31 00:00:00",522504,CPY2416908,2024-09-22,"2024-09-24 15:27:39",200,Rent,Posted,2019-11-24,2019-11-28,salamr@alhabib.om
TAG2301488,2024-01-31,"2024-02-27 08:15:33",522457,CAR2401845,2024-09-23,"2024-09-23 16:04:58",130,General,Posted,,,sirajm@alhabib.om
TAG2301611,2024-08-15,"2024-09-09 09:38:16",522165,CPY2416595,2024-09-18,"2024-09-18 15:56:36",345,General,Posted,,,sirajm@alhabib.om
TAG2301511,2024-08-20,"2024-08-27 16:47:09",521625,CPY2416079,2024-09-11,"2024-09-12 09:01:19",200,Rent,Posted,2024-02-21,2024-03-20,sirajm@alhabib.om
TAG2400974,2024-07-31,"2024-09-11 15:17:57",521535,CAR2401801,2024-09-11,"2024-09-11 15:42:24",175,Rent,Posted,2024-07-01,2024-07-31,sirajm@alhabib.om
TAG2200304,2023-01-31,"2023-02-09 17:25:44",521314,CPY2415780,2024-09-10,"2024-09-10 11:34:06",125,Rent,Posted,2023-01-01,2023-01-31,sirajm@alhabib.om
TAG2302857,2024-07-09,"2024-07-09 20:32:03",521304,CPY2415778,2024-09-08,"2024-09-09 16:41:14",29.4,General,Posted,,,dbabu@alhabib.om
TAG2302857,2024-07-09,"2024-07-09 20:32:03",521303,CPY2415777,2024-09-08,"2024-09-09 16:39:18",41.3,General,Posted,,,dbabu@alhabib.om
TAG2301541,2020-08-31,"2023-10-08 11:34:52",521228,CAR2401767,2024-09-08,"2024-09-08 10:10:56",100,Rent,Posted,2020-07-14,2020-07-03,dbabu@alhabib.om
TAG2301541,2020-08-31,"2023-10-08 11:34:52",521227,CAR2401766,2024-09-08,"2024-09-08 10:08:33",100,Rent,Posted,2020-06-24,2020-06-13,dbabu@alhabib.om
TAG2301204,2024-07-15,"2024-08-07 20:35:53",521199,CAR2401761,2024-09-05,"2024-09-05 16:12:20",47.6,General,Posted,,,dbabu@alhabib.om
TAG2401187,2024-07-16,"2024-08-10 11:50:10",521141,CPY2415646,2024-09-05,"2024-09-05 08:54:50",120,Rent,Posted,2024-07-10,2024-07-16,dbabu@alhabib.om
TAG2302860,2024-02-15,"2024-03-02 18:36:31",520990,CAR2401742,2024-09-03,"2024-09-03 12:57:13",415.2,General,Posted,,,dbabu@alhabib.om
TAG2202306,2021-03-09,"2023-02-28 11:41:02",520529,CPY2415080,2024-08-28,"2024-08-28 17:33:22",250,Rent,Posted,2020-01-22,2020-02-02,dbabu@alhabib.om
TAG2202294,2023-04-30,"2023-06-07 08:14:25",520523,CPY2415075,2024-07-31,"2024-08-28 15:52:23",30,General,Posted,,,sirajm@alhabib.om
TAG2400814,2024-07-31,"2024-08-14 08:04:00",520459,CAR2401681,2024-08-26,"2024-08-26 10:03:20",66,Rent,Posted,2024-05-17,2024-05-27,dbabu@alhabib.om
TAG2400565,2024-07-15,"2024-07-05 12:55:26",520458,CAR2401680,2024-08-25,"2024-08-25 17:11:04",280,Rent,Posted,2024-06-16,2024-07-15,dbabu@alhabib.om
TAG2301541,2020-08-31,"2023-10-08 11:34:52",520454,CAR2401679,2024-08-25,"2024-08-25 15:26:26",100,Rent,Posted,2020-05-04,2020-06-23,dbabu@alhabib.om
TAG2301541,2020-08-31,"2023-10-08 11:34:52",520453,CAR2401678,2024-08-25,"2024-08-25 15:25:36",100,Rent,Posted,2020-04-14,2020-05-03,dbabu@alhabib.om
TAG1901408,2019-10-31,"2008-03-31 00:00:00",520319,CPY2414920,2024-08-20,"2024-08-21 15:51:54",200,Rent,Posted,2019-11-19,2019-11-23,salamr@alhabib.om
TAG2400629,2024-08-10,"2024-08-07 20:39:58",520095,CAR2401652,2024-08-20,"2024-08-20 12:47:12",33.5,General,Posted,,,dbabu@alhabib.om
TAG2400629,2024-08-10,"2024-08-07 20:39:58",520094,CAR2401651,2024-08-20,"2024-08-20 12:45:28",86.5,General,Posted,,,dbabu@alhabib.om
TAG2401054,2024-07-31,"2024-08-10 11:50:30",519897,CAR2401636,2024-08-19,"2024-08-19 09:05:43",350,Rent,Posted,2024-07-01,2024-07-31,dbabu@alhabib.om
TAG2302636,2024-07-31,"2024-08-01 16:40:03",519889,CPY2414512,2024-08-13,"2024-08-19 08:54:05",120,Rent,Posted,2024-08-01,2024-08-31,salamr@alhabib.om
TAG2302637,2024-07-31,"2024-08-01 16:40:24",519890,CPY2414513,2024-08-13,"2024-08-19 08:54:05",280,Rent,Posted,2024-08-01,2024-08-31,salamr@alhabib.om
TAG2302637,2024-07-31,"2024-08-01 16:40:24",519888,CPY2414511,2024-08-13,"2024-08-19 08:52:43",14,General,Posted,,,salamr@alhabib.om
TAG2302814,2024-07-31,"2024-08-06 12:30:23",519485,CPY2414120,2024-08-01,"2024-08-14 17:55:58",207,Rent,Posted,2024-08-01,2024-09-11,sirajm@alhabib.om
TAG2302642,2024-06-30,"2024-07-09 20:33:37",519413,CPY2414053,2024-08-13,"2024-08-13 15:01:25",200,Rent,Posted,2024-05-01,2024-06-30,dbabu@alhabib.om
TAG2302403,2024-02-29,"2024-03-05 14:49:18",519403,CAR2401616,2024-08-13,"2024-08-13 09:24:15",200,Rent,Posted,2024-02-01,2024-02-29,dbabu@alhabib.om
TAG2200377,2023-01-15,"2023-02-05 17:04:05",519402,CPY2414045,2024-07-31,"2024-08-13 08:49:02",410,General,Posted,,,sirajm@alhabib.om
TAG2200377,2023-01-15,"2023-02-05 17:04:05",519401,CPY2414044,2024-07-31,"2024-08-13 08:43:07",2090,Rent,Posted,2022-02-16,2023-01-15,sirajm@alhabib.om
TAG2400712,2024-07-31,"2024-08-07 20:30:10",519355,CPY2414018,2024-08-11,"2024-08-11 15:26:52",73.5,General,Posted,,,dbabu@alhabib.om
TAG2400712,2024-07-31,"2024-08-07 20:30:10",519354,CPY2414017,2024-08-11,"2024-08-11 15:25:45",35.25,General,Posted,,,dbabu@alhabib.om
TAG2400760,2024-06-30,"2024-07-15 19:01:13",519340,CAR2401595,2024-08-11,"2024-08-11 14:34:33",63,General,Posted,,,dbabu@alhabib.om
TAG2400760,2024-06-30,"2024-07-15 19:01:13",519339,CAR2401594,2024-08-11,"2024-08-11 14:33:42",9.7,General,Posted,,,dbabu@alhabib.om
TAG2301602,2024-05-31,"2024-06-09 15:46:19",519303,CPY2413978,2024-08-05,"2024-08-08 16:10:55",650,Rent,Posted,2024-05-01,2024-05-31,salamr@alhabib.om
TAG2302262,2024-06-30,"2024-07-19 07:34:15",519063,CPY2413738,2024-08-07,"2024-08-08 12:56:46",42,General,Posted,,,dbabu@alhabib.om
TAG2302262,2024-06-30,"2024-07-19 07:34:15",519062,CPY2413737,2024-08-07,"2024-08-08 12:55:39",3,General,Posted,,,dbabu@alhabib.om
TAG2201951,2023-11-30,"2023-12-13 06:54:03",519058,CPY2413733,2024-08-08,"2024-08-08 11:26:50",20,Rent,Posted,2023-11-04,2023-11-06,dbabu@alhabib.om
TAG2302262,2024-06-30,"2024-07-19 07:34:15",519047,CAR2401580,2024-08-08,"2024-08-08 09:01:52",200,Rent,Posted,2024-06-01,2024-06-30,dbabu@alhabib.om
TAG2400982,2024-07-31,"2024-08-07 20:31:35",519046,CAR2401579,2024-08-08,"2024-08-08 08:50:34",63,General,Posted,,,dbabu@alhabib.om
TAG2400982,2024-07-31,"2024-08-07 20:31:35",519045,CAR2401578,2024-08-08,"2024-08-08 08:49:43",11.5,General,Posted,,,dbabu@alhabib.om
TAG2302804,2024-06-14,"2024-07-05 13:10:57",519034,CPY2413718,2024-08-04,"2024-08-07 14:58:59",513,Rent,Posted,2024-05-15,2024-06-14,salamr@alhabib.om
TAG2302804,2024-06-14,"2024-07-05 13:10:57",519033,CPY2413717,2024-08-04,"2024-08-07 14:58:39",25.65,General,Posted,,,salamr@alhabib.om
TAG2000295,2021-01-31,"2021-05-19 09:48:59",518630,CPY2413343,2024-08-05,"2024-08-05 15:35:05",100,Rent,Posted,2021-01-06,2021-01-18,dbabu@alhabib.om
TAG2201269,2023-03-31,"2023-03-30 16:27:00",518572,CPY2413294,2024-07-17,"2024-08-04 16:58:08",100,General,Posted,,,sirajm@alhabib.om
TAG2201269,2023-03-31,"2023-03-30 16:27:00",518571,CPY2413293,2024-07-17,"2024-08-04 16:56:57",162,General,Posted,,,sirajm@alhabib.om
TAG2201269,2023-03-31,"2023-03-30 16:27:00",518570,CPY2413292,2024-07-17,"2024-08-04 16:54:54",76,General,Posted,,,sirajm@alhabib.om
TAG2201269,2023-03-31,"2023-03-30 16:27:00",518569,CPY2413291,2024-07-17,"2024-08-04 16:46:08",2100,Rent,Posted,2022-10-01,2023-03-31,sirajm@alhabib.om
TAG2201269,2023-03-31,"2023-03-30 16:27:00",518568,CPY2413290,2024-07-17,"2024-08-04 16:40:48",350,Rent,Posted,2022-09-01,2022-09-30,sirajm@alhabib.om
TAG2300620,2024-04-30,"2024-05-16 13:05:09",518559,CPY2413285,2024-08-01,"2024-08-04 12:56:30",660,General,Posted,,,sirajm@alhabib.om
TAG2300621,2024-04-30,"2024-05-16 13:05:20",518558,CPY2413284,2024-08-01,"2024-08-04 12:51:38",168,General,Posted,,,sirajm@alhabib.om
TAG2003058,2021-05-31,"2021-06-09 08:02:38",518555,CPY2413281,2024-01-01,"2024-08-04 12:41:56",557,Rent,Pending,2021-03-11,2021-05-31,sirajm@alhabib.om
TAG2300620,2024-04-30,"2024-05-16 13:05:09",518554,CPY2413280,2024-08-01,"2024-08-04 12:27:07",126,General,Posted,,,sirajm@alhabib.om
TAG2300621,2024-04-30,"2024-05-16 13:05:20",518553,CPY2413279,2024-08-01,"2024-08-04 12:22:59",93.333,General,Posted,,,sirajm@alhabib.om
TAG2300620,2024-04-30,"2024-05-16 13:05:09",518552,CPY2413278,2024-08-01,"2024-08-04 12:20:21",93.333,General,Posted,,,sirajm@alhabib.om
TAG2400386,2024-06-14,"2024-07-22 21:01:01",518530,CAR2401527,2024-08-01,"2024-08-01 16:08:00",61,General,Posted,,,dbabu@alhabib.om
TAG2400661,2024-05-31,"2024-06-25 16:32:09",518496,CAR2401513,2024-07-31,"2024-07-31 16:41:49",94,General,Posted,,,dbabu@alhabib.om
TAG2300727,2024-05-31,"2024-06-26 20:14:59",518347,CAR2401485,2024-07-29,"2024-07-29 12:47:50",31.5,General,Posted,,,dbabu@alhabib.om
TAG2300727,2024-05-31,"2024-06-26 20:14:59",518346,CAR2401484,2024-07-29,"2024-07-29 12:46:43",52.5,General,Posted,,,dbabu@alhabib.om
TAG2202306,2021-03-09,"2023-02-28 11:41:02",518211,CPY2413020,2024-07-24,"2024-07-24 14:39:45",250,Rent,Posted,2020-01-11,2020-01-21,dbabu@alhabib.om
TAG2202306,2021-03-09,"2023-02-28 11:41:02",518187,CPY2413002,2024-07-23,"2024-07-23 15:18:38",250,Rent,Posted,2019-12-30,2020-01-10,dbabu@alhabib.om
TAG2300979,2024-06-30,"2024-07-16 18:24:45",518170,CAR2401434,2024-07-23,"2024-07-23 12:23:20",60,General,Posted,,,dbabu@alhabib.om
TAG2300979,2024-06-30,"2024-07-16 18:24:45",518169,CAR2401433,2024-07-23,"2024-07-23 12:20:29",54.8,General,Posted,,,dbabu@alhabib.om
TAG1800418,2019-01-31,"2008-03-31 00:00:00",518091,CPY2412923,2024-05-31,"2024-07-22 15:04:36",800,Rent,Posted,2018-11-01,2019-01-14,sirajm@alhabib.om
TAG2302857,2024-07-09,"2024-07-09 20:32:03",518068,CPY2412902,2024-07-18,"2024-07-22 09:34:02",275,Rent,Posted,2024-06-10,2024-07-09,dbabu@alhabib.om
TAG2302737,2022-01-31,"2024-02-04 09:11:48",518004,CPY2412838,2024-07-17,"2024-07-21 17:47:22",75,Rent,Posted,2021-05-30,2021-06-18,dbabu@alhabib.om
TAG2400909,2024-05-31,"2024-07-19 07:37:40",517999,CPY2412833,2024-06-30,"2024-07-21 15:44:35",2000,Rent,Posted,2024-02-01,2024-05-31,sirajm@alhabib.om
TAG2301046,2024-06-15,"2024-06-06 07:47:43",517675,CAR2401419,2024-07-18,"2024-07-18 14:51:01",39.9,General,Posted,,,dbabu@alhabib.om
TAG2301046,2024-06-15,"2024-06-06 07:47:43",517674,CAR2401418,2024-07-18,"2024-07-18 14:50:00",50,General,Posted,,,dbabu@alhabib.om
TAG2301046,2024-06-15,"2024-06-06 07:47:43",517673,CAR2401417,2024-07-18,"2024-07-18 14:48:36",13,General,Posted,,,dbabu@alhabib.om
TAG2301046,2024-06-15,"2024-06-06 07:47:43",517672,CAR2401416,2024-07-18,"2024-07-18 14:46:53",67.1,General,Posted,,,dbabu@alhabib.om
TAG2201951,2023-11-30,"2023-12-13 06:54:03",517576,CPY2412431,2024-07-16,"2024-07-16 17:53:10",20,Rent,Posted,2023-11-01,2023-11-03,dbabu@alhabib.om
TAG2302405,2024-06-15,"2024-07-05 13:09:08",517320,CAR2401380,2024-07-14,"2024-07-14 10:43:52",81.6,General,Posted,,,dbabu@alhabib.om
TAG2302405,2024-06-15,"2024-07-05 13:09:08",517307,CAR2401379,2024-07-14,"2024-07-14 10:41:24",148.4,General,Posted,,,dbabu@alhabib.om
TAG2301668,2024-06-30,"2024-07-05 13:12:07",517214,CAR2401366,2024-07-11,"2024-07-11 14:48:23",13.2,General,Posted,,,dbabu@alhabib.om
TAG2400176,2024-05-15,"2024-06-06 07:45:25",517213,CPY2412106,2024-07-10,"2024-07-11 14:39:03",15,General,Posted,,,dbabu@alhabib.om
TAG2400176,2024-05-15,"2024-06-06 07:45:25",517212,CPY2412105,2024-07-10,"2024-07-11 14:37:37",185,Rent,Posted,2024-04-16,2024-05-15,dbabu@alhabib.om
TAG2100081,2021-02-28,"2021-03-26 10:31:35",517194,CPY2412090,2024-01-01,"2024-07-11 10:46:47",475,Rent,Pending,2021-02-01,2021-02-28,sirajm@alhabib.om
TAG1901951,2019-07-09,"2008-03-31 00:00:00",516743,CPY2411675,2024-07-01,"2024-07-08 12:49:35",679,Rent,Posted,2019-01-10,2019-04-21,dbabu@alhabib.om
TAG1804337,2019-01-09,"2008-03-31 00:00:00",516742,CPY2411674,2024-07-01,"2024-07-08 12:42:46",1400,Rent,Posted,2018-06-10,2019-01-09,dbabu@alhabib.om
TAG1702481,2018-06-09,"2008-03-31 00:00:00",516741,CPY2411673,2024-07-01,"2024-07-08 12:41:07",1800,Rent,Posted,2017-09-10,2018-06-09,dbabu@alhabib.om
TAG2400803,2024-05-31,"2024-06-26 20:14:41",516718,CAR2401323,2024-07-04,"2024-07-04 17:02:06",150,Rent,Posted,2024-05-01,2024-05-31,dbabu@alhabib.om
TAG2300621,2024-04-30,"2024-05-16 13:05:20",516714,CPY2411650,2024-07-02,"2024-07-04 16:49:33",1400,Rent,Posted,2023-10-01,2024-04-30,sirajm@alhabib.om
TAG2300620,2024-04-30,"2024-05-16 13:05:09",516713,CPY2411649,2024-07-02,"2024-07-04 16:48:48",1400,Rent,Posted,2023-10-01,2024-04-30,sirajm@alhabib.om
TAG2301629,2024-05-31,"2024-05-20 17:51:32",516627,CPY2411566,2024-06-23,"2024-07-04 14:21:20",106,General,Posted,,,dbabu@alhabib.om
TAG2301629,2024-05-31,"2024-05-20 17:51:32",516626,CPY2411565,2024-06-23,"2024-07-04 13:01:06",174,General,Posted,,,dbabu@alhabib.om
TAG2000295,2021-01-31,"2021-05-19 09:48:59",516398,CPY2411355,2024-07-03,"2024-07-03 12:02:22",100,Rent,Posted,2020-12-25,2021-01-05,dbabu@alhabib.om
TAG2300114,2021-11-30,"2023-02-09 09:50:31",516395,CPY2411352,2024-07-03,"2024-07-03 11:48:23",650,Rent,Posted,2018-08-12,2018-10-29,dbabu@alhabib.om
TAG2301439,2024-06-15,"2024-06-10 12:58:01",516376,CAR2401295,2024-07-02,"2024-07-02 15:23:20",26.25,General,Posted,,,dbabu@alhabib.om
TAG2301439,2024-06-15,"2024-06-10 12:58:01",516375,CAR2401294,2024-07-02,"2024-07-02 15:22:10",10.8,General,Posted,,,dbabu@alhabib.om
TAG2301439,2024-06-15,"2024-06-10 12:58:01",516374,CAR2401293,2024-07-02,"2024-07-02 15:21:21",10,General,Posted,,,dbabu@alhabib.om
TAG2301536,2023-08-31,"2023-09-11 13:15:27",516372,CPY2411338,2024-06-30,"2024-07-02 14:58:49",465,Rent,Posted,2023-06-01,2023-08-31,sirajm@alhabib.om
TAG2301536,2023-08-31,"2023-09-11 13:15:27",516371,CPY2411337,2024-06-30,"2024-07-02 14:42:45",17.573,General,Posted,,,sirajm@alhabib.om
TAG2301391,2024-07-15,"2024-06-06 16:10:07",516323,CPY2411291,2024-06-30,"2024-07-02 09:35:28",620,Rent,Posted,2024-06-16,2024-07-15,salamr@alhabib.om
TAG2400543,2024-05-31,"2024-06-26 20:13:57",516221,CPY2411191,2024-06-25,"2024-07-02 08:01:13",2400,Rent,Posted,2024-04-01,2024-05-31,salamr@alhabib.om
TAG2301541,2020-08-31,"2023-10-08 11:34:52",516199,CPY2411169,2024-06-25,"2024-07-02 07:56:44",100,Rent,Posted,2020-03-24,2020-04-13,salamr@alhabib.om
TAG2301970,2024-05-31,"2024-05-20 17:50:57",516091,CPY2411086,2024-06-23,"2024-06-30 15:43:00",215,Rent,Posted,2024-05-15,2024-05-31,hatem.alamri@alhabib.om
TAG2400535,2024-05-31,"2024-06-26 20:12:52",516057,CPY2411060,2024-06-26,"2024-06-30 08:15:48",600,General,Posted,,,sirajm@alhabib.om
TAG1901408,2019-10-31,"2008-03-31 00:00:00",516000,CPY2411012,2024-06-23,"2024-06-27 12:54:03",398,Rent,Posted,2019-11-09,2019-11-18,salamr@alhabib.om
TAG2300934,2024-03-31,"2024-04-04 12:15:43",515360,CAR2401218,2024-06-24,"2024-06-24 16:20:21",63,General,Posted,,,dbabu@alhabib.om
TAG2300934,2024-03-31,"2024-04-04 12:15:43",515359,CAR2401217,2024-06-24,"2024-06-24 16:19:35",12,General,Posted,,,dbabu@alhabib.om
TAG2302589,2024-05-31,"2024-06-12 14:14:07",514821,CPY2409907,2024-06-12,"2024-06-12 16:10:41",160,Rent,Posted,2024-05-01,2024-05-31,dbabu@alhabib.om
TAG2400518,2024-05-31,"2024-06-06 07:46:08",514748,CPY2409843,2024-06-11,"2024-06-11 11:19:03",50,General,Posted,,,dbabu@alhabib.om
TAG2400518,2024-05-31,"2024-06-06 07:46:08",514747,CPY2409842,2024-06-11,"2024-06-11 11:16:56",69.4,General,Posted,,,dbabu@alhabib.om
TAG2202471,2024-01-31,"2024-02-16 15:20:04",514724,CAR2401149,2024-06-10,"2024-06-10 09:39:56",130,General,Posted,,,dbabu@alhabib.om
TAG2400499,2024-05-15,"2024-05-04 10:50:19",514709,CAR2401134,2024-06-09,"2024-06-09 10:45:16",80,General,Posted,,,dbabu@alhabib.om
TAG2400499,2024-05-15,"2024-05-04 10:50:19",514708,CAR2401133,2024-06-09,"2024-06-09 10:43:36",2,General,Posted,,,dbabu@alhabib.om
TAG2300510,2024-02-29,"2024-03-20 07:21:07",514690,CAR2401126,2024-06-06,"2024-06-06 15:12:25",80,Rent,Posted,2024-02-16,2024-02-29,dbabu@alhabib.om
TAG2302231,2024-05-15,"2024-06-05 16:34:51",514623,CPY2409770,2024-05-31,"2024-06-05 18:35:10",175,Rent,Posted,2024-05-01,2024-05-31,sirajm@alhabib.om
TAG2302678,2024-04-30,"2024-04-29 09:18:11",514600,CPY2409747,2024-05-31,"2024-06-05 15:36:44",170,Rent,Posted,2024-04-01,2024-04-30,sirajm@alhabib.om
TAG2300114,2021-11-30,"2023-02-09 09:50:31",514262,CPY2409418,2024-05-31,"2024-06-04 11:30:19",200,Rent,Posted,2018-07-19,2018-08-11,dbabu@alhabib.om
TAG2302235,2024-02-29,"2024-04-12 16:13:08",514261,CPY2409417,2024-06-02,"2024-06-04 11:20:37",164.5,General,Posted,,,dbabu@alhabib.om
TAG2302235,2024-02-29,"2024-04-12 16:13:08",514260,CPY2409416,2024-06-02,"2024-06-04 11:16:45",7.5,General,Posted,,,dbabu@alhabib.om
TAG2302235,2024-02-29,"2024-04-12 16:13:08",514259,CPY2409415,2024-06-02,"2024-06-04 11:13:43",10,Rent,Posted,2024-02-29,2024-02-29,dbabu@alhabib.om
TAG2300114,2021-11-30,"2023-02-09 09:50:31",514250,CPY2409411,2024-06-03,"2024-06-03 15:15:25",600,Rent,Posted,2018-05-07,2018-07-18,dbabu@alhabib.om
TAG2000295,2021-01-31,"2021-05-19 09:48:59",514216,CPY2409380,2024-06-02,"2024-06-03 11:24:56",100,Rent,Posted,2020-12-13,2020-12-24,dbabu@alhabib.om
TAG1903850,2020-06-30,"2020-06-30 00:00:00",514174,CPY2409349,2024-05-30,"2024-06-02 10:40:36",600,Rent,Posted,2021-01-21,2021-02-05,dbabu@alhabib.om
TAG2302745,2024-03-31,"2024-04-04 12:13:10",514013,CPY2409223,2024-05-27,"2024-05-28 09:24:16",12.9,General,Posted,,,dbabu@alhabib.om
TAG2202306,2021-03-09,"2023-02-28 11:41:02",513984,CPY2409204,2024-05-26,"2024-05-27 11:51:59",250,Rent,Posted,2019-12-18,2019-12-29,dbabu@alhabib.om
TAG2202306,2021-03-09,"2023-02-28 11:41:02",513983,CPY2409203,2024-05-26,"2024-05-27 11:49:30",250,Rent,Posted,2019-12-07,2019-12-17,dbabu@alhabib.om
TAG2301629,2024-05-31,"2024-05-20 17:51:32",513937,CPY2409157,2024-05-26,"2024-05-27 10:43:09",400,Rent,Posted,2024-05-01,2024-05-31,salamr@alhabib.om
TAG2301541,2020-08-31,"2023-10-08 11:34:52",513925,CAR2401035,2024-05-26,"2024-05-26 16:42:03",100,Rent,Posted,2020-03-04,2020-03-23,dbabu@alhabib.om
TAG2301541,2020-08-31,"2023-10-08 11:34:52",513924,CAR2401034,2024-05-26,"2024-05-26 16:41:11",100,Rent,Posted,2020-02-13,2020-03-03,dbabu@alhabib.om
TAG2400493,2024-04-30,"2024-05-22 13:36:12",513919,CPY2409144,2024-05-23,"2024-05-26 16:17:40",200,Rent,Posted,2024-04-01,2024-04-30,salamr@alhabib.om
TAG2302379,2024-04-30,"2024-05-08 21:18:29",513696,CAR2401005,2024-05-21,"2024-05-21 11:13:26",80,General,Posted,,,dbabu@alhabib.om
TAG2302379,2024-04-30,"2024-05-08 21:18:29",513695,CAR2401004,2024-05-21,"2024-05-21 11:12:28",54.7,General,Posted,,,dbabu@alhabib.om
TAG2400377,2024-04-30,"2024-05-16 13:03:50",513694,CAR2401003,2024-05-21,"2024-05-21 11:03:37",150,Rent,Posted,2024-04-01,2024-04-30,dbabu@alhabib.om
TAG2400377,2024-04-30,"2024-05-16 13:03:50",513693,CAR2401002,2024-05-21,"2024-05-21 11:03:07",43.1,General,Posted,,,dbabu@alhabib.om
TAG2300633,2024-04-30,"2024-05-08 21:17:54",513660,CAR2400999,2024-05-20,"2024-05-20 14:48:12",70,General,Posted,,,dbabu@alhabib.om
TAG2300633,2024-04-30,"2024-05-08 21:17:54",513659,CAR2400998,2024-05-20,"2024-05-20 14:47:19",96.8,General,Posted,,,dbabu@alhabib.om
TAG2300587,2024-03-31,"2024-04-04 07:52:01",513632,CPY2408893,2024-05-16,"2024-05-20 14:12:04",75,Rent,Posted,2024-04-01,2024-04-15,sirajm@alhabib.om
TAG2300940,2023-10-05,"2023-10-19 15:20:12",513627,CPY2408889,2024-05-20,"2024-05-20 11:45:30",300,Rent,Posted,2023-08-05,2023-09-04,dbabu@alhabib.om
TAG1901408,2019-10-31,"2008-03-31 00:00:00",513443,CPY2408709,2024-05-15,"2024-05-19 10:54:19",122,Rent,Posted,2019-11-05,2019-11-08,salamr@alhabib.om
TAG2302737,2022-01-31,"2024-02-04 09:11:48",513327,CPY2408595,2024-05-19,"2024-05-19 09:31:55",100,Rent,Posted,2021-05-06,2021-05-29,dbabu@alhabib.om
TAG2101703,2022-10-31,"2022-12-05 11:48:47",513319,CPY2408587,2024-05-08,"2024-05-19 09:04:52",200,Rent,Posted,2022-09-15,2022-10-10,dbabu@alhabib.om
TAG2400271,2024-03-31,"2024-04-04 12:14:31",513311,CAR2400985,2024-05-16,"2024-05-16 12:13:12",109.83,General,Posted,,,dbabu@alhabib.om
TAG2400271,2024-03-31,"2024-04-04 12:14:31",513310,CAR2400984,2024-05-16,"2024-05-16 12:11:58",142.67,General,Posted,,,dbabu@alhabib.om
TAG2302678,2024-04-30,"2024-04-29 09:18:11",513293,CPY2408572,2024-05-15,"2024-05-15 16:35:49",28.9,General,Posted,,,dbabu@alhabib.om
TAG2301077,2023-07-31,"2023-08-20 17:01:38",513200,CAR2400967,2024-05-14,"2024-05-14 10:44:13",230,Rent,Posted,2023-07-01,2023-07-31,dbabu@alhabib.om
TAG2300114,2021-11-30,"2023-02-09 09:50:31",512933,CPY2408233,2024-05-13,"2024-05-13 09:53:13",200,Rent,Posted,2018-04-13,2018-05-06,dbabu@alhabib.om
TAG2201403,2023-03-31,"2023-04-30 10:01:24",512673,CAR2400900,2024-05-07,"2024-05-07 14:56:34",190,General,Posted,,,sirajm@alhabib.om
TAG2201403,2023-03-31,"2023-04-30 10:01:24",512672,CAR2400899,2024-05-07,"2024-05-07 14:54:23",85.2,General,Posted,,,dbabu@alhabib.om
TAG2201403,2023-03-31,"2023-04-30 10:01:24",512671,CAR2400898,2024-05-07,"2024-05-07 14:53:04",100,Rent,Posted,2023-03-01,2023-03-31,dbabu@alhabib.om
TAG2201403,2023-03-31,"2023-04-30 10:01:24",512670,CAR2400897,2024-05-07,"2024-05-07 14:52:37",100,Rent,Posted,2023-02-01,2023-02-28,dbabu@alhabib.om
TAG2300114,2021-11-30,"2023-02-09 09:50:31",512424,CPY2407787,2024-05-07,"2024-05-07 10:59:44",350,Rent,Posted,2018-03-01,2018-04-12,dbabu@alhabib.om
TAG1800288,2018-01-31,"2018-01-31 00:00:00",512423,CPY2407786,2024-05-06,"2024-05-07 10:56:47",250,Rent,Posted,2018-02-01,2018-02-28,dbabu@alhabib.om
TAG2300510,2024-02-29,"2024-03-20 07:21:07",512107,CPY2407487,2024-05-05,"2024-05-05 12:46:23",240,Rent,Posted,2024-01-01,2024-02-15,dbabu@alhabib.om
TAG2000295,2021-01-31,"2021-05-19 09:48:59",512075,CPY2407459,2024-05-02,"2024-05-02 17:13:15",100,Rent,Posted,2020-12-01,2020-12-12,dbabu@alhabib.om
TAG2302745,2024-03-31,"2024-04-04 12:13:10",512047,CPY2407433,2024-04-29,"2024-05-02 15:41:06",50,General,Posted,,,dbabu@alhabib.om
TAG2300234,2023-08-31,"2023-09-05 11:14:09",511995,CPY2407399,2024-04-30,"2024-05-01 14:19:34",434,Rent,Posted,2023-07-14,2023-08-30,salamr@alhabib.om
TAG2301513,2023-09-30,"2023-10-05 11:57:24",511895,CPY2407308,2024-04-28,"2024-04-30 14:53:18",125,Rent,Posted,2023-10-01,2023-10-31,dbabu@alhabib.om
TAG2301127,2024-04-15,"2024-04-25 15:36:15",511870,CAR2400839,2024-04-30,"2024-04-30 10:22:05",84.6,General,Posted,,,sirajm@alhabib.om
TAG2302737,2022-01-31,"2024-02-04 09:11:48",511864,CPY2407288,2024-04-25,"2024-04-30 08:47:17",75,Rent,Posted,2021-04-18,2021-05-05,dbabu@alhabib.om
TAG2301871,2024-04-20,"2024-04-16 20:03:19",511786,CAR2400828,2024-04-29,"2024-04-29 12:13:25",150,Rent,Posted,2024-03-21,2024-04-20,dbabu@alhabib.om
TAG2301092,2024-02-29,"2024-01-27 14:51:35",511615,CPY2407070,2024-04-24,"2024-04-24 17:47:24",250,Rent,Posted,2024-02-01,2024-02-16,dbabu@alhabib.om
TAG2301421,2024-04-15,"2024-04-22 12:53:07",511413,CAR2400788,2024-04-22,"2024-04-22 16:02:53",90,General,Posted,,,dbabu@alhabib.om
TAG2301421,2024-04-15,"2024-04-22 12:53:07",511412,CAR2400787,2024-04-22,"2024-04-22 16:01:57",135.7,General,Posted,,,dbabu@alhabib.om
TAG2300648,2024-01-31,"2024-02-07 09:17:11",511361,CPY2406834,2024-04-15,"2024-04-22 10:10:48",1000,Rent,Posted,2023-08-01,2023-12-31,salamr@alhabib.om
TAG1901408,2019-10-31,"2008-03-31 00:00:00",511355,CPY2406829,2024-04-15,"2024-04-22 09:35:19",200,Rent,Posted,2019-10-31,2019-11-04,salamr@alhabib.om
TAG2101906,2021-10-31,"2021-11-13 12:38:00",511261,CAR2400784,2024-04-22,"2024-04-22 09:06:56",275,General,Posted,,,dbabu@alhabib.om
TAG2202373,2023-12-31,"2024-02-16 15:21:52",511203,CAR2400782,2024-04-21,"2024-04-21 16:18:03",130,General,Posted,,,dbabu@alhabib.om
TAG2300101,2024-03-31,"2024-04-19 06:57:45",511148,CAR2400776,2024-04-21,"2024-04-21 12:32:32",63,General,Posted,,,dbabu@alhabib.om
TAG2300101,2024-03-31,"2024-04-19 06:57:45",511147,CAR2400775,2024-04-21,"2024-04-21 12:30:53",425,Rent,Posted,2024-03-01,2024-03-31,dbabu@alhabib.om
TAG2302270,2023-12-31,"2024-01-13 15:59:16",510980,CAR2400774,2024-04-21,"2024-04-21 09:37:15",13.7,General,Posted,,,dbabu@alhabib.om
TAG2302235,2024-02-29,"2024-04-12 16:13:08",510889,CPY2406376,2024-04-08,"2024-04-20 12:48:30",180,Rent,Posted,2024-02-01,2024-02-28,dbabu@alhabib.om
TAG2301559,2024-04-05,"2024-04-04 12:21:26",510146,CAR2400723,2024-04-08,"2024-04-08 14:46:29",187.8,General,Posted,,,dbabu@alhabib.om
TAG2300497,2024-03-31,"2024-04-04 12:17:08",510093,CAR2400698,2024-04-04,"2024-04-04 15:12:28",89.2,General,Posted,,,dbabu@alhabib.om
TAG2300487,2024-03-31,"2024-04-01 11:40:33",510003,CAR2400683,2024-04-03,"2024-04-03 10:18:41",130,Rent,Posted,2024-03-01,2024-03-31,dbabu@alhabib.om
TAG2300234,2023-08-31,"2023-09-05 11:14:09",509900,CPY2405500,2024-03-31,"2024-03-31 14:53:08",440,Rent,Posted,2023-05-26,2023-07-13,salamr@alhabib.om
TAG2300571,2024-03-31,"2024-03-27 13:23:01",509880,CAR2400656,2024-03-31,"2024-03-31 14:29:23",200,Rent,Posted,2024-03-01,2024-03-31,dbabu@alhabib.om
TAG1901408,2019-10-31,"2008-03-31 00:00:00",509813,CPY2405424,2024-03-27,"2024-03-28 13:26:36",200,Rent,Posted,2019-10-26,2019-10-30,salamr@alhabib.om
TAG2301620,2023-12-05,"2023-12-13 06:51:10",509756,CPY2405371,2024-02-29,"2024-03-27 13:30:17",17.8,General,Posted,,,sirajm@alhabib.om
TAG2302268,2024-02-15,"2024-03-04 15:01:12",509644,CPY2405271,2024-03-05,"2024-03-26 10:59:46",124.65,General,Posted,,,sirajm@alhabib.om
TAG2200397,2022-02-28,"2022-03-16 07:38:34",509643,CPY2405270,2024-01-01,"2024-03-26 10:29:37",1080,Rent,Posted,2021-11-01,2022-02-28,sirajm@alhabib.om
TAG2202306,2021-03-09,"2023-02-28 11:41:02",509617,CPY2405246,2024-03-25,"2024-03-25 13:04:32",250,Rent,Posted,2019-11-26,2019-12-06,dbabu@alhabib.om
TAG2000295,2021-01-31,"2021-05-19 09:48:59",509594,CPY2405233,2024-03-24,"2024-03-24 15:47:31",100,Rent,Posted,2020-11-19,2020-11-30,sirajm@alhabib.om
TAG2300070,2024-02-29,"2024-02-16 15:22:26",509462,CAR2400607,2024-03-21,"2024-03-21 15:56:06",140,Rent,Posted,2024-02-01,2024-02-29,dbabu@alhabib.om
TAG2300066,2024-02-29,"2024-03-20 07:20:53",509131,CAR2400595,2024-03-20,"2024-03-20 11:09:07",190,General,Posted,,,dbabu@alhabib.om
TAG2300066,2024-02-29,"2024-03-20 07:20:53",509130,CPY2404794,2024-03-19,"2024-03-20 11:06:20",188,General,Posted,,,dbabu@alhabib.om
TAG2301482,2024-02-29,"2024-03-03 12:36:08",509114,CAR2400592,2024-03-19,"2024-03-19 11:43:02",13.5,General,Posted,,,dbabu@alhabib.om
TAG2302737,2022-01-31,"2024-02-04 09:11:48",509109,CPY2404780,2024-03-18,"2024-03-18 16:03:05",100,Rent,Posted,2021-03-25,2021-04-17,sirajm@alhabib.om
TAG2302579,2024-01-31,"2024-03-11 21:30:36",509081,CAR2400587,2024-03-18,"2024-03-18 14:40:13",80,General,Posted,,,dbabu@alhabib.om
TAG2302579,2024-01-31,"2024-03-11 21:30:36",509080,CAR2400586,2024-03-18,"2024-03-18 14:39:17",45,General,Posted,,,dbabu@alhabib.om
TAG2000603,2021-01-15,"2021-01-15 00:00:00",508969,CPY2404652,2024-03-01,"2024-03-15 15:42:42",137.8,General,Posted,,,sirajm@alhabib.om
TAG2000603,2021-01-15,"2021-01-15 00:00:00",508968,CPY2404651,2024-03-01,"2024-03-15 15:40:52",50,General,Posted,,,sirajm@alhabib.om
TAG2000603,2021-01-15,"2021-01-15 00:00:00",508967,CPY2404650,2024-03-01,"2024-03-15 15:37:54",200,Rent,Posted,2021-01-16,2021-02-15,sirajm@alhabib.om
TAG2302510,2024-03-15,"2024-03-03 19:06:15",508871,CPY2404576,2024-03-13,"2024-03-13 11:53:53",143,General,Posted,,,dbabu@alhabib.om
TAG2201130,2022-10-11,"2022-11-05 13:36:02",508688,CPY2404393,2024-03-01,"2024-03-13 10:45:53",1480,General,Posted,,,sirajm@alhabib.om
TAG2201130,2022-10-11,"2022-11-05 13:36:02",508687,CPY2404392,2024-03-01,"2024-03-13 10:41:39",150,General,Posted,,,sirajm@alhabib.om
TAG2201130,2022-10-11,"2022-11-05 13:36:02",508686,CPY2404391,2024-03-01,"2024-03-13 10:39:52",250,General,Posted,,,sirajm@alhabib.om
TAG2201130,2022-10-11,"2022-11-05 13:36:02",508685,CPY2404390,2024-03-01,"2024-03-13 10:34:28",144,General,Posted,,,sirajm@alhabib.om
TAG2201130,2022-10-11,"2022-11-05 13:36:02",508684,CPY2404389,2024-03-01,"2024-03-13 10:31:31",306,Rent,Posted,2022-08-01,2022-10-11,sirajm@alhabib.om
TAG2101842,2022-09-30,"2022-11-15 10:14:35",508683,CPY2404388,2024-03-12,"2024-03-13 10:19:34",150,General,Posted,,,sirajm@alhabib.om
TAG2101842,2022-09-30,"2022-11-15 10:14:35",508682,CPY2404387,2024-03-12,"2024-03-13 10:04:12",700,Rent,Posted,2022-03-01,2022-09-30,sirajm@alhabib.om
TAG1903850,2020-06-30,"2020-06-30 00:00:00",508554,CPY2404284,2024-03-11,"2024-03-11 11:53:09",200,Rent,Posted,2021-01-16,2021-01-20,dbabu@alhabib.om
TAG2300648,2024-01-31,"2024-02-07 09:17:11",508548,CAR2400523,2024-03-11,"2024-03-11 09:17:25",15.9,General,Posted,,,dbabu@alhabib.om
TAG2300648,2024-01-31,"2024-02-07 09:17:11",508547,CAR2400522,2024-03-11,"2024-03-11 09:16:42",12,General,Posted,,,dbabu@alhabib.om
TAG1903850,2020-06-30,"2020-06-30 00:00:00",508471,CPY2404222,2024-03-07,"2024-03-10 11:49:10",800,Rent,Posted,2020-12-27,2021-01-15,dbabu@alhabib.om
TAG2301531,2023-07-31,"2023-08-25 20:57:54",507887,CAR2400479,2024-03-05,"2024-03-05 17:07:51",80,Rent,Posted,2023-07-01,2023-07-31,dbabu@alhabib.om
TAG2200165,2023-02-05,"2023-02-09 17:29:49",507833,CPY2403629,2024-01-31,"2024-03-04 15:42:10",837,General,Posted,,,sirajm@alhabib.om
TAG2200165,2023-02-05,"2023-02-09 17:29:49",507832,CPY2403628,2024-01-31,"2024-03-04 15:36:53",664,General,Posted,,,sirajm@alhabib.om
TAG2200165,2023-02-05,"2023-02-09 17:29:49",507831,CPY2403627,2024-01-31,"2024-03-04 15:32:55",1956,Rent,Posted,2022-03-01,2023-02-05,sirajm@alhabib.om
TAG2302723,2024-01-31,"2024-02-29 17:14:56",507825,CAR2400459,2024-03-04,"2024-03-04 12:47:21",70,General,Posted,,,dbabu@alhabib.om
TAG2302723,2024-01-31,"2024-02-29 17:14:56",507824,CPY2403624,2024-02-27,"2024-03-04 12:44:53",97.9,General,Posted,,,dbabu@alhabib.om
TAG2200250,2022-01-31,"2022-02-12 12:36:01",507819,CAR2400454,2024-03-04,"2024-03-04 11:35:21",337.25,General,Posted,,,dbabu@alhabib.om
TAG2200250,2022-01-31,"2022-02-12 12:36:01",507818,CAR2400453,2024-03-04,"2024-03-04 11:34:04",232.75,General,Posted,,,dbabu@alhabib.om
TAG2200250,2022-01-31,"2022-02-12 12:36:01",507817,CAR2400452,2024-03-04,"2024-03-04 11:32:19",490,Rent,Posted,2022-01-01,2022-01-31,dbabu@alhabib.om
TAG2300234,2023-08-31,"2023-09-05 11:14:09",507715,CPY2403540,2024-02-28,"2024-03-03 08:36:29",440,Rent,Posted,2023-04-08,2023-05-25,salamr@alhabib.om
TAG2202293,2020-08-31,"2023-02-28 11:55:31",507670,CPY2403502,2024-02-26,"2024-02-29 14:55:16",300,Rent,Posted,2020-08-31,2020-08-31,sirajm@alhabib.om
TAG2301354,2024-01-15,"2024-01-27 14:57:41",507651,CAR2400423,2024-02-29,"2024-02-29 12:24:48",150,Rent,Posted,2023-12-16,2024-01-15,dbabu@alhabib.om
TAG2301354,2024-01-15,"2024-01-27 14:57:41",507648,CPY2403485,2024-02-29,"2024-02-29 12:17:28",17,General,Posted,,,dbabu@alhabib.om
TAG2301354,2024-01-15,"2024-01-27 14:57:41",507647,CPY2403484,2024-02-29,"2024-02-29 12:15:23",80.75,General,Posted,,,dbabu@alhabib.om
TAG2202306,2021-03-09,"2023-02-28 11:41:02",507498,CPY2403369,2024-02-26,"2024-02-26 16:13:47",250,Rent,Posted,2019-11-15,2019-11-25,dbabu@alhabib.om
TAG2301283,2023-11-30,"2023-12-13 06:55:10",507388,CPY2403278,2024-01-31,"2024-02-25 14:42:14",6.3,General,Posted,,,sirajm@alhabib.om
TAG2301283,2023-11-30,"2023-12-13 06:55:10",507387,CAR2400368,2024-02-25,"2024-02-25 14:30:30",166.66,General,Posted,,,dbabu@alhabib.om
TAG2201228,2022-10-11,"2022-11-05 13:36:11",507375,CPY2403269,2024-02-22,"2024-02-24 11:55:38",238,General,Posted,,,sirajm@alhabib.om
TAG2201228,2022-10-11,"2022-11-05 13:36:11",507374,CPY2403268,2024-02-22,"2024-02-24 11:52:54",400,General,Posted,,,sirajm@alhabib.om
TAG2201228,2022-10-11,"2022-11-05 13:36:11",507373,CPY2403267,2024-02-22,"2024-02-24 11:50:28",366,General,Posted,,,sirajm@alhabib.om
TAG2201228,2022-10-11,"2022-11-05 13:36:11",507372,CPY2403266,2024-02-22,"2024-02-24 11:48:10",306,Rent,Posted,2022-08-01,2022-10-11,sirajm@alhabib.om
TAG2301354,2024-01-15,"2024-01-27 14:57:41",507253,CPY2403163,2024-02-15,"2024-02-20 15:48:45",100,General,Posted,,,dbabu@alhabib.om
TAG1702037,2018-02-28,"2008-03-31 00:00:00",507120,CPY2403030,2024-01-31,"2024-02-20 11:09:10",1022,General,Posted,,,dbabu@alhabib.om
TAG1702037,2018-02-28,"2008-03-31 00:00:00",507119,CPY2403029,2024-01-31,"2024-02-20 11:01:56",350,Rent,Posted,2018-02-10,2018-02-28,dbabu@alhabib.om
TAG2302737,2022-01-31,"2024-02-04 09:11:48",507114,CPY2403028,2024-02-18,"2024-02-19 16:46:26",100,Rent,Posted,2021-03-01,2021-03-24,dbabu@alhabib.om
TAG1702685,2017-12-31,"2008-03-31 00:00:00",507108,CPY2403023,2024-02-19,"2024-02-19 15:52:49",50,Rent,Posted,2017-12-26,2017-12-31,dbabu@alhabib.om
TAG2300805,2024-02-29,"2024-02-15 11:50:14",507100,CPY2403015,2024-02-15,"2024-02-19 14:31:05",250,Rent,Posted,2024-02-11,2024-03-10,salamr@alhabib.om
TAG2300805,2024-02-29,"2024-02-15 11:50:14",507099,CPY2403014,2024-02-15,"2024-02-19 14:30:57",12.5,General,Posted,,,salamr@alhabib.om
TAG1901408,2019-10-31,"2008-03-31 00:00:00",507069,CPY2402985,2024-02-15,"2024-02-19 11:54:26",200,Rent,Posted,2019-10-21,2019-10-25,salamr@alhabib.om
TAG2300805,2024-02-29,"2024-02-15 11:50:14",506928,CPY2402853,2024-02-15,"2024-02-15 17:20:46",125,General,Posted,,,dbabu@alhabib.om
TAG2202092,2023-12-31,"2024-01-13 16:00:35",506826,CPY2402757,2024-02-12,"2024-02-15 11:38:36",128,General,Posted,,,dbabu@alhabib.om
TAG2100871,2022-04-30,"2022-05-18 08:43:17",506792,CPY2402726,2024-02-12,"2024-02-15 10:22:09",27.5,General,Posted,,,salamr@alhabib.om
TAG1903850,2020-06-30,"2020-06-30 00:00:00",506606,CPY2402550,2024-02-06,"2024-02-14 08:49:44",1000,Rent,Posted,2020-12-02,2020-12-26,dbabu@alhabib.om
TAG1903850,2020-06-30,"2020-06-30 00:00:00",506605,CPY2402549,2024-02-01,"2024-02-14 08:48:30",1000,Rent,Posted,2020-11-06,2020-12-01,sirajm@alhabib.om
TAG2301505,2024-01-31,"2024-01-21 11:17:54",506059,CPY2402054,2024-01-30,"2024-02-06 11:13:54",100,Rent,Posted,2024-01-01,2024-01-31,dbabu@alhabib.om
TAG2302737,2022-01-31,"2024-02-04 09:11:48",505823,CPY2401835,2024-01-18,"2024-02-04 09:27:15",125,Rent,Posted,2021-02-01,2021-02-28,sirajm@alhabib.om
TAG2302735,2021-01-31,"2024-02-04 09:03:22",505821,CPY2401833,2024-01-18,"2024-02-04 09:26:23",375,Rent,Posted,2020-11-01,2021-01-31,sirajm@alhabib.om
TAG1603780,2016-12-14,"2008-03-31 00:00:00",505783,CPY2401800,2024-01-31,"2024-02-01 15:56:43",55,General,Posted,,,sirajm@alhabib.om
TAG1603780,2016-12-14,"2008-03-31 00:00:00",505782,CPY2401799,2024-01-31,"2024-02-01 15:55:34",95,General,Posted,,,sirajm@alhabib.om
TAG1603780,2016-12-14,"2008-03-31 00:00:00",505781,CPY2401798,2024-01-31,"2024-02-01 15:54:25",147,General,Posted,,,sirajm@alhabib.om
TAG1603780,2016-12-14,"2008-03-31 00:00:00",505780,CPY2401797,2024-01-31,"2024-02-01 15:51:45",135,Rent,Posted,2016-11-01,2016-11-14,sirajm@alhabib.om
TAG2300234,2023-08-31,"2023-09-05 11:14:09",505758,CPY2401782,2024-01-30,"2024-02-01 10:44:55",61,Rent,Posted,2023-04-01,2023-04-07,dbabu@alhabib.om
TAG2300234,2023-08-31,"2023-09-05 11:14:09",505757,CPY2401781,2024-01-30,"2024-02-01 10:43:53",379,General,Posted,,,dbabu@alhabib.om
TAG2202293,2020-08-31,"2023-02-28 11:55:31",505716,CPY2401741,2024-01-25,"2024-01-31 19:35:37",300,Rent,Posted,2020-08-19,2020-08-30,sirajm@alhabib.om
TAG2202293,2020-08-31,"2023-02-28 11:55:31",505705,CPY2401730,2024-01-02,"2024-01-31 19:26:09",621,Rent,Posted,2020-07-27,2020-08-18,sirajm@alhabib.om
TAG2301283,2023-11-30,"2023-12-13 06:55:10",505704,CPY2401729,2024-01-30,"2024-01-31 19:19:16",63.6,Rent,Posted,2023-11-05,2023-11-30,sirajm@alhabib.om
TAG2202026,2023-11-15,"2023-11-22 18:52:06",505658,CAR2400213,2024-01-30,"2024-01-30 16:14:31",100.3,General,Posted,,,dbabu@alhabib.om
TAG2201674,2023-10-31,"2023-11-22 18:53:47",505624,CAR2400210,2024-01-30,"2024-01-30 12:22:28",135,Rent,Posted,2023-10-01,2023-10-31,dbabu@alhabib.om
TAG2201674,2023-10-31,"2023-11-22 18:53:47",505614,CPY2401666,2024-01-29,"2024-01-30 09:55:18",22.5,General,Posted,,,dbabu@alhabib.om
TAG1903850,2020-06-30,"2020-06-30 00:00:00",505522,CPY2401595,2023-12-31,"2024-01-28 14:16:15",5000,Rent,Posted,2020-07-01,2020-11-05,sirajm@alhabib.om
TAG2201951,2023-11-30,"2023-12-13 06:54:03",505503,CPY2401582,2024-01-28,"2024-01-28 10:27:45",180,Rent,Posted,2023-10-01,2023-10-31,dbabu@alhabib.om
TAG2000295,2021-01-31,"2021-05-19 09:48:59",505493,CPY2401572,2024-01-28,"2024-01-28 07:58:31",200,Rent,Posted,2020-10-25,2020-11-18,sirajm@alhabib.om
TAG2202306,2021-03-09,"2023-02-28 11:41:02",505457,CPY2401548,2024-01-24,"2024-01-24 16:05:54",250,Rent,Posted,2019-11-04,2019-11-14,dbabu@alhabib.om
TAG2300940,2023-10-05,"2023-10-19 15:20:12",505431,CPY2401536,2024-01-21,"2024-01-24 09:34:20",112.8,General,Posted,,,dbabu@alhabib.om
TAG2300257,2023-12-31,"2024-01-13 15:59:57",505310,CPY2401432,2024-01-21,"2024-01-21 15:43:25",182.99,General,Posted,,,dbabu@alhabib.om
TAG2200148,2022-05-31,"2022-06-14 07:03:46",505127,CAR2400131,2024-01-18,"2024-01-18 11:05:19",30,General,Posted,,,dbabu@alhabib.om
TAG2200148,2022-05-31,"2022-06-14 07:03:46",505126,CAR2400130,2024-01-18,"2024-01-18 11:04:04",75,General,Posted,,,dbabu@alhabib.om
TAG2200148,2022-05-31,"2022-06-14 07:03:46",505125,CAR2400129,2024-01-18,"2024-01-18 11:01:19",51,General,Posted,,,dbabu@alhabib.om
TAG2200148,2022-05-31,"2022-06-14 07:03:46",505124,CAR2400128,2024-01-18,"2024-01-18 10:59:22",30,Rent,Posted,2022-05-23,2022-05-31,dbabu@alhabib.om
TAG1901408,2019-10-31,"2008-03-31 00:00:00",505076,CPY2401209,2024-01-15,"2024-01-18 09:08:05",200,Rent,Posted,2019-10-16,2019-10-20,salamr@alhabib.om
TAG2202411,2024-01-05,"2023-12-31 16:42:42",504113,CAR2400047,2024-01-08,"2024-01-08 15:54:07",60.6,General,Posted,,,dbabu@alhabib.om
TAG2301513,2023-09-30,"2023-10-05 11:57:24",503797,CPY2400022,2024-01-02,"2024-01-05 11:12:50",500,Rent,Posted,2023-06-01,2023-09-30,sirajm@alhabib.om
TAG2302336,2021-03-31,"2023-12-24 10:18:55",503788,CPY2400013,2023-11-30,"2024-01-04 17:18:26",1532,General,Posted,,,sirajm@alhabib.om
TAG2202133,2023-11-30,"2023-12-13 06:53:49",503776,CAR2400034,2024-01-04,"2024-01-04 16:02:08",71.3,General,Posted,,,dbabu@alhabib.om
TAG2301627,2023-09-30,"2023-10-11 13:12:23",503763,CAR2400022,2024-01-03,"2024-01-03 12:01:39",31.4,General,Posted,,,dbabu@alhabib.om
TAG2301627,2023-09-30,"2023-10-11 13:12:23",503762,CAR2400021,2024-01-03,"2024-01-03 12:00:35",175,Rent,Posted,2023-09-01,2023-09-30,dbabu@alhabib.om
TAG2301620,2023-12-05,"2023-12-13 06:51:10",503746,CPY2319762,2023-12-31,"2024-01-02 10:34:00",110,Rent,Posted,2023-11-06,2023-12-05,sirajm@alhabib.om
TAG2000295,2021-01-31,"2021-05-19 09:48:59",503735,CPY2319759,2023-12-28,"2024-01-01 16:08:08",100,Rent,Posted,2020-10-13,2020-10-24,dbabu@alhabib.om
TAG2301569,2023-08-31,"2023-09-05 16:16:09",503727,CPY2319755,2023-12-31,"2024-01-01 10:26:08",135,Rent,Posted,2023-08-01,2023-08-31,sirajm@alhabib.om
TAG2201951,2023-11-30,"2023-12-13 06:54:03",503617,CPY2319658,2023-12-31,"2023-12-31 09:43:59",180,Rent,Posted,2023-09-01,2023-09-30,sirajm@alhabib.om
TAG2202168,2023-12-15,"2023-12-28 07:38:05",503603,CPY2319649,2023-12-30,"2023-12-30 10:37:50",100,Rent,Posted,2023-12-01,2023-12-15,sirajm@alhabib.om
TAG2202168,2023-12-15,"2023-12-28 07:38:05",503580,CPY2319637,2023-11-30,"2023-12-28 08:59:27",200,Rent,Posted,2023-11-01,2023-11-30,sirajm@alhabib.om
TAG2202306,2021-03-09,"2023-02-28 11:41:02",503496,CPY2319562,2023-12-24,"2023-12-26 08:52:27",250,Rent,Posted,2019-10-22,2019-11-03,sirajm@alhabib.om
TAG2200312,2020-12-31,"2022-02-16 15:05:17",503463,CPY2319538,2023-12-20,"2023-12-25 09:52:33",545,General,Posted,,,sirajm@alhabib.om
TAG2200312,2020-12-31,"2022-02-16 15:05:17",503462,CPY2319537,2023-12-20,"2023-12-25 09:49:48",535,Rent,Posted,2020-04-07,2020-06-26,sirajm@alhabib.om
TAG2200405,2022-02-28,"2022-03-16 07:46:29",503416,CPY2319492,2023-12-20,"2023-12-25 08:15:56",500,Rent,Posted,2021-04-01,2021-04-30,salamr@alhabib.om
TAG2302336,2021-03-31,"2023-12-24 10:18:55",503398,CPY2319474,2023-11-30,"2023-12-24 17:33:48",440,General,Posted,,,sirajm@alhabib.om
TAG2302336,2021-03-31,"2023-12-24 10:18:55",503397,CPY2319473,2023-11-30,"2023-12-24 17:30:49",3028,Rent,Posted,2020-10-29,2021-03-31,sirajm@alhabib.om
TAG2302336,2021-03-31,"2023-12-24 10:18:55",503396,CPY2319472,2023-11-30,"2023-12-24 17:27:05",2972,Rent,Posted,2020-06-01,2020-10-28,sirajm@alhabib.om
TAG2302336,2021-03-31,"2023-12-24 10:18:55",503395,CPY2319471,2023-11-30,"2023-12-24 17:20:07",1800,Rent,Posted,2020-03-01,2020-05-31,sirajm@alhabib.om
TAG2201951,2023-11-30,"2023-12-13 06:54:03",503376,CAR2302453,2023-12-24,"2023-12-24 12:42:36",180,General,Posted,,,sirajm@alhabib.om
TAG2201951,2023-11-30,"2023-12-13 06:54:03",503374,CPY2319464,2023-12-24,"2023-12-24 12:28:21",250,General,Posted,,,salamr@alhabib.om
TAG2201951,2023-11-30,"2023-12-13 06:54:03",503373,CPY2319463,2023-12-24,"2023-12-24 12:26:22",212,General,Posted,,,salamr@alhabib.om
TAG2300541,2020-02-29,"2023-03-30 16:27:17",503271,CPY2319364,2023-11-30,"2023-12-22 15:33:18",4500,Rent,Posted,2019-09-01,2020-02-29,sirajm@alhabib.om
TAG1801898,2019-05-31,"2008-03-31 00:00:00",503270,CPY2319363,2023-12-01,"2023-12-22 10:50:51",17,General,Posted,,,sirajm@alhabib.om
TAG1801898,2019-05-31,"2008-03-31 00:00:00",503269,CPY2319362,2023-12-01,"2023-12-22 10:48:44",2640,Rent,Posted,2019-02-01,2019-05-31,sirajm@alhabib.om
TAG1901408,2019-10-31,"2008-03-31 00:00:00",503234,CPY2319330,2023-12-19,"2023-12-21 15:16:21",200,Rent,Posted,2019-10-11,2019-10-15,salamr@alhabib.om
TAG2300926,2023-11-15,"2023-11-22 18:51:31",502961,CPY2319068,2023-11-30,"2023-12-17 12:13:18",24,General,Posted,,,sirajm@alhabib.om
TAG2202061,2023-10-31,"2023-11-11 16:28:32",502723,CAR2302412,2023-12-12,"2023-12-12 15:53:05",221,General,Posted,,,dbabu@alhabib.om
TAG2202061,2023-10-31,"2023-11-11 16:28:32",502720,CAR2302411,2023-12-12,"2023-12-12 15:50:15",400,Rent,Posted,2023-10-01,2023-10-31,dbabu@alhabib.om
TAG2200175,2022-01-27,"2022-02-03 16:25:57",502623,CAR2302410,2023-12-12,"2023-12-12 14:08:26",424,Rent,Posted,2021-10-16,2021-11-13,dbabu@alhabib.om
TAG2300223,2023-10-31,"2023-11-05 21:36:12",502545,CAR2302393,2023-12-11,"2023-12-11 10:25:14",90,General,Posted,,,dbabu@alhabib.om
TAG2201763,2023-10-31,"2023-11-11 16:28:09",502544,CAR2302392,2023-12-11,"2023-12-11 09:31:03",13.3,General,Posted,,,dbabu@alhabib.om
TAG2202258,2023-06-15,"2023-08-16 10:00:39",502506,CPY2318678,2023-12-06,"2023-12-10 10:47:41",100,General,Posted,,,dbabu@alhabib.om
TAG1702685,2017-12-31,"2008-03-31 00:00:00",502019,CAR2302334,2023-12-05,"2023-12-05 12:21:36",400,Rent,Posted,2017-11-11,2017-12-25,dbabu@alhabib.om
TAG2201837,2015-04-30,"2023-02-28 11:30:31",501925,CPY2318133,2023-12-03,"2023-12-05 11:59:07",100,Rent,Posted,2015-04-30,2015-04-30,salamr@alhabib.om
TAG2300470,2023-10-31,"2023-11-28 07:43:41",501786,CAR2302333,2023-12-05,"2023-12-05 11:13:30",225,Rent,Posted,2023-10-01,2023-10-31,dbabu@alhabib.om
TAG2301122,2023-10-31,"2023-11-11 16:29:17",501762,CAR2302329,2023-12-04,"2023-12-04 15:48:51",240,General,Posted,,,dbabu@alhabib.om
TAG2301122,2023-10-31,"2023-11-11 16:29:17",501761,CPY2317974,2023-11-30,"2023-12-04 15:43:50",75,General,Posted,,,dbabu@alhabib.om
TAG2301745,2023-09-30,"2023-10-18 15:05:31",501752,CAR2302320,2023-12-04,"2023-12-04 08:24:38",100,Rent,Posted,2023-09-01,2023-09-30,dbabu@alhabib.om
TAG2000295,2021-01-31,"2021-05-19 09:48:59",501694,CAR2302305,2023-11-30,"2023-11-30 15:01:13",100,Rent,Posted,2020-10-01,2020-10-12,sirajm@alhabib.om
TAG2202293,2020-08-31,"2023-02-28 11:55:31",501648,CPY2317897,2023-11-27,"2023-11-29 18:37:14",450,Rent,Posted,2020-07-10,2020-07-26,sirajm@alhabib.om
TAG2301819,2023-10-31,"2023-11-11 16:29:03",501575,CAR2302269,2023-11-28,"2023-11-28 09:19:35",170,Rent,Posted,2023-10-01,2023-10-31,dbabu@alhabib.om
TAG2300249,2023-11-30,"2023-11-22 18:54:39",501568,CPY2317847,2023-11-26,"2023-11-27 15:22:27",76,General,Posted,,,salamr@alhabib.om
TAG2301741,2023-10-31,"2023-11-19 16:21:53",501557,CPY2317836,2023-11-26,"2023-11-27 15:09:02",945,Rent,Posted,2023-09-16,2023-10-30,salamr@alhabib.om
TAG2301742,2023-10-31,"2023-11-19 16:22:06",501522,CPY2317802,2023-11-26,"2023-11-27 14:53:46",420,Rent,Posted,2023-10-01,2023-10-31,salamr@alhabib.om
TAG2301740,2023-10-31,"2023-11-19 16:22:19",501521,CPY2317801,2023-11-26,"2023-11-27 14:53:34",315,Rent,Posted,2023-09-16,2023-10-30,salamr@alhabib.om
TAG2202306,2021-03-09,"2023-02-28 11:41:02",501436,CPY2317736,2023-11-21,"2023-11-22 11:04:07",250,Rent,Posted,2019-10-11,2019-10-21,dbabu@alhabib.om
TAG2202148,2023-10-20,"2023-11-13 16:18:12",501430,CAR2302237,2023-11-21,"2023-11-21 15:43:14",75,General,Posted,,,dbabu@alhabib.om
TAG2202148,2023-10-20,"2023-11-13 16:18:12",501429,CAR2302236,2023-11-21,"2023-11-21 15:40:57",75,Rent,Posted,2023-10-06,2023-10-20,dbabu@alhabib.om
TAG2202148,2023-10-20,"2023-11-13 16:18:12",501412,CPY2317718,2023-11-20,"2023-11-21 10:37:40",250,Rent,Posted,2023-08-16,2023-10-05,sirajm@alhabib.om
TAG2301409,2023-10-31,"2023-11-11 16:27:36",501406,CAR2302235,2023-11-21,"2023-11-21 09:17:10",123.55,General,Posted,,,dbabu@alhabib.om
TAG2200312,2020-12-31,"2022-02-16 15:05:17",501376,CPY2317685,2023-11-20,"2023-11-20 15:39:12",240,Rent,Posted,2020-03-01,2020-04-06,salamr@alhabib.om
TAG2200174,2022-01-27,"2022-02-03 16:25:48",501333,CAR2302230,2023-11-20,"2023-11-20 10:58:40",346,Rent,Posted,2021-12-24,2022-01-15,dbabu@alhabib.om
TAG2201733,2023-10-14,"2023-10-11 13:17:38",501155,CPY2317474,2023-11-01,"2023-11-19 11:06:27",59.3,General,Posted,,,dbabu@alhabib.om
TAG1901408,2019-10-31,"2008-03-31 00:00:00",501112,CPY2317432,2023-11-15,"2023-11-16 11:48:17",200,Rent,Posted,2019-10-06,2019-10-10,salamr@alhabib.om
TAG2201380,2023-09-30,"2023-10-11 13:18:42",500987,CPY2317309,2023-11-08,"2023-11-16 08:19:13",2100,Rent,Posted,2023-07-01,2023-09-30,salamr@alhabib.om
TAG2300972,2023-10-31,"2023-11-11 16:30:32",500957,CPY2317283,2023-11-13,"2023-11-15 15:56:24",110,General,Posted,,,salamr@alhabib.om
TAG2300972,2023-10-31,"2023-11-11 16:30:32",500956,CPY2317282,2023-11-13,"2023-11-15 15:55:27",50,General,Posted,,,salamr@alhabib.om
TAG2302099,2017-11-14,"2023-11-15 12:15:26",500950,CPY2317277,2023-11-01,"2023-11-15 14:49:30",30.6,General,Posted,,,sirajm@alhabib.om
TAG2302099,2017-11-14,"2023-11-15 12:15:26",500949,CPY2317276,2023-11-01,"2023-11-15 14:48:09",124,General,Posted,,,sirajm@alhabib.om
TAG2302099,2017-11-14,"2023-11-15 12:15:26",500948,CPY2317275,2023-11-01,"2023-11-15 14:45:45",1200,Rent,Posted,2017-08-15,2017-11-14,sirajm@alhabib.om
TAG2301006,2023-08-31,"2023-09-27 14:51:34",500947,CPY2317274,2023-11-15,"2023-11-15 12:40:19",151.8,General,Posted,,,dbabu@alhabib.om
TAG2300350,2020-05-31,"2023-03-08 17:06:37",500944,CPY2317273,2023-11-15,"2023-11-15 11:18:00",1635,Rent,Posted,2020-01-23,2020-05-31,dbabu@alhabib.om
TAG2300159,2023-07-31,"2023-08-15 15:19:44",500937,CPY2317269,2023-11-01,"2023-11-15 08:16:23",30,Rent,Posted,2023-03-15,2023-03-15,sirajm@alhabib.om
TAG2301083,2023-10-31,"2023-10-31 20:33:51",500524,CAR2302163,2023-11-08,"2023-11-08 16:53:27",45.5,General,Posted,,,dbabu@alhabib.om
TAG2301083,2023-10-31,"2023-10-31 20:33:51",500523,CAR2302162,2023-11-08,"2023-11-08 16:51:15",43.2,General,Posted,,,dbabu@alhabib.om
TAG2301732,2023-10-31,"2023-10-31 20:34:35",500496,CAR2302152,2023-11-08,"2023-11-08 10:39:02",150,General,Posted,,,dbabu@alhabib.om
TAG2301732,2023-10-31,"2023-10-31 20:34:35",500495,CAR2302151,2023-11-08,"2023-11-08 10:38:05",40,General,Posted,,,dbabu@alhabib.om
TAG2301419,2023-08-15,"2023-09-14 07:44:09",500492,CPY2316885,2023-11-08,"2023-11-08 10:16:50",150,General,Posted,,,sirajm@alhabib.om
TAG2300557,2023-09-30,"2023-10-11 13:17:47",500429,CPY2316826,2023-11-06,"2023-11-07 09:10:29",84,General,Posted,,,sirajm@alhabib.om
TAG2201586,2023-07-31,"2023-08-30 11:50:00",500133,CAR2302140,2023-11-06,"2023-11-06 14:38:24",7.9,General,Posted,,,dbabu@alhabib.om
TAG2201586,2023-07-31,"2023-08-30 11:50:00",500132,CAR2302139,2023-11-06,"2023-11-06 14:37:28",60,General,Posted,,,dbabu@alhabib.om
TAG2201837,2015-04-30,"2023-02-28 11:30:31",499987,CPY2316396,2023-11-01,"2023-11-06 08:32:19",100,Rent,Posted,2015-04-22,2015-04-29,salamr@alhabib.om
TAG2300919,2023-08-31,"2023-09-27 14:51:47",499854,CAR2302128,2023-11-05,"2023-11-05 15:23:40",61.5,General,Posted,,,dbabu@alhabib.om
TAG2201810,2023-09-30,"2023-10-11 13:13:51",499730,CAR2302093,2023-10-31,"2023-10-31 16:27:34",50.7,General,Posted,,,dbabu@alhabib.om
TAG2202293,2020-08-31,"2023-02-28 11:55:31",499674,CPY2316127,2023-10-26,"2023-10-31 14:19:57",450,Rent,Posted,2020-06-23,2020-07-09,sirajm@alhabib.om
TAG2301419,2023-08-15,"2023-09-14 07:44:09",499673,CPY2316126,2023-10-30,"2023-10-31 14:15:23",110,General,Posted,,,sirajm@alhabib.om
TAG2301419,2023-08-15,"2023-09-14 07:44:09",499672,CPY2316125,2023-10-30,"2023-10-31 14:12:55",190,Rent,Posted,2023-07-16,2023-08-15,sirajm@alhabib.om
TAG2301934,2023-10-31,"2023-10-23 16:11:49",499649,CAR2302080,2023-10-31,"2023-10-31 09:07:39",80,Rent,Posted,2023-10-01,2023-10-31,dbabu@alhabib.om
TAG2300940,2023-10-05,"2023-10-19 15:20:12",499593,CPY2316064,2023-10-29,"2023-10-30 08:36:22",300,Rent,Posted,2023-07-05,2023-08-04,dbabu@alhabib.om
TAG1702685,2017-12-31,"2008-03-31 00:00:00",499576,CAR2302065,2023-10-29,"2023-10-29 10:05:59",400,Rent,Posted,2017-09-28,2017-11-10,dbabu@alhabib.om
TAG2301155,2023-07-16,"2023-09-20 11:06:13",499572,CAR2302064,2023-10-26,"2023-10-26 12:07:05",150,Rent,Posted,2023-07-16,2023-08-15,dbabu@alhabib.om
TAG2202306,2021-03-09,"2023-02-28 11:41:02",499548,CPY2316035,2023-10-25,"2023-10-25 14:46:53",250,Rent,Posted,2019-09-30,2019-10-10,dbabu@alhabib.om
TAG2300819,2023-10-31,"2023-10-11 13:13:36",499547,CAR2302055,2023-10-25,"2023-10-25 14:43:26",200,Rent,Posted,2023-10-01,2023-10-31,dbabu@alhabib.om
TAG2300274,2023-08-31,"2023-09-30 13:03:31",499523,CAR2302048,2023-10-25,"2023-10-25 11:39:57",125,Rent,Posted,2023-08-01,2023-08-31,dbabu@alhabib.om
TAG2301355,2023-09-30,"2023-10-11 13:18:31",499493,CPY2315995,2023-10-24,"2023-10-24 15:18:26",80,General,Posted,,,dbabu@alhabib.om
TAG2301355,2023-09-30,"2023-10-11 13:18:31",499492,CPY2315994,2023-10-24,"2023-10-24 15:17:14",296,General,Posted,,,dbabu@alhabib.om
TAG2202132,2023-05-15,"2023-05-31 08:59:58",499485,CAR2302037,2023-10-24,"2023-10-24 11:48:03",280,General,Posted,,,dbabu@alhabib.om
TAG2201709,2023-09-30,"2023-10-11 13:17:57",499416,CPY2315925,2023-10-23,"2023-10-23 16:27:10",43.2,General,Posted,,,dbabu@alhabib.om
TAG2200405,2022-02-28,"2022-03-16 07:46:29",499361,CPY2315871,2023-10-22,"2023-10-23 14:41:34",500,Rent,Posted,2021-03-01,2021-03-31,salamr@alhabib.om
TAG2301238,2023-10-09,"2023-10-11 13:14:10",499258,CPY2315771,2023-10-05,"2023-10-22 14:33:03",99,General,Posted,,,sirajm@alhabib.om
TAG2301238,2023-10-09,"2023-10-11 13:14:10",499236,CPY2315749,2023-10-05,"2023-10-22 14:28:58",1100,Rent,Posted,2023-06-10,2023-10-09,sirajm@alhabib.om
TAG2202131,2023-09-30,"2023-09-14 08:14:07",499148,CAR2302029,2023-10-22,"2023-10-22 11:49:09",50,General,Posted,,,dbabu@alhabib.om
TAG2301649,2023-10-15,"2023-10-19 14:59:04",499131,CAR2302023,2023-10-21,"2023-10-21 11:12:48",80,Deposit,Posted,,,dbabu@alhabib.om
TAG2301006,2023-08-31,"2023-09-27 14:51:34",499089,CPY2315616,2023-10-15,"2023-10-17 15:08:12",150,General,Posted,,,dbabu@alhabib.om
TAG2301006,2023-08-31,"2023-09-27 14:51:34",499088,CPY2315615,2023-10-01,"2023-10-17 15:06:47",208,General,Posted,,,dbabu@alhabib.om
TAG2301006,2023-08-31,"2023-09-27 14:51:34",499087,CAR2302015,2023-10-17,"2023-10-17 15:04:31",200,Rent,Posted,2023-08-01,2023-08-31,dbabu@alhabib.om
TAG1902838,2020-08-31,"2020-09-19 17:32:24",499086,CPY2315614,2023-10-17,"2023-10-17 14:06:49",315,Rent,Posted,2020-08-21,2020-08-31,sirajm@alhabib.om
TAG2201382,2023-09-30,"2023-10-11 13:18:08",499074,CAR2302014,2023-10-17,"2023-10-17 11:55:42",120.7,General,Posted,,,dbabu@alhabib.om
TAG2301414,2023-09-30,"2023-10-11 13:16:35",499058,CPY2315588,2023-10-17,"2023-10-17 10:25:09",6,General,Posted,,,dbabu@alhabib.om
TAG2301414,2023-09-30,"2023-10-11 13:16:35",499057,CPY2315587,2023-10-17,"2023-10-17 10:23:44",70,General,Posted,,,dbabu@alhabib.om
TAG1901408,2019-10-31,"2008-03-31 00:00:00",499050,CPY2315582,2023-10-15,"2023-10-17 09:15:53",200,Rent,Posted,2019-10-01,2019-10-05,salamr@alhabib.om
TAG2300252,2023-08-31,"2023-10-11 13:15:09",498911,CAR2302007,2023-10-16,"2023-10-16 14:59:23",8.9,General,Posted,,,dbabu@alhabib.om
TAG2301270,2023-09-30,"2023-10-11 13:17:27",498903,CPY2315442,2023-10-02,"2023-10-16 11:37:04",200,Rent,Posted,2023-10-01,2023-10-31,dbabu@alhabib.om
TAG2301729,2023-09-30,"2023-10-11 13:16:22",498881,CAR2301992,2023-10-15,"2023-10-15 14:15:12",200,Rent,Posted,2023-09-01,2023-09-30,dbabu@alhabib.om
TAG2300735,2023-08-31,"2023-09-19 15:51:25",498872,CPY2315426,2023-10-01,"2023-10-15 11:11:28",18.35,General,Posted,,,dbabu@alhabib.om
TAG2300735,2023-08-31,"2023-09-19 15:51:25",498871,CPY2315425,2023-10-01,"2023-10-15 11:09:58",70,General,Posted,,,dbabu@alhabib.om
TAG2202293,2020-08-31,"2023-02-28 11:55:31",498866,CPY2315423,2023-10-01,"2023-10-15 10:20:53",450,Rent,Posted,2020-06-06,2020-06-22,sirajm@alhabib.om
TAG2300513,2023-09-30,"2023-10-03 07:07:29",498859,CPY2315420,2023-10-15,"2023-10-15 08:38:30",224.85,General,Posted,,,dbabu@alhabib.om
TAG2101741,2021-12-15,"2022-04-04 12:04:53",498855,CAR2301978,2023-10-12,"2023-10-13 09:49:40",900,Rent,Posted,2021-10-22,2021-12-15,sirajm@alhabib.om
TAG2201377,2023-09-30,"2023-10-08 11:36:26",498591,CAR2301959,2023-10-10,"2023-10-10 16:46:11",120.4,General,Posted,,,sirajm@alhabib.om
TAG2201837,2015-04-30,"2023-02-28 11:30:31",498012,CPY2314635,2023-10-01,"2023-10-03 17:12:07",100,Rent,Posted,2015-04-14,2015-04-21,salamr@alhabib.om
TAG2101770,2021-11-30,"2021-12-29 14:58:44",497841,CAR2301914,2023-10-02,"2023-10-02 17:15:12",788,General,Posted,,,sirajm@alhabib.om
TAG2101770,2021-11-30,"2021-12-29 14:58:44",497840,CAR2301913,2023-10-02,"2023-10-02 17:09:40",1029,Rent,Posted,2021-06-25,2021-12-07,sirajm@alhabib.om
TAG2300919,2023-08-31,"2023-09-27 14:51:47",497783,CAR2301910,2023-10-02,"2023-10-02 12:30:20",230,Rent,Posted,2023-08-01,2023-08-31,sirajm@alhabib.om
TAG1902838,2020-08-31,"2020-09-19 17:32:24",497765,CPY2314403,2023-10-02,"2023-10-02 09:06:13",450,Rent,Posted,2020-08-04,2020-08-20,sirajm@alhabib.om
TAG2202426,2023-08-31,"2023-09-14 07:39:30",497729,CAR2301901,2023-10-01,"2023-10-01 12:34:07",284.6,General,Posted,,,sirajm@alhabib.om
TAG2202306,2021-03-09,"2023-02-28 11:41:02",497693,CPY2314350,2023-09-27,"2023-09-27 15:04:48",250,Rent,Posted,2019-09-17,2019-09-29,sirajm@alhabib.om
TAG2200174,2022-01-27,"2022-02-03 16:25:48",497688,CPY2314346,2023-09-25,"2023-09-27 14:49:02",156,Rent,Posted,2021-12-13,2021-12-23,salamr@alhabib.om
TAG2202258,2023-06-15,"2023-08-16 10:00:39",497632,CAR2301876,2023-09-27,"2023-09-27 09:48:09",170,Rent,Posted,2023-05-16,2023-06-15,sirajm@alhabib.om
TAG2202258,2023-06-15,"2023-08-16 10:00:39",497631,CPY2314298,2023-09-25,"2023-09-27 09:27:26",100,General,Posted,,,sirajm@alhabib.om
TAG2301686,2023-09-30,"2023-09-14 07:34:18",497586,CPY2314267,2023-09-25,"2023-09-26 09:44:49",50,General,Posted,,,sirajm@alhabib.om
TAG2301686,2023-09-30,"2023-09-14 07:34:18",497584,CPY2314265,2023-09-25,"2023-09-26 09:42:57",340,Rent,Posted,2023-09-01,2023-09-30,sirajm@alhabib.om
TAG2201769,2023-09-30,"2023-09-17 14:35:34",497410,CPY2314116,2023-09-20,"2023-09-20 14:27:59",71.1,General,Posted,,,dbabu@alhabib.om
TAG2201769,2023-09-30,"2023-09-17 14:35:34",497409,CAR2301836,2023-09-20,"2023-09-20 14:24:52",165,General,Posted,,,dbabu@alhabib.om
TAG1901408,2019-10-31,"2008-03-31 00:00:00",497363,CPY2314080,2023-09-17,"2023-09-19 14:16:11",200,Rent,Posted,2019-09-26,2019-09-30,salamr@alhabib.om
TAG2200592,2023-04-15,"2023-05-03 15:53:27",497076,CAR2301808,2023-09-17,"2023-09-17 12:06:16",378.7,General,Posted,,,dbabu@alhabib.om
TAG2301412,2023-08-31,"2023-09-11 13:18:05",497052,CPY2313799,2023-09-13,"2023-09-14 14:17:42",214.4,General,Posted,,,salamr@alhabib.om
TAG2300748,2023-05-31,"2023-06-22 15:25:31",497002,CPY2313749,2023-09-07,"2023-09-14 10:56:14",68,General,Posted,,,sirajm@alhabib.om
TAG2300338,2022-08-31,"2023-03-08 10:20:05",496991,CAR2301795,2023-09-14,"2023-09-14 10:20:22",100,Rent,Posted,2022-08-16,2022-08-31,sirajm@alhabib.om
TAG2301625,2020-09-15,"2023-09-04 11:32:48",496973,CPY2313723,2023-09-04,"2023-09-14 09:16:47",1100,Rent,Posted,2020-06-14,2020-06-27,sirajm@alhabib.om
TAG2300783,2023-06-30,"2023-07-09 17:13:40",496907,CAR2301773,2023-09-11,"2023-09-11 16:55:14",200,Rent,Posted,2023-06-01,2023-06-30,sirajm@alhabib.om
TAG2300989,2023-07-31,"2023-08-16 10:00:55",496335,CPY2313122,2023-08-31,"2023-09-09 12:39:58",320,Rent,Posted,2023-07-01,2023-07-31,sirajm@alhabib.om
TAG2300159,2023-07-31,"2023-08-15 15:19:44",496306,CAR2301748,2023-09-07,"2023-09-07 12:29:39",211,Rent,Posted,2023-03-06,2023-03-14,dbabu@alhabib.om
TAG2300159,2023-07-31,"2023-08-15 15:19:44",496305,CAR2301747,2023-09-07,"2023-09-07 12:28:11",614,General,Posted,,,dbabu@alhabib.om
TAG2201300,2023-03-31,"2023-05-03 15:54:12",496225,CAR2301730,2023-09-06,"2023-09-06 11:10:06",200,Rent,Posted,2023-02-01,2023-02-28,dbabu@alhabib.om
TAG2202107,2023-07-31,"2023-09-06 10:37:50",496224,CAR2301729,2023-09-06,"2023-09-06 10:39:59",225,General,Posted,,,dbabu@alhabib.om
TAG2201837,2015-04-30,"2023-02-28 11:30:31",496137,CPY2312952,2023-09-03,"2023-09-06 08:20:10",100,Rent,Posted,2015-04-06,2015-04-13,salamr@alhabib.om
TAG2301625,2020-09-15,"2023-09-04 11:32:48",495938,CPY2312774,2023-07-31,"2023-09-04 11:37:50",1100,Rent,Posted,2020-06-01,2020-06-13,dbabu@alhabib.om
TAG2202307,2020-09-30,"2023-02-28 11:30:10",495886,CAR2301691,2023-09-03,"2023-09-03 12:10:13",200,Rent,Posted,2020-09-06,2020-09-30,dbabu@alhabib.om
TAG2300159,2023-07-31,"2023-08-15 15:19:44",495880,CPY2312736,2023-08-01,"2023-09-03 11:35:38",50,Rent,Posted,2023-03-03,2023-03-05,sirajm@alhabib.om
TAG2300260,2023-03-31,"2023-07-09 16:46:55",495801,CPY2312679,2023-08-30,"2023-08-30 16:17:52",200,General,Posted,,,dbabu@alhabib.om
TAG2300031,2023-07-31,"2023-07-26 17:38:20",495788,CAR2301662,2023-08-30,"2023-08-30 14:59:20",100,Rent,Posted,2023-07-01,2023-07-31,dbabu@alhabib.om
TAG2202293,2020-08-31,"2023-02-28 11:55:31",495778,CPY2312660,2023-08-28,"2023-08-30 10:47:26",450,Rent,Posted,2020-05-20,2020-06-05,sirajm@alhabib.om
TAG2300015,2023-08-20,"2023-08-24 10:42:59",495769,CPY2312652,2023-08-16,"2023-08-30 10:36:11",444,General,Posted,,,sirajm@alhabib.om
TAG2300015,2023-08-20,"2023-08-24 10:42:59",495768,CPY2312651,2023-08-16,"2023-08-30 10:30:59",917,Rent,Posted,2023-07-01,2023-08-20,sirajm@alhabib.om
TAG2200174,2022-01-27,"2022-02-03 16:25:48",495682,CPY2312578,2023-08-27,"2023-08-28 14:25:24",424,Rent,Posted,2021-11-14,2021-12-12,salamr@alhabib.om
TAG2202306,2021-03-09,"2023-02-28 11:41:02",495654,CPY2312555,2023-08-28,"2023-08-28 09:11:09",250,Rent,Posted,2019-09-06,2019-09-16,dbabu@alhabib.om
TAG2300989,2023-07-31,"2023-08-16 10:00:55",495611,CPY2312524,2023-08-23,"2023-08-24 14:28:23",20,General,Posted,,,dbabu@alhabib.om
TAG2201018,2023-02-28,"2023-03-22 16:53:52",495580,CAR2301629,2023-08-24,"2023-08-24 12:43:19",90,General,Posted,,,dbabu@alhabib.om
TAG2201018,2023-02-28,"2023-03-22 16:53:52",495579,CAR2301628,2023-08-24,"2023-08-24 12:39:52",60,General,Posted,,,dbabu@alhabib.om
TAG2301383,2023-08-15,"2023-08-24 10:19:16",495571,CAR2301624,2023-08-24,"2023-08-24 10:53:03",120,Rent,Posted,2023-07-16,2023-08-15,dbabu@alhabib.om
TAG2201657,2023-06-30,"2023-07-09 15:48:41",495570,CAR2301623,2023-08-24,"2023-08-24 10:16:53",25,General,Posted,,,dbabu@alhabib.om
TAG2201657,2023-06-30,"2023-07-09 15:48:41",495569,CAR2301622,2023-08-24,"2023-08-24 10:13:41",125,Rent,Posted,2023-06-01,2023-06-30,dbabu@alhabib.om
TAG2200405,2022-02-28,"2022-03-16 07:46:29",495457,CPY2312385,2023-08-20,"2023-08-22 13:29:25",500,Rent,Posted,2021-02-01,2021-02-28,salamr@alhabib.om
TAG2301335,2023-09-30,"2023-08-22 09:25:10",495443,CPY2312371,2023-07-26,"2023-08-22 11:14:45",170,General,Posted,,,dbabu@alhabib.om
TAG2301335,2023-09-30,"2023-08-22 09:25:10",495442,CPY2312370,2023-07-26,"2023-08-22 11:11:57",340,Rent,Posted,2023-08-01,2023-09-30,dbabu@alhabib.om
TAG2000674,2021-01-31,"2021-01-21 09:52:07",495180,CPY2312122,2023-08-15,"2023-08-17 10:29:05",450,Rent,Posted,2021-02-01,2021-02-28,salamr@alhabib.om
TAG1901408,2019-10-31,"2008-03-31 00:00:00",495161,CPY2312104,2023-08-15,"2023-08-17 08:57:15",200,Rent,Posted,2019-09-21,2019-09-25,salamr@alhabib.om
TAG2202217,2023-06-30,"2023-07-10 11:45:15",495033,CAR2301579,2023-08-14,"2023-08-14 16:00:44",67.4,General,Posted,,,dbabu@alhabib.om
TAG1702685,2017-12-31,"2008-03-31 00:00:00",494782,CAR2301554,2023-08-13,"2023-08-13 10:16:12",400,Rent,Posted,2017-08-14,2017-09-27,dbabu@alhabib.om
TAG2202307,2020-09-30,"2023-02-28 11:30:10",494619,CAR2301520,2023-08-08,"2023-08-08 11:39:30",200,Rent,Posted,2020-08-12,2020-09-05,dbabu@alhabib.om
TAG2200584,2023-03-31,"2023-04-16 12:40:45",494283,CPY2311333,2023-08-02,"2023-08-03 14:47:24",400,Rent,Posted,2023-02-01,2023-03-31,salamr@alhabib.om
TAG2301113,2023-07-10,"2023-08-03 04:50:16",494249,CPY2311303,2023-08-02,"2023-08-03 08:48:06",577.2,General,Posted,,,dbabu@alhabib.om
TAG2201837,2015-04-30,"2023-02-28 11:30:31",494121,CPY2311189,2023-08-01,"2023-08-02 10:10:29",100,Rent,Posted,2015-03-29,2015-04-05,salamr@alhabib.om
TAG2300338,2022-08-31,"2023-03-08 10:20:05",493998,CAR2301474,2023-08-02,"2023-08-02 09:41:48",200,Rent,Posted,2022-07-16,2022-08-15,dbabu@alhabib.om
TAG2202293,2020-08-31,"2023-02-28 11:55:31",493954,CPY2311036,2023-07-25,"2023-08-01 11:17:35",450,Rent,Posted,2020-05-03,2020-05-19,sirajm@alhabib.om
TAG2202067,2023-05-31,"2023-06-08 18:31:28",493796,CPY2310915,2023-07-25,"2023-07-26 10:18:22",100,Rent,Posted,2023-03-07,2023-03-22,salamr@alhabib.om
TAG2200174,2022-01-27,"2022-02-03 16:25:48",493765,CPY2310886,2023-07-25,"2023-07-25 16:34:15",424,Rent,Posted,2021-10-16,2021-11-13,salamr@alhabib.om
TAG2200405,2022-02-28,"2022-03-16 07:46:29",493700,CPY2310822,2023-07-23,"2023-07-25 14:26:00",500,Rent,Posted,2021-01-01,2021-01-31,salamr@alhabib.om
TAG2201300,2023-03-31,"2023-05-03 15:54:12",493614,CAR2301411,2023-07-24,"2023-07-24 11:10:14",200,Rent,Posted,2023-01-01,2023-01-31,dbabu@alhabib.om
TAG2201204,2023-06-30,"2023-07-11 19:37:37",493594,CAR2301400,2023-07-19,"2023-07-19 16:12:44",180,Rent,Posted,2023-06-01,2023-06-30,dbabu@alhabib.om
TAG1901408,2019-10-31,"2008-03-31 00:00:00",493552,CPY2310700,2023-07-16,"2023-07-19 09:38:28",200,Rent,Posted,2019-09-16,2019-09-20,salamr@alhabib.om
TAG1702685,2017-12-31,"2008-03-31 00:00:00",493244,CAR2301376,2023-07-17,"2023-07-17 11:29:53",400,Rent,Posted,2017-07-01,2017-08-13,dbabu@alhabib.om
TAG2100869,2021-06-16,"2022-09-19 21:47:35",493124,CPY2310308,2023-07-13,"2023-07-13 14:43:57",100,Rent,Posted,2021-09-01,2021-10-08,salamr@alhabib.om
TAG2300609,2023-03-31,"2023-04-30 10:37:13",492913,CPY2310101,2023-07-05,"2023-07-13 10:20:44",13,General,Posted,,,dbabu@alhabib.om
TAG2300609,2023-03-31,"2023-04-30 10:37:13",492911,CAR2301354,2023-07-13,"2023-07-13 10:18:03",100,General,Posted,,,dbabu@alhabib.om
TAG2202165,2023-05-31,"2023-07-05 18:58:47",492851,CAR2301351,2023-07-12,"2023-07-12 16:32:08",110.4,General,Posted,,,dbabu@alhabib.om
TAG2100251,2021-04-10,"2021-05-12 12:32:41",492820,CPY2310016,2023-07-05,"2023-07-12 11:32:28",600,Rent,Posted,2021-02-11,2021-04-10,hatem.alamri@alhabib.om
TAG2201251,2023-06-30,"2023-07-09 16:46:43",492800,CAR2301345,2023-07-12,"2023-07-12 10:42:56",163.6,General,Posted,,,dbabu@alhabib.om
TAG2201094,2023-07-15,"2023-07-10 11:45:39",492780,CAR2301341,2023-07-11,"2023-07-11 15:17:51",117.2,General,Posted,,,dbabu@alhabib.om
TAG2202307,2020-09-30,"2023-02-28 11:30:10",492779,CAR2301340,2023-07-11,"2023-07-11 15:12:59",200,Rent,Posted,2020-07-19,2020-08-11,dbabu@alhabib.om
TAG2100624,2021-03-05,"2022-09-19 21:04:38",492509,CPY2309716,2023-07-09,"2023-07-11 08:58:18",190,General,Posted,,,dbabu@alhabib.om
TAG2201837,2015-04-30,"2023-02-28 11:30:31",492401,CPY2309609,2023-07-02,"2023-07-10 12:32:07",100,Rent,Posted,2015-03-21,2015-03-28,salamr@alhabib.om
TAG2200615,2023-03-15,"2023-04-26 11:47:45",492245,CPY2309456,2023-07-10,"2023-07-10 10:47:01",100,Rent,Posted,2023-03-04,2023-03-15,salamr@alhabib.om
TAG2202277,2023-06-15,"2023-06-21 15:02:25",492222,CPY2309441,2023-07-09,"2023-07-09 16:39:57",36,General,Posted,,,dbabu@alhabib.om
TAG2202277,2023-06-15,"2023-06-21 15:02:25",492221,CAR2301323,2023-07-09,"2023-07-09 16:34:08",100,Rent,Posted,2023-05-16,2023-06-15,dbabu@alhabib.om
TAG2300798,2023-05-31,"2023-07-02 16:37:27",492220,CPY2309440,2023-07-09,"2023-07-09 16:25:00",203.5,General,Posted,,,dbabu@alhabib.om
TAG2201412,2023-05-31,"2023-07-01 18:00:43",492157,CAR2301300,2023-07-09,"2023-07-09 08:25:18",102.4,General,Posted,,,dbabu@alhabib.om
TAG2300084,2023-06-30,"2023-07-05 18:59:12",492148,CAR2301299,2023-07-06,"2023-07-06 17:15:39",51.9,General,Posted,,,dbabu@alhabib.om
TAG2003756,2021-09-30,"2021-10-30 12:15:35",491996,CPY2309266,2023-06-30,"2023-07-04 11:09:48",4430,Rent,Posted,2021-03-01,2021-09-18,dbabu@alhabib.om
TAG2301145,2016-10-15,"2023-07-04 10:11:19",491995,CPY2309265,2023-06-19,"2023-07-04 10:48:29",7177.5,Rent,Posted,2013-03-01,2016-10-15,dbabu@alhabib.om
TAG2301145,2016-10-15,"2023-07-04 10:11:19",491994,CPY2309264,2023-06-19,"2023-07-04 10:43:34",130,General,Posted,,,dbabu@alhabib.om
TAG2201403,2023-03-31,"2023-04-30 10:01:24",491989,CAR2301271,2023-07-04,"2023-07-04 09:31:35",100,General,Posted,,,dbabu@alhabib.om
TAG1902838,2020-08-31,"2020-09-19 17:32:24",491983,CPY2309256,2023-07-03,"2023-07-03 18:39:52",450,Rent,Posted,2020-07-17,2020-08-03,hatem.alamri@alhabib.om
TAG2201622,2022-12-31,"2023-01-29 09:44:19",491929,CAR2301265,2023-07-03,"2023-07-03 14:25:32",50,General,Posted,,,dbabu@alhabib.om
TAG2300485,2023-06-30,"2023-07-02 16:37:42",491925,CPY2309204,2023-06-06,"2023-07-03 14:13:24",50,General,Posted,,,sirajm@alhabib.om
TAG2300485,2023-06-30,"2023-07-02 16:37:42",491922,CPY2309203,2023-06-08,"2023-07-03 14:08:45",2200,Rent,Posted,2023-03-01,2023-06-30,sirajm@alhabib.om
TAG2202293,2020-08-31,"2023-02-28 11:55:31",491916,CPY2309198,2023-06-26,"2023-07-03 12:31:08",450,Rent,Posted,2020-04-16,2020-05-02,sirajm@alhabib.om
TAG2101444,2019-02-10,"2019-02-10 00:00:00",491904,CPY2309188,2023-06-25,"2023-07-03 11:29:46",204,Rent,Posted,2019-07-21,2019-07-31,sirajm@alhabib.om
TAG2300931,2023-05-31,"2023-06-07 08:13:34",491840,CPY2309147,2023-06-11,"2023-06-26 15:03:14",200,Deposit,Posted,,,dbabu@alhabib.om
TAG2300609,2023-03-31,"2023-04-30 10:37:13",491839,CPY2309146,2023-06-11,"2023-06-26 15:02:27",100,Deposit,Posted,,,dbabu@alhabib.om
TAG2300268,2023-05-31,"2023-06-22 15:50:48",491831,CAR2301235,2023-06-26,"2023-06-26 14:40:39",81.2,General,Posted,,,dbabu@alhabib.om
TAG2200405,2022-02-28,"2022-03-16 07:46:29",491683,CPY2309008,2023-06-25,"2023-06-25 15:52:51",500,Rent,Posted,2020-12-01,2020-12-31,renjith@alhabib.om
TAG1901408,2019-10-31,"2008-03-31 00:00:00",491660,CPY2308987,2023-06-15,"2023-06-25 13:13:18",200,Rent,Posted,2019-09-11,2019-09-15,renjith@alhabib.om
TAG2200941,2023-06-30,"2023-06-13 08:11:54",491627,CPY2308954,2023-06-15,"2023-06-25 13:05:46",300,Rent,Posted,2023-06-01,2023-06-30,renjith@alhabib.om
TAG2202067,2023-05-31,"2023-06-08 18:31:28",491393,CAR2301201,2023-06-21,"2023-06-21 15:28:38",180,General,Posted,,,dbabu@alhabib.om
TAG2202356,2023-04-30,"2023-04-18 11:06:37",491274,CPY2308636,2023-05-31,"2023-06-18 17:39:42",630,Rent,Posted,2023-03-16,2023-04-30,sirajm@alhabib.om
TAG2200702,2023-04-30,"2023-05-03 15:53:57",491273,CPY2308635,2023-05-31,"2023-06-18 17:07:27",277,General,Posted,,,sirajm@alhabib.om
TAG1902838,2020-08-31,"2020-09-19 17:32:24",491177,CPY2308557,2023-06-14,"2023-06-14 10:17:02",450,Rent,Posted,2020-07-02,2020-07-16,dbabu@alhabib.om
TAG1902838,2020-08-31,"2020-09-19 17:32:24",491176,CPY2308556,2023-05-31,"2023-06-14 10:15:09",450,Rent,Posted,2020-06-16,2020-07-01,dbabu@alhabib.om
TAG2201923,2023-01-10,"2023-02-08 14:32:36",491049,CPY2308432,2023-06-11,"2023-06-13 17:48:53",280,Rent,Posted,2022-12-11,2023-01-10,renjith@alhabib.om
TAG2202415,2023-03-31,"2023-04-18 20:11:18",490955,CPY2308338,2023-06-11,"2023-06-13 17:27:09",120,Rent,Posted,2023-05-01,2023-05-31,renjith@alhabib.om
TAG2300148,2023-02-15,"2023-03-20 13:17:58",490517,CPY2307960,2023-06-04,"2023-06-07 10:38:39",120,General,Posted,,,hatem.alamri@alhabib.om
TAG2202307,2020-09-30,"2023-02-28 11:30:10",490491,CAR2301086,2023-06-06,"2023-06-06 11:46:32",150,Rent,Posted,2020-07-01,2020-07-18,dbabu@alhabib.om
TAG2300338,2022-08-31,"2023-03-08 10:20:05",490483,CAR2301084,2023-06-06,"2023-06-06 09:51:00",100,Rent,Posted,2022-07-01,2022-07-15,dbabu@alhabib.om
TAG2201616,2023-01-31,"2023-04-01 19:02:17",490472,CPY2307934,2023-06-05,"2023-06-05 15:54:30",148,General,Posted,,,dbabu@alhabib.om
TAG2300056,2023-04-30,"2023-05-03 15:52:46",490409,CPY2307879,2023-05-31,"2023-06-05 08:14:00",600,Rent,Posted,2023-02-01,2023-04-30,sirajm@alhabib.om
TAG2201837,2015-04-30,"2023-02-28 11:30:31",490340,CPY2307810,2023-06-01,"2023-06-04 18:21:18",100,Rent,Posted,2015-03-13,2015-03-20,renjith@alhabib.om
TAG2101434,2022-08-31,"2022-08-16 10:01:17",490164,CPY2307644,2023-01-01,"2023-06-03 17:55:15",3600,Rent,Pending,2021-09-01,0222-08-31,sirajm@alhabib.om
TAG2101444,2019-02-10,"2019-02-10 00:00:00",490162,CPY2307642,2023-05-23,"2023-06-03 17:37:31",204,Rent,Posted,2019-07-01,2019-07-20,sirajm@alhabib.om
TAG2202293,2020-08-31,"2023-02-28 11:55:31",490161,CPY2307641,2023-05-23,"2023-06-03 17:36:33",450,Rent,Posted,2020-03-30,2020-04-15,sirajm@alhabib.om
TAG2202306,2021-03-09,"2023-02-28 11:41:02",490160,CPY2307640,2023-05-23,"2023-06-03 17:35:34",250,Rent,Posted,2019-08-24,2019-09-05,sirajm@alhabib.om
TAG2101444,2019-02-10,"2019-02-10 00:00:00",490155,CPY2307635,2023-05-23,"2023-06-03 17:31:38",203,Rent,Posted,2019-06-11,2019-06-30,sirajm@alhabib.om
TAG2202293,2020-08-31,"2023-02-28 11:55:31",490154,CPY2307634,2023-05-25,"2023-06-03 17:30:08",450,Rent,Posted,2020-03-13,2020-03-29,sirajm@alhabib.om
TAG2300807,2023-04-30,"2023-05-14 07:29:36",490134,CPY2307614,2023-05-22,"2023-06-03 14:05:41",157.5,Rent,Posted,2023-04-16,2023-04-30,renjith@alhabib.om
TAG2200148,2022-05-31,"2022-06-14 07:03:46",490117,CPY2307600,2023-06-01,"2023-06-01 15:36:12",150,Rent,Posted,2022-04-16,2022-05-22,dbabu@alhabib.om
TAG2200615,2023-03-15,"2023-04-26 11:47:45",490115,CPY2307598,2023-05-31,"2023-06-01 15:30:47",230,Rent,Posted,2023-02-20,2023-03-03,salamr@alhabib.om
TAG2101988,2022-08-31,"2022-10-17 16:29:02",490047,CPY2307545,2023-05-31,"2023-05-31 16:38:59",100,General,Posted,,,dbabu@alhabib.om
TAG2101988,2022-08-31,"2022-10-17 16:29:02",490031,CPY2307529,2023-04-30,"2023-05-31 16:33:21",90,General,Posted,,,dbabu@alhabib.om
TAG2101988,2022-08-31,"2022-10-17 16:29:02",490027,CAR2301044,2023-05-31,"2023-05-31 16:30:16",130,Rent,Posted,2022-08-01,2022-08-31,dbabu@alhabib.om
TAG2201535,2023-02-28,"2023-04-01 19:12:06",489976,CPY2307496,2023-04-02,"2023-05-30 11:00:33",240,General,Posted,,,hatem.alamri@alhabib.om
TAG2300224,2023-02-28,"2023-02-26 15:59:55",489957,CPY2307477,2023-04-10,"2023-05-30 10:25:26",24,General,Posted,,,hatem.alamri@alhabib.om
TAG2202306,2021-03-09,"2023-02-28 11:41:02",489949,CPY2307471,2023-05-29,"2023-05-30 08:44:21",250,Rent,Posted,2019-08-12,2019-08-23,dbabu@alhabib.om
TAG1901408,2019-10-31,"2008-03-31 00:00:00",489934,CPY2307458,2023-05-21,"2023-05-29 14:48:05",200,Rent,Posted,2019-09-06,2019-09-10,renjith@alhabib.om
TAG2100869,2021-06-16,"2022-09-19 21:47:35",489868,CPY2307404,2023-05-28,"2023-05-28 15:19:44",200,Rent,Posted,2021-06-16,2021-08-31,salamr@alhabib.om
TAG2200317,2023-02-28,"2023-03-16 11:20:21",489590,CPY2307155,2023-05-01,"2023-05-22 16:10:50",50,General,Posted,,,dbabu@alhabib.om
TAG2200317,2023-02-28,"2023-03-16 11:20:21",489589,CAR2300977,2023-05-22,"2023-05-22 16:06:14",300,General,Posted,,,dbabu@alhabib.om
TAG2202156,2023-03-31,"2023-05-03 15:53:02",489276,CPY2306851,2023-05-10,"2023-05-17 10:08:36",120,General,Posted,,,hatem.alamri@alhabib.om
TAG2200592,2023-04-15,"2023-05-03 15:53:27",489225,CAR2300967,2023-05-31,"2023-05-17 09:44:24",435,Rent,Posted,2023-03-16,2023-04-15,sirajm@alhabib.om
TAG2200615,2023-03-15,"2023-04-26 11:47:45",489144,CPY2306729,2023-05-14,"2023-05-15 15:10:09",113,Rent,Posted,2023-02-05,2023-02-19,salamr@alhabib.om
TAG2201058,2021-10-01,"2022-07-12 12:58:52",489114,CPY2306713,2023-05-14,"2023-05-14 16:18:02",667.4,General,Posted,,,majid@alhabib.om
TAG2300338,2022-08-31,"2023-03-08 10:20:05",489053,CAR2300925,2023-05-10,"2023-05-10 12:02:48",100,Rent,Posted,2022-06-16,2022-06-30,sirajm@alhabib.om
TAG2000466,2021-01-31,"2021-02-09 20:16:05",488638,CPY2306296,2023-01-01,"2023-05-04 14:31:41",225,Rent,Pending,2021-02-01,2021-02-28,sirajm@alhabib.om
TAG2201837,2015-04-30,"2023-02-28 11:30:31",488551,CPY2306212,2023-05-01,"2023-05-04 11:26:26",100,Rent,Posted,2015-03-05,2015-03-12,salamr@alhabib.om
TAG2101703,2022-10-31,"2022-12-05 11:48:47",488514,CAR2300881,2023-05-04,"2023-05-04 11:01:43",240,Rent,Posted,2022-08-13,2022-09-14,sirajm@alhabib.om
TAG2202307,2020-09-30,"2023-02-28 11:30:10",488406,CAR2300877,2023-05-03,"2023-05-03 16:43:48",250,Rent,Posted,2020-06-01,2020-06-30,sirajm@alhabib.om
TAG2300067,2023-05-15,"2023-05-03 10:57:46",488397,CAR2300870,2023-05-03,"2023-05-03 11:13:18",101,General,Posted,,,sirajm@alhabib.om
TAG2200615,2023-03-15,"2023-04-26 11:47:45",488390,CPY2306063,2023-05-03,"2023-05-03 10:39:10",50,General,Posted,,,sirajm@alhabib.om
TAG2200615,2023-03-15,"2023-04-26 11:47:45",488386,CAR2300868,2023-05-03,"2023-05-03 10:33:20",76.8,Rent,Posted,2023-01-25,2023-02-04,sirajm@alhabib.om
TAG2003058,2021-05-31,"2021-06-09 08:02:38",488278,CAR2300833,2023-05-01,"2023-05-01 08:17:43",200,Rent,Posted,2021-02-11,2021-03-10,sirajm@alhabib.om
TAG2201073,2023-04-15,"2023-04-27 12:45:27",488277,CAR2300832,2023-04-30,"2023-04-30 16:47:23",180,General,Posted,,,sirajm@alhabib.om
TAG2201923,2023-01-10,"2023-02-08 14:32:36",488201,CPY2305916,2023-04-25,"2023-04-30 14:44:22",280,Rent,Posted,2022-11-11,2022-12-10,salamr@alhabib.om
TAG2101703,2022-10-31,"2022-12-05 11:48:47",488192,CPY2305907,2023-04-25,"2023-04-30 14:44:22",120,Rent,Posted,2022-07-27,2022-08-12,salamr@alhabib.om
TAG2200405,2022-02-28,"2022-03-16 07:46:29",488170,CPY2305885,2023-04-25,"2023-04-30 14:23:21",500,Rent,Posted,2020-11-01,2020-11-30,salamr@alhabib.om
TAG2202415,2023-03-31,"2023-04-18 20:11:18",488155,CAR2300826,2023-04-30,"2023-04-30 12:51:26",120,General,Posted,,,sirajm@alhabib.om
TAG1802882,2018-07-31,"2008-03-31 00:00:00",488132,CPY2305856,2023-01-01,"2023-04-29 11:10:19",250,Rent,Pending,2017-01-01,2017-01-31,sirajm@alhabib.om
TAG2300338,2022-08-31,"2023-03-08 10:20:05",488124,CPY2305849,2023-04-05,"2023-04-28 10:25:52",100,Rent,Posted,2022-06-01,2022-06-15,sirajm@alhabib.om
TAG2200561,2023-02-28,"2023-04-06 12:31:31",488112,CAR2300816,2023-04-27,"2023-04-27 16:09:29",779,General,Posted,,,sirajm@alhabib.om
TAG2200304,2023-01-31,"2023-02-09 17:25:44",488110,CPY2305838,2023-04-27,"2023-04-27 15:27:12",125,Rent,Posted,2022-12-01,2022-12-31,salamr@alhabib.om
TAG2200924,2022-08-15,"2022-08-17 15:46:20",488073,CAR2300803,2023-04-25,"2023-04-25 16:54:52",225,General,Posted,,,sirajm@alhabib.om
TAG2300148,2023-02-15,"2023-03-20 13:17:58",487829,CPY2305580,2023-04-16,"2023-04-25 07:15:16",50,Rent,Posted,2023-02-01,2023-02-15,hatem.alamri@alhabib.om
TAG2101770,2021-11-30,"2021-12-29 14:58:44",487762,CAR2300789,2023-04-19,"2023-04-19 13:01:49",1000,Rent,Posted,2021-01-17,2021-06-24,sirajm@alhabib.om
TAG2201616,2023-01-31,"2023-04-01 19:02:17",487755,CAR2300785,2023-04-19,"2023-04-19 09:35:05",240,Rent,Posted,2023-02-01,2023-02-28,sirajm@alhabib.om
TAG2200502,2023-04-15,"2023-04-15 00:00:00",487753,CAR2300783,2023-04-18,"2023-04-18 14:21:39",89.8,General,Posted,,,sirajm@alhabib.om
TAG2201979,2020-06-30,"2023-02-28 11:48:54",487729,CAR2300773,2023-04-17,"2023-04-17 12:23:46",500,General,Posted,,,dbabu@alhabib.om
TAG2201979,2020-06-30,"2023-02-28 11:48:54",487727,CAR2300772,2023-04-17,"2023-04-17 12:21:19",450,Rent,Posted,2020-05-16,2020-06-30,dbabu@alhabib.om
TAG2201979,2020-06-30,"2023-02-28 11:48:54",487726,CAR2300771,2023-04-17,"2023-04-17 12:18:16",500,Rent,Posted,2020-03-26,2020-05-15,dbabu@alhabib.om
TAG2201979,2020-06-30,"2023-02-28 11:48:54",487725,CAR2300770,2023-04-17,"2023-04-17 12:11:09",500,Rent,Posted,2020-02-06,2020-03-25,dbabu@alhabib.om
TAG2201979,2020-06-30,"2023-02-28 11:48:54",487724,CAR2300769,2023-04-17,"2023-04-17 12:09:11",500,Rent,Posted,2019-12-16,2020-02-05,dbabu@alhabib.om
TAG2201979,2020-06-30,"2023-02-28 11:48:54",487723,CAR2300768,2023-04-17,"2023-04-17 12:07:45",500,Rent,Posted,2019-10-26,2019-12-15,dbabu@alhabib.om
TAG2201979,2020-06-30,"2023-02-28 11:48:54",487722,CAR2300767,2023-04-17,"2023-04-17 12:05:20",500,Rent,Posted,2019-09-06,2019-10-25,dbabu@alhabib.om
TAG2201979,2020-06-30,"2023-02-28 11:48:54",487721,CAR2300766,2023-04-17,"2023-04-17 12:03:13",500,Rent,Posted,2019-07-16,2019-09-05,dbabu@alhabib.om
TAG2201979,2020-06-30,"2023-02-28 11:48:54",487720,CAR2300765,2023-04-17,"2023-04-17 12:01:38",500,Rent,Posted,2019-05-26,2019-07-15,dbabu@alhabib.om
TAG2201979,2020-06-30,"2023-02-28 11:48:54",487719,CAR2300764,2023-04-17,"2023-04-17 11:55:09",300,Rent,Posted,2019-04-26,2019-05-25,dbabu@alhabib.om
TAG2200263,2023-02-28,"2023-03-30 16:29:46",487587,CAR2300727,2023-04-12,"2023-04-12 13:55:31",10.7,General,Posted,,,dbabu@alhabib.om
TAG2200497,2023-03-31,"2023-03-28 11:45:31",487580,CAR2300724,2023-04-12,"2023-04-12 10:13:08",8,General,Posted,,,dbabu@alhabib.om
TAG2200808,2023-03-15,"2023-03-22 16:53:17",487061,CAR2300716,2023-04-10,"2023-04-10 14:14:49",130,General,Posted,,,sirajm@alhabib.om
TAG2202231,2023-04-15,"2023-04-10 08:35:11",487060,CAR2300715,2023-04-10,"2023-04-10 14:11:30",230,Rent,Posted,2023-03-16,2023-04-15,dbabu@alhabib.om
TAG2201837,2015-04-30,"2023-02-28 11:30:31",486806,CPY2304682,2023-04-02,"2023-04-04 14:29:31",100,Rent,Posted,2015-02-25,2015-03-04,hatem.alamri@alhabib.om
TAG2202307,2020-09-30,"2023-02-28 11:30:10",486639,CAR2300655,2023-04-03,"2023-04-03 10:52:27",200,Rent,Posted,2020-05-07,2020-05-31,dbabu@alhabib.om
TAG2202293,2020-08-31,"2023-02-28 11:55:31",486585,CPY2304492,2023-03-29,"2023-03-31 15:34:59",450,Rent,Posted,2020-02-25,2020-03-12,sirajm@alhabib.om
TAG2101444,2019-02-10,"2019-02-10 00:00:00",486566,CPY2304473,2023-03-20,"2023-03-31 14:34:11",203,Rent,Posted,2019-05-22,2019-06-10,sirajm@alhabib.om
TAG2300541,2020-02-29,"2023-03-30 16:27:17",486561,CPY2304468,2023-03-01,"2023-03-31 14:15:15",3000,Rent,Posted,2019-05-01,2019-08-31,sirajm@alhabib.om
TAG2300496,2018-10-15,"2023-03-27 11:31:10",486558,CPY2304467,2023-03-30,"2023-03-30 16:17:12",3291.45,Rent,Posted,2018-03-01,2018-06-20,sirajm@alhabib.om
TAG2201001,2022-08-15,"2022-08-17 15:46:01",486440,CPY2304378,2023-03-28,"2023-03-28 10:10:12",50,Rent,Posted,2022-06-26,2022-07-05,salamr@alhabib.om
TAG2202306,2021-03-09,"2023-02-28 11:41:02",486428,CPY2304369,2023-03-27,"2023-03-27 14:34:20",250,Rent,Posted,2019-08-01,2019-08-11,dbabu@alhabib.om
TAG2201001,2022-08-15,"2022-08-17 15:46:01",486233,CPY2304203,2023-03-13,"2023-03-21 15:49:47",50,Rent,Posted,2022-06-16,2022-06-25,salamr@alhabib.om
TAG2200405,2022-02-28,"2022-03-16 07:46:29",486212,CPY2304182,2023-03-21,"2023-03-21 14:45:41",500,Rent,Posted,2020-10-01,2020-10-31,hatem.alamri@alhabib.om
TAG2201638,2023-02-28,"2023-03-10 19:52:21",486190,CAR2300570,2023-03-20,"2023-03-20 16:27:34",80,General,Posted,,,dbabu@alhabib.om
TAG1902838,2020-08-31,"2020-09-19 17:32:24",486186,CAR2300568,2023-03-20,"2023-03-20 10:34:10",450,Rent,Posted,2020-06-01,2020-06-15,dbabu@alhabib.om
TAG2300415,2021-07-31,"2023-03-16 16:16:51",486183,CPY2304159,2023-02-01,"2023-03-20 09:06:01",617,General,Posted,,,dbabu@alhabib.om
TAG2300415,2021-07-31,"2023-03-16 16:16:51",486182,CPY2304158,2023-02-01,"2023-03-20 09:04:13",4236.333,Rent,Posted,2020-10-18,2021-03-17,dbabu@alhabib.om
TAG2201923,2023-01-10,"2023-02-08 14:32:36",486173,CPY2304151,2023-03-19,"2023-03-19 17:22:00",280,Rent,Posted,2022-10-11,2022-11-10,hatem.alamri@alhabib.om
TAG2200093,2023-01-31,"2023-02-16 09:12:58",485657,CPY2303653,2023-01-31,"2023-03-15 17:20:08",500,Rent,Posted,2023-01-01,2023-01-31,sirajm@alhabib.om
TAG2300224,2023-02-28,"2023-02-26 15:59:55",485583,CPY2303593,2023-03-07,"2023-03-14 14:50:20",24,General,Posted,,,hatem.alamri@alhabib.om
TAG2300224,2023-02-28,"2023-02-26 15:59:55",485582,CPY2303592,2023-03-07,"2023-03-14 14:44:04",475,Rent,Posted,2023-02-01,2023-02-28,hatem.alamri@alhabib.om
TAG2201351,2022-10-31,"2023-01-08 07:53:49",485228,CAR2300479,2023-03-09,"2023-03-09 10:17:43",280,General,Posted,,,dbabu@alhabib.om
TAG2300350,2020-05-31,"2023-03-08 17:06:37",485219,CAR2300470,2023-03-08,"2023-03-08 17:06:48",1000,Rent,Posted,2019-11-03,2020-01-22,dbabu@alhabib.om
TAG2201837,2015-04-30,"2023-02-28 11:30:31",485108,CPY2303185,2023-03-01,"2023-03-07 15:54:09",100,Rent,Posted,2015-02-17,2015-02-24,hatem.alamri@alhabib.om
TAG2202307,2020-09-30,"2023-02-28 11:30:10",485069,CAR2300465,2023-03-07,"2023-03-07 15:17:09",200,Rent,Posted,2020-04-13,2020-05-06,dbabu@alhabib.om
TAG2202293,2020-08-31,"2023-02-28 11:55:31",484829,CPY2302959,2023-02-26,"2023-03-01 17:17:45",450,Rent,Posted,2020-02-08,2020-02-24,sirajm@alhabib.om
TAG2003058,2021-05-31,"2021-06-09 08:02:38",484745,CAR2300384,2023-02-28,"2023-02-28 10:09:02",100,Rent,Posted,2021-01-26,2021-02-10,dbabu@alhabib.om
TAG2200173,2022-01-27,"2022-02-03 16:20:05",484685,CPY2302848,2023-02-26,"2023-02-28 07:28:10",424,Rent,Posted,2021-12-20,2022-01-14,hatem.alamri@alhabib.om
TAG2200287,2022-02-08,"2022-02-16 15:05:35",484597,CAR2300359,2023-02-22,"2023-02-22 16:09:55",259.8,General,Posted,,,dbabu@alhabib.om
TAG2200287,2022-02-08,"2022-02-16 15:05:35",484596,CAR2300358,2023-02-22,"2023-02-22 16:07:07",136,General,Posted,,,dbabu@alhabib.om
TAG2200287,2022-02-08,"2022-02-16 15:05:35",484595,CAR2300357,2023-02-22,"2023-02-22 16:05:02",254,Rent,Posted,2022-01-01,2022-02-08,dbabu@alhabib.om
TAG2200405,2022-02-28,"2022-03-16 07:46:29",484528,CPY2302719,2023-02-20,"2023-02-22 12:15:49",500,Rent,Posted,2020-09-01,2020-09-30,hatem.alamri@alhabib.om
TAG2101444,2019-02-10,"2019-02-10 00:00:00",484411,CPY2302603,2023-02-20,"2023-02-22 10:06:03",204,Rent,Posted,2019-05-02,2019-05-21,sirajm@alhabib.om
TAG1901408,2019-10-31,"2008-03-31 00:00:00",484366,CPY2302571,2023-02-15,"2023-02-20 12:26:46",200,Rent,Posted,2019-09-01,2019-09-05,hatem.alamri@alhabib.om
TAG2201176,2023-01-31,"2023-02-19 11:54:53",483990,CAR2300327,2023-02-19,"2023-02-19 11:56:47",110,General,Posted,,,dbabu@alhabib.om
TAG2201176,2023-01-31,"2023-02-19 11:54:53",483989,CAR2300326,2023-02-19,"2023-02-19 11:54:55",110,Rent,Posted,2023-01-16,2023-01-31,dbabu@alhabib.om
TAG2202253,2023-01-31,"2023-02-05 16:47:04",483885,CPY2302117,2023-01-18,"2023-02-13 16:17:56",7,General,Posted,,,salamr@alhabib.om
TAG2101931,2022-11-15,"2022-11-26 06:54:03",483766,CAR2300300,2023-02-12,"2023-02-12 10:32:43",17.5,General,Posted,,,dbabu@alhabib.om
TAG2201686,2023-01-15,"2023-02-08 14:49:42",483645,CAR2300264,2023-02-08,"2023-02-08 14:50:21",183,General,Posted,,,dbabu@alhabib.om
TAG2101444,2019-02-10,"2019-02-10 00:00:00",483170,CPY2301500,2023-01-23,"2023-02-05 15:57:49",204,Rent,Posted,2019-04-12,2019-05-01,sirajm@alhabib.om
TAG2003058,2021-05-31,"2021-06-09 08:02:38",483005,CAR2300176,2023-01-31,"2023-01-31 09:37:15",100,Rent,Posted,2021-01-11,2021-01-25,dbabu@alhabib.om
TAG2101703,2022-10-31,"2022-12-05 11:48:47",482930,CPY2301319,2023-01-25,"2023-01-26 13:56:06",120,Rent,Posted,2022-07-10,2022-07-26,hatem.alamri@alhabib.om
TAG2200173,2022-01-27,"2022-02-03 16:20:05",482926,CPY2301315,2023-01-25,"2023-01-26 13:56:06",424,Rent,Posted,2021-11-24,2021-12-19,hatem.alamri@alhabib.om
TAG2201360,2022-08-31,"2022-09-20 07:53:48",482912,CPY2301302,2023-01-26,"2023-01-26 11:43:23",500,Rent,Posted,2022-08-19,2022-08-31,salamr@alhabib.om
TAG1702254,2017-01-04,"2017-01-04 00:00:00",482901,CAR2300148,2023-01-25,"2023-01-25 15:27:07",105,General,Posted,,,dbabu@alhabib.om
TAG1702254,2017-01-04,"2017-01-04 00:00:00",482900,CAR2300147,2023-01-25,"2023-01-25 15:25:01",2090,Rent,Posted,2017-01-05,2017-05-23,dbabu@alhabib.om
TAG2202269,2022-12-31,"2023-01-22 10:37:09",482883,CAR2300139,2023-01-24,"2023-01-24 08:46:33",150,Rent,Posted,2022-12-01,2022-12-31,dbabu@alhabib.om
TAG2102013,2022-09-30,"2022-10-12 16:10:50",482826,CPY2301238,2023-01-22,"2023-01-23 09:20:16",825,Rent,Posted,2022-05-25,2022-11-08,salamr@alhabib.om
TAG2200405,2022-02-28,"2022-03-16 07:46:29",482821,CPY2301233,2023-01-22,"2023-01-23 09:20:16",500,Rent,Posted,2020-08-01,2020-08-31,salamr@alhabib.om
TAG2102013,2022-09-30,"2022-10-12 16:10:50",482742,CPY2301167,2023-01-18,"2023-01-19 14:18:28",800,Rent,Posted,2021-12-15,2022-05-24,hatem.alamri@alhabib.om
TAG2201213,2022-10-15,"2022-09-25 09:09:31",482732,CAR2300115,2023-01-18,"2023-01-18 16:00:20",98.5,General,Posted,,,dbabu@alhabib.om
TAG1901408,2019-10-31,"2008-03-31 00:00:00",482569,CPY2301009,2023-01-15,"2023-01-15 17:40:38",200,Rent,Posted,2019-08-27,2019-08-31,hatem.alamri@alhabib.om
TAG2200117,2022-12-31,"2023-01-04 09:27:02",481894,CPY2300374,2023-01-02,"2023-01-08 15:14:23",500,Rent,Posted,2022-12-11,2022-12-31,salamr@alhabib.om
TAG2200117,2022-12-31,"2023-01-04 09:27:02",481893,CPY2300373,2023-01-02,"2023-01-08 15:13:08",250,Rent,Posted,2022-12-01,2022-12-10,salamr@alhabib.om
TAG2201550,2022-10-01,"2022-10-01 00:00:00",481807,CPY2300290,2023-01-04,"2023-01-08 10:21:28",50,General,Posted,,,dbabu@alhabib.om
TAG2003058,2021-05-31,"2021-06-09 08:02:38",481564,CPY2300051,2023-01-01,"2023-01-05 15:12:55",100,Rent,Posted,2020-12-26,2021-01-10,hatem.alamri@alhabib.om
TAG2101770,2021-11-30,"2021-12-29 14:58:44",481505,CAR2300047,2023-01-05,"2023-01-05 11:36:12",102,Rent,Posted,2021-01-01,2021-01-16,dbabu@alhabib.om
TAG2101849,2022-10-10,"2022-11-26 06:53:36",481495,CAR2300038,2023-01-04,"2023-01-04 14:50:59",177.05,General,Posted,,,dbabu@alhabib.om
TAG1903389,2020-09-30,"2020-10-12 11:01:36",481427,CAR2202318,2022-12-29,"2022-12-29 14:47:51",200,Rent,Posted,2020-02-25,2020-03-19,dbabu@alhabib.om
TAG2101444,2019-02-10,"2019-02-10 00:00:00",481373,CPY2215067,2022-12-20,"2022-12-28 17:48:05",204,Rent,Posted,2019-03-23,2019-04-11,sirajm@alhabib.om
TAG1600341,2020-08-31,"2020-09-16 09:40:35",481368,CPY2215062,2022-12-26,"2022-12-28 17:31:05",450,Rent,Posted,2020-01-06,2020-01-21,sirajm@alhabib.om
TAG2100369,2021-03-09,"2021-03-26 10:38:25",481364,CPY2215060,2022-12-28,"2022-12-28 14:12:42",250,Rent,Posted,2019-06-29,2019-07-09,dbabu@alhabib.om
TAG2200173,2022-01-27,"2022-02-03 16:20:05",481288,CPY2214999,2022-12-25,"2022-12-25 15:26:34",424,Rent,Posted,2021-10-29,2021-11-23,salamr@alhabib.om
TAG2200405,2022-02-28,"2022-03-16 07:46:29",481189,CPY2214909,2022-12-20,"2022-12-22 14:57:03",1000,Rent,Posted,2020-06-01,2020-07-31,salamr@alhabib.om
TAG2101765,2021-12-31,"2022-03-27 09:44:27",481151,CAR2202267,2022-12-20,"2022-12-20 11:43:08",170,General,Posted,,,dbabu@alhabib.om
TAG2201550,2022-10-01,"2022-10-01 00:00:00",481123,CPY2214870,2022-12-14,"2022-12-19 15:37:16",250,Rent,Posted,2022-12-01,2022-12-31,hatem.alamri@alhabib.om
TAG2201550,2022-10-01,"2022-10-01 00:00:00",481122,CPY2214869,2022-12-14,"2022-12-19 15:37:16",250,Rent,Posted,2022-11-01,2022-11-30,hatem.alamri@alhabib.om
TAG2201550,2022-10-01,"2022-10-01 00:00:00",481121,CPY2214868,2022-12-14,"2022-12-19 15:37:16",250,Rent,Posted,2022-10-01,2022-10-31,hatem.alamri@alhabib.om
TAG1901408,2019-10-31,"2008-03-31 00:00:00",480936,CPY2214700,2022-12-15,"2022-12-15 17:12:08",200,Rent,Posted,2019-08-22,2019-08-26,hatem.alamri@alhabib.om
TAG2200148,2022-05-31,"2022-06-14 07:03:46",480541,CPY2214320,2022-12-11,"2022-12-13 16:14:59",100,Rent,Posted,2022-03-21,2022-04-15,salamr@alhabib.om
TAG2101703,2022-10-31,"2022-12-05 11:48:47",480535,CPY2214315,2022-12-05,"2022-12-13 15:52:05",213,Rent,Posted,2022-06-12,2022-07-09,salamr@alhabib.om
TAG2002076,2020-08-11,"2020-08-12 21:37:28",480532,CPY2214312,2022-12-08,"2022-12-13 14:31:53",673.472,Rent,Posted,2020-05-11,2020-08-10,sirajm@alhabib.om
TAG2201360,2022-08-31,"2022-09-20 07:53:48",480527,CPY2214311,2022-12-12,"2022-12-12 16:13:37",264,Rent,Posted,2022-08-13,2022-08-18,sirajm@alhabib.om
TAG2002611,2020-08-31,"2020-11-15 18:21:33",480486,CPY2214287,2022-12-04,"2022-12-11 12:52:13",500,Rent,Posted,2020-07-24,2020-08-31,sirajm@alhabib.om
TAG2101793,2022-11-30,"2022-12-06 10:20:22",480424,CAR2202184,2022-12-07,"2022-12-07 16:16:35",254.3,General,Posted,,,sirajm@alhabib.om
TAG2101758,2022-05-31,"2022-07-12 11:14:13",479947,CPY2213784,2022-12-04,"2022-12-05 16:07:49",370,Rent,Posted,2022-05-01,2022-05-31,hatem.alamri@alhabib.om
TAG2003058,2021-05-31,"2021-06-09 08:02:38",479905,CPY2213743,2022-12-04,"2022-12-05 15:36:48",100,Rent,Posted,2020-12-10,2020-12-25,hatem.alamri@alhabib.om
TAG2200761,2022-11-30,"2022-12-04 15:40:22",479867,CPY2213706,2022-12-05,"2022-12-05 15:01:55",75,General,Posted,,,dbabu@alhabib.om
TAG2201819,2022-10-30,"2022-11-29 13:20:54",479830,CAR2202153,2022-12-05,"2022-12-05 09:30:42",7,General,Posted,,,dbabu@alhabib.om
TAG2102013,2022-09-30,"2022-10-12 16:10:50",479810,CPY2213664,2022-11-29,"2022-12-04 14:44:03",170,Rent,Posted,2021-11-11,2021-12-14,sirajm@alhabib.om
TAG1903389,2020-09-30,"2020-10-12 11:01:36",479796,CAR2202143,2022-12-04,"2022-12-04 10:52:28",200,Rent,Posted,2020-02-01,2020-02-24,dbabu@alhabib.om
TAG2002075,2020-08-20,"2020-09-02 11:16:34",479786,CPY2213646,2022-12-03,"2022-12-04 09:46:37",150,Rent,Posted,2020-07-14,2020-07-22,dbabu@alhabib.om
TAG2101758,2022-05-31,"2022-07-12 11:14:13",479783,CAR2202141,2022-12-04,"2022-12-04 08:29:25",80,General,Posted,,,dbabu@alhabib.om
TAG1600341,2020-08-31,"2020-09-16 09:40:35",479769,CPY2213638,2022-11-27,"2022-11-29 16:21:32",450,Rent,Posted,2019-12-22,2020-01-05,sirajm@alhabib.om
TAG2101444,2019-02-10,"2019-02-10 00:00:00",479767,CPY2213636,2022-11-21,"2022-11-29 16:13:07",204,Rent,Posted,2019-03-03,2019-03-22,sirajm@alhabib.om
TAG1903375,2020-09-30,"2020-11-23 21:15:04",479693,CPY2213574,2022-11-27,"2022-11-28 16:11:02",275,Rent,Posted,2020-09-01,2020-09-30,hatem.alamri@alhabib.om
TAG2200173,2022-01-27,"2022-02-03 16:20:05",479690,CPY2213571,2022-11-27,"2022-11-28 16:11:02",196,Rent,Posted,2021-10-16,2021-10-28,hatem.alamri@alhabib.om
TAG2201360,2022-08-31,"2022-09-20 07:53:48",479663,CPY2213548,2022-11-28,"2022-11-28 10:30:54",500,Rent,Posted,2022-08-01,2022-08-12,salamr@alhabib.om
TAG2100369,2021-03-09,"2021-03-26 10:38:25",479659,CPY2213545,2022-11-27,"2022-11-28 09:59:29",250,Rent,Posted,2019-06-17,2019-06-28,dbabu@alhabib.om
TAG2101057,2022-05-31,"2022-07-12 11:20:10",479604,CPY2213503,2022-11-01,"2022-11-27 10:21:27",1200,Rent,Posted,2021-06-01,2022-05-31,sirajm@alhabib.om
TAG2201321,2022-09-30,"2022-10-20 16:49:09",479559,CPY2213476,2022-11-22,"2022-11-23 12:43:02",192.5,General,Posted,,,hatem.alamri@alhabib.om
TAG2201770,2022-10-31,"2022-11-10 11:19:41",479503,CPY2213422,2022-11-22,"2022-11-22 16:32:39",175,Rent,Posted,2022-10-01,2022-10-31,hatem.alamri@alhabib.om
TAG2101882,2022-10-31,"2022-11-17 10:52:18",479372,CAR2202071,2022-11-17,"2022-11-17 15:23:16",90,General,Posted,,,dbabu@alhabib.om
TAG2201978,2022-10-31,"2022-11-17 10:52:04",479371,CAR2202070,2022-11-17,"2022-11-17 14:53:01",200,Rent,Posted,2022-10-01,2022-10-31,dbabu@alhabib.om
TAG2100917,2021-07-01,"2021-07-01 00:00:00",479349,CAR2202062,2022-11-16,"2022-11-17 11:37:30",130.6,General,Posted,,,sirajm@alhabib.om
TAG1901408,2019-10-31,"2008-03-31 00:00:00",479245,CPY2213188,2022-11-15,"2022-11-16 20:34:09",200,Rent,Posted,2019-08-17,2019-08-21,hatem.alamri@alhabib.om
TAG2200730,2022-10-31,"2022-11-10 09:01:53",479131,CAR2202055,2022-11-16,"2022-11-16 14:13:39",47,General,Posted,,,dbabu@alhabib.om
TAG2200370,2022-09-30,"2022-11-10 09:01:17",478902,CAR2202049,2022-11-16,"2022-11-15 17:05:53",125,General,Posted,,,dbabu@alhabib.om
TAG2101590,2022-06-30,"2022-08-01 17:28:00",478885,CAR2202044,2022-11-15,"2022-11-15 10:57:47",100,Rent,Posted,2022-03-01,2022-04-03,dbabu@alhabib.om
TAG2002076,2020-08-11,"2020-08-12 21:37:28",478858,CPY2212830,2022-11-01,"2022-11-13 12:18:52",977,Rent,Posted,2020-01-01,2020-05-10,wasif.ahmed@alhabib.om
TAG2101092,2022-06-30,"2022-07-24 12:07:24",478803,CPY2212794,2022-09-30,"2022-11-09 16:02:37",1215,Rent,Posted,2022-06-01,2022-06-30,sirajm@alhabib.om
TAG1903375,2020-09-30,"2020-11-23 21:15:04",478795,CAR2202009,2022-11-09,"2022-11-09 14:37:16",275,Rent,Posted,2020-08-01,2020-08-31,dbabu@alhabib.om
TAG2200952,2022-08-31,"2022-10-11 08:38:16",478682,CAR2201985,2022-11-07,"2022-11-07 12:18:24",120,Rent,Posted,2022-08-01,2022-08-31,dbabu@alhabib.om
TAG2201326,2022-08-31,"2022-10-11 08:38:43",478681,CAR2201984,2022-11-07,"2022-11-07 12:16:45",100,Rent,Posted,2022-08-01,2022-08-31,dbabu@alhabib.om
TAG2200374,2022-06-30,"2022-07-12 11:20:57",478457,CPY2212492,2022-10-31,"2022-11-06 09:55:25",120,Rent,Posted,2022-06-01,2022-06-30,sirajm@alhabib.om
TAG2201321,2022-09-30,"2022-10-20 16:49:09",478453,CAR2201965,2022-11-03,"2022-11-03 16:42:00",190,Rent,Posted,2022-09-01,2022-09-30,dbabu@alhabib.om
TAG2003058,2021-05-31,"2021-06-09 08:02:38",478247,CPY2212288,2022-11-01,"2022-11-03 10:17:49",100,Rent,Posted,2020-11-24,2020-12-09,hatem.alamri@alhabib.om
TAG2002075,2020-08-20,"2020-09-02 11:16:34",478174,CPY2212221,2022-11-01,"2022-11-02 08:54:03",150,Rent,Posted,2020-07-05,2020-07-13,dbabu@alhabib.om
TAG2101787,2022-09-30,"2022-10-31 16:24:45",478151,CPY2212209,2022-10-31,"2022-11-01 08:21:21",27.7,General,Posted,,,dbabu@alhabib.om
TAG1903389,2020-09-30,"2020-10-12 11:01:36",478133,CAR2201939,2022-10-31,"2022-10-31 15:24:02",300,Rent,Posted,2019-12-25,2020-01-31,dbabu@alhabib.om
TAG2100939,2021-07-31,"2021-08-22 10:57:20",478035,CPY2212116,2022-10-30,"2022-10-30 15:13:59",1264,Rent,Posted,2021-07-01,2021-07-31,hatem.alamri@alhabib.om
TAG1600341,2020-08-31,"2020-09-16 09:40:35",478018,CPY2212106,2022-10-26,"2022-10-28 15:52:36",450,Rent,Posted,2019-12-06,2019-12-21,sirajm@alhabib.om
TAG2101444,2019-02-10,"2019-02-10 00:00:00",478013,CPY2212101,2022-10-20,"2022-10-28 15:46:49",204,Rent,Posted,2019-02-11,2019-03-02,sirajm@alhabib.om
TAG2100369,2021-03-09,"2021-03-26 10:38:25",478003,CPY2212097,2022-10-27,"2022-10-27 10:50:31",250,Rent,Posted,2019-06-05,2019-06-16,dbabu@alhabib.om
TAG2200045,2022-10-31,"2022-10-24 10:42:27",477960,CPY2212058,2022-10-24,"2022-10-26 15:55:19",82.5,General,Posted,,,salamr@alhabib.om
TAG2200044,2022-10-31,"2022-10-24 10:42:49",477958,CPY2212056,2022-10-24,"2022-10-26 15:39:46",150,General,Posted,,,salamr@alhabib.om
TAG2200045,2022-10-31,"2022-10-24 10:42:27",477954,CPY2212053,2022-10-24,"2022-10-26 15:02:08",165,Rent,Posted,2022-10-01,2022-10-31,salamr@alhabib.om
TAG2200046,2022-10-31,"2022-10-24 10:42:38",477952,CPY2212051,2022-10-24,"2022-10-26 15:02:08",147.5,Rent,Posted,2022-10-04,2022-10-31,salamr@alhabib.om
TAG2200044,2022-10-31,"2022-10-24 10:42:49",477953,CPY2212052,2022-10-24,"2022-10-26 15:02:08",300,Rent,Posted,2022-10-01,2022-10-31,salamr@alhabib.om
TAG2200046,2022-10-31,"2022-10-24 10:42:38",477901,CAR2201890,2022-10-24,"2022-10-24 16:53:33",82.5,General,Posted,,,dbabu@alhabib.om
TAG2200046,2022-10-31,"2022-10-24 10:42:38",477900,CAR2201889,2022-10-24,"2022-10-24 16:51:09",17.5,Rent,Posted,2022-10-01,2022-10-03,dbabu@alhabib.om
TAG2200044,2022-10-31,"2022-10-24 10:42:49",477899,CAR2201888,2022-10-24,"2022-10-24 16:49:29",150,General,Posted,,,sirajm@alhabib.om
TAG2200712,2022-09-30,"2022-10-22 10:11:50",477863,CPY2211995,2022-10-23,"2022-10-23 09:04:59",98.4,General,Posted,,,dbabu@alhabib.om
TAG1901408,2019-10-31,"2008-03-31 00:00:00",477784,CPY2211917,2022-10-16,"2022-10-22 14:26:08",200,Rent,Posted,2019-08-12,2019-08-16,hatem.alamri@alhabib.om
TAG2002075,2020-08-20,"2020-09-02 11:16:34",477583,CPY2211716,2022-10-20,"2022-10-20 15:12:43",300,Rent,Posted,2020-06-15,2020-07-04,dbabu@alhabib.om
TAG2001803,2020-06-30,"2008-03-31 00:00:00",477522,CAR2201849,2022-10-16,"2022-10-16 14:40:39",495,General,Posted,,,dbabu@alhabib.om
TAG2001803,2020-06-30,"2008-03-31 00:00:00",477521,CAR2201848,2022-10-16,"2022-10-16 14:37:51",450,Rent,Posted,2020-05-01,2020-06-30,dbabu@alhabib.om
TAG2201238,2022-09-01,"2022-10-03 09:52:20",477461,CAR2201836,2022-10-13,"2022-10-13 10:52:21",33,General,Posted,,,dbabu@alhabib.om
TAG2201238,2022-09-01,"2022-10-03 09:52:20",477460,CAR2201835,2022-10-13,"2022-10-13 10:50:58",5,General,Posted,,,dbabu@alhabib.om
TAG2101444,2019-02-10,"2019-02-10 00:00:00",477186,CPY2211360,2022-10-06,"2022-10-12 11:31:45",204,Rent,Posted,2019-01-22,2019-02-10,sirajm@alhabib.om
TAG2003823,2021-11-15,"2021-11-17 07:21:24",477107,CPY2211291,2022-10-05,"2022-10-11 15:38:14",6.5,General,Posted,,,hatem.alamri@alhabib.om
TAG2200686,2022-06-30,"2022-07-17 08:40:28",476980,CPY2211168,2022-10-03,"2022-10-11 10:44:56",150,General,Posted,,,hatem.alamri@alhabib.om
TAG2200441,2022-02-28,"2022-09-10 14:14:24",476939,CPY2211152,2022-09-25,"2022-10-06 15:09:09",70,General,Posted,,,hatem.alamri@alhabib.om
TAG2003058,2021-05-31,"2021-06-09 08:02:38",476618,CPY2210877,2022-10-02,"2022-10-03 13:37:27",100,Rent,Posted,2020-11-08,2020-11-23,hatem.alamri@alhabib.om
TAG1903389,2020-09-30,"2020-10-12 11:01:36",476532,CAR2201737,2022-10-02,"2022-10-02 08:24:21",200,Rent,Posted,2019-12-01,2019-12-24,dbabu@alhabib.om
TAG2200441,2022-02-28,"2022-09-10 14:14:24",476531,CPY2210797,2022-09-30,"2022-10-02 08:22:40",1040,Rent,Posted,2021-11-01,2022-02-28,sirajm@alhabib.om
TAG1600341,2020-08-31,"2020-09-16 09:40:35",476515,CPY2210784,2022-09-29,"2022-09-29 16:15:18",450,Rent,Posted,2019-11-22,2019-12-05,sirajm@alhabib.om
TAG2100939,2021-07-31,"2021-08-22 10:57:20",476458,CPY2210753,2022-09-28,"2022-09-28 15:18:12",1264,Rent,Posted,2021-06-01,2021-06-30,hatem.alamri@alhabib.om
TAG2100369,2021-03-09,"2021-03-26 10:38:25",476441,CPY2210737,2022-09-28,"2022-09-28 14:48:15",250,Rent,Posted,2019-05-23,2019-06-04,dbabu@alhabib.om
TAG2201360,2022-08-31,"2022-09-20 07:53:48",476316,CPY2210641,2022-09-21,"2022-09-21 16:57:51",244.2,General,Posted,,,sirajm@alhabib.om
TAG2101259,2021-09-30,"2022-09-20 14:54:36",476315,CPY2210640,2022-09-21,"2022-09-21 16:42:06",480,Rent,Posted,2021-07-01,2021-09-30,sirajm@alhabib.om
TAG2200489,2022-05-15,"2022-05-17 19:46:53",476312,CPY2210637,2022-09-01,"2022-09-21 16:30:06",244,Rent,Posted,2022-03-27,2022-05-15,sirajm@alhabib.om
TAG1901408,2019-10-31,"2008-03-31 00:00:00",476132,CPY2210466,2022-09-15,"2022-09-20 11:05:43",200,Rent,Posted,2019-08-07,2019-08-11,hatem.alamri@alhabib.om
TAG1903389,2020-09-30,"2020-10-12 11:01:36",476026,CAR2201666,2022-09-19,"2022-09-19 14:12:40",490,General,Posted,,,dbabu@alhabib.om
TAG1801898,2019-05-31,"2008-03-31 00:00:00",475881,CPY2210222,2022-07-06,"2022-09-18 16:59:25",1000,Rent,Posted,2018-12-16,2019-01-31,sirajm@alhabib.om
TAG2200493,2022-03-15,"2022-03-22 07:12:34",475756,CPY2210111,2022-09-14,"2022-09-14 16:09:13",114,General,Posted,,,dbabu@alhabib.om
TAG2200493,2022-03-15,"2022-03-22 07:12:34",475755,CPY2210110,2022-09-14,"2022-09-14 16:07:34",225,General,Posted,,,dbabu@alhabib.om
TAG2200493,2022-03-15,"2022-03-22 07:12:34",475754,CPY2210109,2022-09-14,"2022-09-14 16:06:28",112.5,General,Posted,,,dbabu@alhabib.om
TAG2200493,2022-03-15,"2022-03-22 07:12:34",475753,CPY2210108,2022-09-14,"2022-09-14 16:02:16",37.5,Rent,Posted,2022-03-07,2022-03-15,dbabu@alhabib.om
TAG2200493,2022-03-15,"2022-03-22 07:12:34",475752,CPY2210107,2022-09-14,"2022-09-14 16:00:31",25,Rent,Posted,2022-03-01,2022-03-06,dbabu@alhabib.om
TAG2200541,2022-07-15,"2022-08-03 09:02:41",475704,CPY2210067,2022-08-28,"2022-09-12 16:51:08",108,General,Posted,,,wasif.ahmed@alhabib.om
TAG2100554,2021-03-31,"2021-04-11 07:52:40",475156,CAR2201574,2022-09-04,"2022-09-04 14:11:48",300,General,Posted,,,dbabu@alhabib.om
TAG2100554,2021-03-31,"2021-04-11 07:52:40",475155,CAR2201573,2022-09-04,"2022-09-04 14:09:51",380,Rent,Posted,2021-02-27,2021-03-31,dbabu@alhabib.om
TAG2101444,2019-02-10,"2019-02-10 00:00:00",475103,CPY2209545,2022-08-29,"2022-09-01 08:33:11",204,Rent,Posted,2019-01-02,2019-01-21,sirajm@alhabib.om
TAG2100554,2021-03-31,"2021-04-11 07:52:40",475080,CAR2201558,2022-08-31,"2022-08-31 14:16:01",1500,Rent,Posted,2020-10-15,2021-02-26,dbabu@alhabib.om
TAG2200148,2022-05-31,"2022-06-14 07:03:46",475064,CPY2209517,2022-08-29,"2022-08-30 16:04:45",30,Rent,Posted,2022-03-13,2022-03-20,sirajm@alhabib.om
TAG2200148,2022-05-31,"2022-06-14 07:03:46",475063,CPY2209516,2022-08-30,"2022-08-30 16:02:55",170,Rent,Posted,2022-02-01,2022-03-12,salamr@alhabib.om
TAG2100939,2021-07-31,"2021-08-22 10:57:20",475017,CPY2209484,2022-08-28,"2022-08-29 09:51:15",1264,Rent,Posted,2021-05-01,2021-05-31,hatem.alamri@alhabib.om
TAG1600341,2020-08-31,"2020-09-16 09:40:35",474941,CPY2209426,2022-08-25,"2022-08-25 14:47:56",450,Rent,Posted,2019-11-06,2019-11-21,sirajm@alhabib.om
TAG2100369,2021-03-09,"2021-03-26 10:38:25",474938,CPY2209425,2022-08-25,"2022-08-25 14:45:35",250,Rent,Posted,2019-05-11,2019-05-22,dbabu@alhabib.om
TAG2100554,2021-03-31,"2021-04-11 07:52:40",474910,CAR2201501,2022-08-24,"2022-08-24 11:38:22",500,Rent,Posted,2020-09-01,2020-10-14,dbabu@alhabib.om
TAG2003058,2021-05-31,"2021-06-09 08:02:38",474862,CAR2201498,2022-08-23,"2022-08-23 16:27:18",250,Rent,Posted,2020-10-01,2020-11-07,dbabu@alhabib.om
TAG1304166,2014-06-15,"2008-03-31 00:00:00",474853,CPY2209362,2022-01-01,"2022-08-22 16:24:17",3088,Rent,Pending,2013-12-01,2014-11-30,sirajm@alhabib.om
TAG2003365,2020-09-30,"2021-01-19 17:15:48",474816,CPY2209339,2022-08-02,"2022-08-18 16:36:30",200,Rent,Posted,2020-06-03,2020-06-14,sirajm@alhabib.om
TAG2201000,2022-06-30,"2022-07-17 08:38:48",474811,CPY2209334,2022-08-08,"2022-08-18 16:14:51",575,Rent,Posted,2022-06-01,2022-06-30,sirajm@alhabib.om
TAG2002075,2020-08-20,"2020-09-02 11:16:34",474807,CPY2209330,2022-08-11,"2022-08-18 16:11:34",210,Rent,Posted,2020-06-01,2020-06-14,sirajm@alhabib.om
TAG1901408,2019-10-31,"2008-03-31 00:00:00",474699,CPY2209223,2022-08-15,"2022-08-17 15:43:16",200,Rent,Posted,2019-08-02,2019-08-06,hatem.alamri@alhabib.om
TAG2101429,2022-04-24,"2022-05-03 10:53:30",474377,CPY2208918,2022-08-01,"2022-08-15 14:46:28",224.398,General,Posted,,,wasif.ahmed@alhabib.om
TAG2101429,2022-04-24,"2022-05-03 10:53:30",474375,CPY2208916,2022-08-01,"2022-08-15 14:43:17",1620,Rent,Posted,2021-07-25,2022-04-24,wasif.ahmed@alhabib.om
TAG2200965,2022-06-30,"2022-07-25 07:57:14",474173,CPY2208747,2022-08-09,"2022-08-09 09:56:22",450,Rent,Posted,2022-06-10,2022-06-30,wasif.ahmed@alhabib.om
TAG2200965,2022-06-30,"2022-07-25 07:57:14",474157,CPY2208731,2022-08-09,"2022-08-09 09:54:00",32.5,General,Posted,,,wasif.ahmed@alhabib.om
TAG2200965,2022-06-30,"2022-07-25 07:57:14",474143,CAR2201428,2022-08-09,"2022-08-09 09:52:06",200,Rent,Posted,2022-06-01,2022-06-09,dbabu@alhabib.om
TAG2200407,2022-07-31,"2022-08-09 07:39:15",474064,CAR2201425,2022-08-09,"2022-08-09 08:50:52",30,General,Posted,,,dbabu@alhabib.om
TAG2201117,2022-07-31,"2022-08-07 11:21:01",473983,CAR2201411,2022-08-07,"2022-08-07 12:51:42",205,General,Posted,,,dbabu@alhabib.om
TAG2101254,2021-12-31,"2022-02-07 15:18:11",473829,CAR2201402,2022-08-04,"2022-08-04 12:06:40",130,Rent,Posted,2021-12-01,2021-12-31,dbabu@alhabib.om
TAG2101254,2021-12-31,"2022-02-07 15:18:11",473825,CAR2201401,2022-08-04,"2022-08-04 11:53:35",27.3,General,Posted,,,dbabu@alhabib.om
TAG2101254,2021-12-31,"2022-02-07 15:18:11",473823,CAR2201400,2022-08-04,"2022-08-04 11:52:30",130,Rent,Posted,2021-11-01,2021-11-30,dbabu@alhabib.om
TAG2101254,2021-12-31,"2022-02-07 15:18:11",473822,CAR2201399,2022-08-04,"2022-08-04 11:52:06",90,Rent,Posted,2021-10-10,2021-10-31,dbabu@alhabib.om
TAG2200482,2022-04-15,"2022-05-17 19:45:47",473811,CPY2208418,2022-07-26,"2022-08-04 10:27:48",120,General,Posted,,,wasif.ahmed@alhabib.om
TAG2100939,2021-07-31,"2021-08-22 10:57:20",473731,CPY2208340,2022-08-01,"2022-08-04 09:37:13",1264,Rent,Posted,2021-04-01,2021-04-30,salamr@alhabib.om
TAG2200660,2022-05-31,"2022-07-12 10:51:39",473697,CPY2208310,2022-08-02,"2022-08-03 15:37:18",130,Rent,Posted,2022-05-16,2022-05-31,salamr@alhabib.om
TAG2200417,2022-06-30,"2022-07-12 10:54:00",473675,CPY2208298,2022-07-01,"2022-08-02 15:21:46",130,Rent,Posted,2022-06-01,2022-06-30,sirajm@alhabib.om
TAG1600341,2020-08-31,"2020-09-16 09:40:35",473639,CPY2208274,2022-07-31,"2022-08-01 10:16:34",450,Rent,Posted,2019-10-20,2019-11-05,sirajm@alhabib.om
TAG2200483,2022-06-30,"2022-06-26 10:11:37",473615,CAR2201353,2022-07-27,"2022-07-27 16:43:17",125,Rent,Posted,2022-06-01,2022-06-30,dbabu@alhabib.om
TAG2200148,2022-05-31,"2022-06-14 07:03:46",473559,CPY2208219,2022-07-21,"2022-07-27 11:07:41",50,General,Posted,,,wasif.ahmed@alhabib.om
TAG2200482,2022-04-15,"2022-05-17 19:45:47",473538,CPY2208201,2022-07-24,"2022-07-26 15:01:37",340,Rent,Posted,2022-02-16,2022-04-15,hatem.alamri@alhabib.om
TAG2100369,2021-03-09,"2021-03-26 10:38:25",473474,CAR2201335,2022-07-25,"2022-07-25 15:55:09",250,Rent,Posted,2019-04-30,2019-05-10,dbabu@alhabib.om
TAG1901408,2019-10-31,"2008-03-31 00:00:00",473435,CPY2208107,2022-07-17,"2022-07-25 12:48:29",200,Rent,Posted,2019-07-28,2019-08-01,salamr@alhabib.om
TAG2200482,2022-04-15,"2022-05-17 19:45:47",473262,CAR2201329,2022-07-25,"2022-07-25 11:46:43",205,General,Posted,,,dbabu@alhabib.om
TAG2101444,2019-02-10,"2019-02-10 00:00:00",473251,CPY2207927,2022-07-21,"2022-07-25 08:50:41",204,Rent,Posted,2018-12-13,2019-01-01,sirajm@alhabib.om
TAG2101818,2022-07-31,"2022-07-20 15:17:19",473013,CAR2201322,2022-07-24,"2022-07-24 09:31:59",66,General,Posted,,,dbabu@alhabib.om
TAG2101818,2022-07-31,"2022-07-20 15:17:19",473012,CAR2201321,2022-07-24,"2022-07-24 09:29:27",105,Rent,Posted,2022-07-16,2022-07-31,dbabu@alhabib.om
TAG2003365,2020-09-30,"2021-01-19 17:15:48",472991,CPY2207677,2022-07-01,"2022-07-21 10:49:59",200,Rent,Posted,2020-05-21,2020-06-02,sirajm@alhabib.om
TAG2002077,2020-08-11,"2020-08-12 21:37:15",472493,CPY2207250,2022-07-01,"2022-07-07 14:52:15",1289.164,General,Posted,,,wasif.ahmed@alhabib.om
TAG2002077,2020-08-11,"2020-08-12 21:37:15",472492,CPY2207249,2022-07-01,"2022-07-07 14:48:28",1975,Rent,Posted,2019-12-16,2020-08-11,wasif.ahmed@alhabib.om
TAG2200303,2022-01-31,"2022-02-15 15:37:01",472377,CAR2201198,2022-07-03,"2022-07-03 10:01:21",45,Rent,Posted,2022-01-20,2022-01-31,dbabu@alhabib.om
TAG2101444,2019-02-10,"2019-02-10 00:00:00",472348,CPY2207155,2022-06-26,"2022-06-30 16:45:49",204,Rent,Posted,2018-11-23,2018-12-12,sirajm@alhabib.om
TAG1600341,2020-08-31,"2020-09-16 09:40:35",472344,CPY2207151,2022-06-26,"2022-06-30 16:26:04",450,Rent,Posted,2019-10-04,2019-10-19,sirajm@alhabib.om
TAG2200173,2022-01-27,"2022-02-03 16:20:05",472342,CPY2207149,2022-06-30,"2022-06-30 16:18:47",575,General,Posted,,,sirajm@alhabib.om
TAG2100939,2021-07-31,"2021-08-22 10:57:20",472261,CPY2207087,2022-06-28,"2022-06-29 11:04:29",1264,Rent,Posted,2021-03-01,2021-03-31,hatem.alamri@alhabib.om
TAG2101444,2019-02-10,"2019-02-10 00:00:00",472234,CPY2207060,2022-06-26,"2022-06-29 10:28:15",204,Rent,Posted,2018-11-03,2018-11-22,hatem.alamri@alhabib.om
TAG2101978,2022-06-30,"2022-06-26 08:23:06",472174,CPY2207018,2022-06-12,"2022-06-26 14:17:41",50,General,Posted,,,dbabu@alhabib.om
TAG2101978,2022-06-30,"2022-06-26 08:23:06",472173,CAR2201158,2022-06-26,"2022-06-26 14:16:12",230,General,Posted,,,dbabu@alhabib.om
TAG2100369,2021-03-09,"2021-03-26 10:38:25",472168,CAR2201155,2022-06-26,"2022-06-26 11:49:52",250,Rent,Posted,2019-04-15,2019-04-29,dbabu@alhabib.om
TAG1901408,2019-10-31,"2008-03-31 00:00:00",472011,CPY2206866,2022-06-15,"2022-06-23 11:29:18",200,Rent,Posted,2019-07-23,2019-07-27,salamr@alhabib.om
TAG2200846,2022-05-12,"2022-05-30 11:54:19",471912,CPY2206768,2022-06-09,"2022-06-22 15:03:31",2278.934,General,Posted,,,sirajm@alhabib.om
TAG2200399,2022-03-31,"2022-04-04 21:32:56",471867,CPY2206725,2022-05-31,"2022-06-21 10:45:49",26,General,Posted,,,wasif.ahmed@alhabib.om
TAG2200798,2022-05-31,"2022-06-02 17:06:43",471859,CPY2206717,2022-05-31,"2022-06-21 09:32:17",10.5,General,Posted,,,wasif.ahmed@alhabib.om
TAG2101740,2021-10-15,"2021-10-31 10:50:44",471851,CPY2206711,2022-06-01,"2022-06-20 16:49:45",43,General,Posted,,,wasif.ahmed@alhabib.om
TAG1600341,2020-08-31,"2020-09-16 09:40:35",471834,CPY2206699,2022-05-31,"2022-06-19 12:26:23",450,Rent,Posted,2019-09-16,2019-10-03,wasif.ahmed@alhabib.om
TAG1602483,2017-01-31,"2008-03-31 00:00:00",471276,CAR2201063,2022-06-08,"2022-06-08 15:33:04",200,Rent,Posted,2016-10-19,2016-11-05,dbabu@alhabib.om
TAG2200569,2022-05-31,"2022-06-01 10:52:39",471078,CAR2201054,2022-06-07,"2022-06-07 16:13:11",55.5,General,Posted,,,dbabu@alhabib.om
TAG2200489,2022-05-15,"2022-05-17 19:46:53",471051,CAR2201047,2022-06-06,"2022-06-06 16:52:20",159,General,Posted,,,dbabu@alhabib.om
TAG2200489,2022-05-15,"2022-05-17 19:46:53",471050,CAR2201046,2022-06-06,"2022-06-06 16:51:12",220,Rent,Posted,2022-02-16,2022-03-26,dbabu@alhabib.om
TAG2200303,2022-01-31,"2022-02-15 15:37:01",471026,CAR2201030,2022-06-05,"2022-06-05 12:08:29",80,Rent,Posted,2022-01-01,2022-01-19,dbabu@alhabib.om
TAG2101826,2021-12-31,"2022-02-15 15:26:59",471025,CAR2201029,2022-06-05,"2022-06-05 12:07:24",45,Rent,Posted,2021-12-20,2021-12-31,dbabu@alhabib.om
TAG1700719,2017-06-30,"2008-03-31 00:00:00",470956,CAR2200993,2022-05-31,"2022-05-31 16:24:04",1870,Rent,Posted,2017-05-30,2017-06-30,dbabu@alhabib.om
TAG2003365,2020-09-30,"2021-01-19 17:15:48",470952,CPY2205964,2022-05-31,"2022-05-31 15:33:02",200,Rent,Posted,2020-04-26,2020-05-20,sirajm@alhabib.om
TAG2100369,2021-03-09,"2021-03-26 10:38:25",470709,CAR2200950,2022-05-25,"2022-05-25 12:24:13",250,Rent,Posted,2019-04-04,2019-04-14,dbabu@alhabib.om
TAG2200574,2022-03-31,"2022-04-26 11:35:22",470707,CAR2200949,2022-05-25,"2022-05-25 12:13:29",350,General,Posted,,,dbabu@alhabib.om
TAG2200574,2022-03-31,"2022-04-26 11:35:22",470706,CAR2200948,2022-05-25,"2022-05-25 12:11:42",475,Rent,Posted,2022-03-01,2022-03-31,dbabu@alhabib.om
TAG2001946,2020-07-31,"2020-08-11 22:42:23",470683,CPY2205746,2022-05-16,"2022-05-24 16:35:34",386,General,Posted,,,dbabu@alhabib.om
TAG1600341,2020-08-31,"2020-09-16 09:40:35",470624,CPY2205691,2022-04-25,"2022-05-23 09:37:37",450,Rent,Posted,2019-08-30,2019-09-15,sirajm@alhabib.om
TAG2100277,2021-03-15,"2021-04-11 07:54:55",470616,CPY2205683,2022-05-19,"2022-05-23 09:04:41",550,Rent,Posted,2021-02-11,2021-03-10,hatem.alamri@alhabib.om
TAG2101444,2019-02-10,"2019-02-10 00:00:00",470597,CPY2205664,2022-05-17,"2022-05-23 08:52:11",204,Rent,Posted,2018-10-14,2018-11-02,hatem.alamri@alhabib.om
TAG2101411,2022-04-30,"2022-05-03 10:54:35",470503,CPY2205580,2022-05-21,"2022-05-21 10:11:20",505.2,General,Posted,,,sirajm@alhabib.om
TAG2003410,2020-12-29,"2021-01-04 11:27:39",470501,CPY2205578,2022-05-10,"2022-05-20 17:09:31",117,Rent,Posted,2020-12-22,2021-01-11,sirajm@alhabib.om
TAG2003786,2022-04-08,"2022-04-27 16:09:44",470470,CPY2205555,2022-05-17,"2022-05-18 08:02:57",296.925,General,Posted,,,sirajm@alhabib.om
TAG1901408,2019-10-31,"2008-03-31 00:00:00",470459,CPY2205546,2022-05-15,"2022-05-17 10:13:41",200,Rent,Posted,2019-07-18,2019-07-22,hatem.alamri@alhabib.om
TAG2101896,2022-04-15,"2022-04-20 20:46:03",470446,CPY2205533,2022-05-15,"2022-05-17 10:13:40",300,Rent,Posted,2022-03-16,2022-04-15,hatem.alamri@alhabib.om
TAG2100552,2021-03-31,"2021-04-26 10:02:01",470265,CAR2200911,2022-05-16,"2022-05-16 09:13:34",500,Rent,Posted,2020-04-21,2020-05-03,dbabu@alhabib.om
TAG2001036,2020-11-30,"2020-11-30 00:00:00",470160,CAR2200905,2022-05-15,"2022-05-15 14:22:29",480,Rent,Posted,2020-10-01,2020-11-30,dbabu@alhabib.om
TAG2101826,2021-12-31,"2022-02-15 15:26:59",470155,CAR2200902,2022-05-15,"2022-05-15 11:13:44",125,Rent,Posted,2021-11-20,2021-12-19,dbabu@alhabib.om
TAG1700719,2017-06-30,"2008-03-31 00:00:00",469637,CPY2204766,2022-05-09,"2022-05-09 17:15:26",200,Rent,Posted,2017-05-27,2017-05-29,dbabu@alhabib.om
TAG1702686,2017-12-31,"2008-03-31 00:00:00",469636,CPY2204765,2022-05-09,"2022-05-09 17:10:01",1000,Rent,Posted,2017-09-21,2017-12-31,dbabu@alhabib.om
TAG2101669,2021-12-15,"2022-01-12 08:12:44",469635,CAR2200874,2022-05-09,"2022-05-09 17:05:09",250,General,Posted,,,dbabu@alhabib.om
TAG2101826,2021-12-31,"2022-02-15 15:26:59",469607,CAR2200852,2022-05-08,"2022-05-08 15:11:47",125,Rent,Posted,2021-10-20,2021-11-19,dbabu@alhabib.om
TAG2100369,2021-03-09,"2021-03-26 10:38:25",469577,CAR2200830,2022-04-28,"2022-04-28 13:45:19",250,Rent,Posted,2019-03-23,2019-04-03,dbabu@alhabib.om
TAG2101925,2022-05-31,"2022-04-26 09:13:47",469500,CPY2204688,2022-04-26,"2022-04-27 09:27:46",1950,Rent,Posted,2022-01-21,2022-05-30,salamr@alhabib.om
TAG2101925,2022-05-31,"2022-04-26 09:13:47",469499,CPY2204687,2022-04-26,"2022-04-27 09:23:24",443.25,General,Posted,,,sirajm@alhabib.om
TAG2200072,2022-03-31,"2022-04-10 12:40:25",469457,CPY2204645,2022-04-19,"2022-04-26 15:46:18",28.75,General,Posted,,,sirajm@alhabib.om
TAG2200056,2022-04-30,"2022-04-26 09:09:16",469409,CPY2204606,2022-04-25,"2022-04-26 09:15:09",75,General,Posted,,,dbabu@alhabib.om
TAG2200055,2022-03-31,"2022-04-15 10:56:17",469348,CAR2200799,2022-04-25,"2022-04-25 10:53:46",23.6,General,Posted,,,dbabu@alhabib.om
TAG1901408,2019-10-31,"2008-03-31 00:00:00",469333,CPY2204542,2022-04-17,"2022-04-25 08:58:15",200,Rent,Posted,2019-07-13,2019-07-17,salamr@alhabib.om
TAG2101896,2022-04-15,"2022-04-20 20:46:03",469125,CPY2204342,2022-04-20,"2022-04-21 14:59:53",12.8,General,Posted,,,dbabu@alhabib.om
TAG2200072,2022-03-31,"2022-04-10 12:40:25",469088,CAR2200775,2022-04-20,"2022-04-20 12:24:01",340,General,Posted,,,dbabu@alhabib.om
TAG2200392,2022-03-31,"2022-04-10 12:42:31",469072,CPY2204306,2022-03-03,"2022-04-19 13:20:29",8.75,General,Posted,,,wasif.ahmed@alhabib.om
TAG2101254,2021-12-31,"2022-02-07 15:18:11",468772,CAR2200730,2022-04-12,"2022-04-12 09:39:55",40,Rent,Posted,2021-10-01,2021-10-09,dbabu@alhabib.om
TAG2100503,2022-03-31,"2022-04-04 21:36:05",468768,CAR2200726,2022-04-11,"2022-04-11 14:17:08",108,General,Posted,,,dbabu@alhabib.om
TAG2200392,2022-03-31,"2022-04-10 12:42:31",468715,CAR2200716,2022-04-10,"2022-04-10 14:20:04",65.6,General,Posted,,,dbabu@alhabib.om
TAG2200380,2022-02-28,"2022-03-29 08:38:05",468653,CPY2203944,2022-04-05,"2022-04-10 12:56:33",250,Rent,Posted,2022-02-01,2022-02-28,salamr@alhabib.om
TAG1903961,2019-12-31,"2019-12-31 00:00:00",468515,CAR2200700,2022-04-10,"2022-04-10 09:23:14",10,General,Posted,,,dbabu@alhabib.om
TAG1903961,2019-12-31,"2019-12-31 00:00:00",468514,CAR2200699,2022-04-10,"2022-04-10 09:22:08",291,Rent,Posted,2019-12-01,2019-12-31,dbabu@alhabib.om
TAG2101840,2022-03-31,"2022-03-29 08:19:22",468255,CPY2203580,2022-04-03,"2022-04-05 12:07:14",169.7,General,Posted,,,sirajm@alhabib.om
TAG2101840,2022-03-31,"2022-03-29 08:19:22",468254,CAR2200678,2022-04-05,"2022-04-05 12:04:02",210,Rent,Posted,2022-03-01,2022-03-31,dbabu@alhabib.om
TAG2002611,2020-08-31,"2020-11-15 18:21:33",468250,CPY2203579,2022-04-05,"2022-04-05 10:42:09",500,Rent,Posted,2020-06-17,2020-07-23,dbabu@alhabib.om
TAG2101051,2022-02-28,"2022-03-29 08:27:12",468243,CAR2200670,2022-04-05,"2022-04-05 09:36:00",10.1,General,Posted,,,dbabu@alhabib.om
TAG2200065,2022-01-13,"2022-01-17 15:06:04",468233,CAR2200663,2022-04-04,"2022-04-04 11:15:43",220,General,Posted,,,dbabu@alhabib.om
TAG2101826,2021-12-31,"2022-02-15 15:26:59",468232,CAR2200662,2022-04-04,"2022-04-04 11:06:15",80,Rent,Posted,2021-10-01,2021-10-19,dbabu@alhabib.om
TAG2101400,2021-08-15,"2021-08-18 09:33:32",468211,CAR2200651,2022-04-03,"2022-04-03 12:41:58",300,Rent,Posted,2018-10-19,2018-11-07,dbabu@alhabib.om
TAG2003410,2020-12-29,"2021-01-04 11:27:39",468199,CPY2203553,2022-03-30,"2022-04-03 10:33:28",117,Rent,Posted,2020-12-01,2020-12-21,sirajm@alhabib.om
TAG2003365,2020-09-30,"2021-01-19 17:15:48",468196,CPY2203550,2022-03-30,"2022-04-03 10:30:55",200,Rent,Posted,2020-04-13,2020-04-25,sirajm@alhabib.om
TAG2003756,2021-09-30,"2021-10-30 12:15:35",468195,CAR2200649,2022-04-03,"2022-04-03 10:07:37",200,General,Posted,,,dbabu@alhabib.om
TAG2003756,2021-09-30,"2021-10-30 12:15:35",468194,CAR2200648,2022-04-03,"2022-04-03 10:05:54",670,Rent,Posted,2021-02-01,2021-02-28,dbabu@alhabib.om
TAG1600341,2020-08-31,"2020-09-16 09:40:35",468186,CPY2203544,2022-03-27,"2022-04-01 16:51:21",400,Rent,Posted,2019-08-15,2019-08-29,sirajm@alhabib.om
TAG2102085,2022-02-28,"2022-03-16 07:43:34",468158,CAR2200633,2022-03-31,"2022-03-31 11:15:10",120,Rent,Posted,2022-02-01,2022-02-28,dbabu@alhabib.om
TAG2100369,2021-03-09,"2021-03-26 10:38:25",468148,CAR2200626,2022-03-30,"2022-03-30 16:30:18",250,Rent,Posted,2019-03-12,2019-03-22,dbabu@alhabib.om
TAG2101549,2022-01-31,"2022-03-06 15:56:51",468014,CPY2203420,2022-03-16,"2022-03-26 13:06:02",316.5,General,Posted,,,dbabu@alhabib.om
TAG2101549,2022-01-31,"2022-03-06 15:56:51",468013,CPY2203419,2022-03-16,"2022-03-26 12:57:05",862.5,Rent,Posted,2021-12-16,2022-01-30,sirajm@alhabib.om
TAG2101444,2019-02-10,"2019-02-10 00:00:00",468012,CPY2203418,2022-03-20,"2022-03-26 12:55:31",87,Rent,Posted,2018-10-05,2018-10-13,sirajm@alhabib.om
TAG1900760,2019-02-28,"2008-03-31 00:00:00",468005,CAR2200597,2022-03-24,"2022-03-24 16:35:38",50,Rent,Posted,2019-02-24,2019-02-28,dbabu@alhabib.om
TAG1900760,2019-02-28,"2008-03-31 00:00:00",468004,CAR2200596,2022-03-24,"2022-03-24 16:35:09",80,Rent,Posted,2019-02-17,2019-02-23,dbabu@alhabib.om
TAG1900760,2019-02-28,"2008-03-31 00:00:00",468003,CAR2200595,2022-03-24,"2022-03-24 16:34:18",80,Rent,Posted,2019-02-10,2019-02-16,dbabu@alhabib.om
TAG1900760,2019-02-28,"2008-03-31 00:00:00",468002,CAR2200594,2022-03-24,"2022-03-24 16:33:26",80,Rent,Posted,2019-02-04,2019-02-09,dbabu@alhabib.om
TAG1900760,2019-02-28,"2008-03-31 00:00:00",468001,CAR2200593,2022-03-24,"2022-03-24 16:32:33",80,Rent,Posted,2019-01-29,2019-02-03,dbabu@alhabib.om
TAG1601743,2017-05-15,"2008-03-31 00:00:00",467974,CAR2200584,2022-03-23,"2022-03-23 15:26:21",255,General,Posted,,,dbabu@alhabib.om
TAG1601743,2017-05-15,"2008-03-31 00:00:00",467973,CAR2200583,2022-03-23,"2022-03-23 15:24:50",230,Rent,Posted,2017-02-16,2017-03-03,dbabu@alhabib.om
TAG1902418,2020-09-15,"2020-09-25 21:16:45",467958,CPY2203386,2022-03-01,"2022-03-22 17:39:43",336,General,Posted,,,wasif.ahmed@alhabib.om
TAG1902418,2020-09-15,"2020-09-25 21:16:45",467957,CPY2203385,2022-03-01,"2022-03-22 17:38:00",7264,Rent,Posted,2020-03-16,2020-05-31,wasif.ahmed@alhabib.om
TAG2001562,2020-05-31,"2008-03-31 00:00:00",467956,CPY2203384,2022-03-01,"2022-03-22 17:21:01",100,Rent,Posted,2020-05-27,2020-05-31,wasif.ahmed@alhabib.om
TAG2100504,2021-09-15,"2021-09-29 08:29:04",467943,CPY2203373,2022-03-21,"2022-03-22 16:20:25",81.25,Rent,Posted,2021-08-22,2021-08-29,wasif.ahmed@alhabib.om
TAG2100504,2021-09-15,"2021-09-29 08:29:04",467872,CPY2203304,2022-03-21,"2022-03-22 09:25:58",65,Rent,Posted,2021-08-16,2021-08-21,wasif.ahmed@alhabib.om
TAG1901408,2019-10-31,"2008-03-31 00:00:00",467721,CPY2203175,2022-03-15,"2022-03-17 12:02:17",200,Rent,Posted,2019-07-08,2019-07-12,hatem.alamri@alhabib.om
TAG2003410,2020-12-29,"2021-01-04 11:27:39",467604,CPY2203059,2020-03-01,"2022-03-17 08:22:10",117,Rent,Posted,2020-11-10,2020-11-30,sirajm@alhabib.om
TAG2003365,2020-09-30,"2021-01-19 17:15:48",467603,CPY2203058,2022-03-01,"2022-03-17 08:21:17",200,Rent,Posted,2020-04-01,2020-04-12,sirajm@alhabib.om
TAG2200132,2019-03-21,"2022-01-30 20:27:10",467599,CPY2203054,2022-03-13,"2022-03-16 19:02:55",2850,Rent,Posted,2018-05-11,2019-03-21,sirajm@alhabib.om
TAG1901651,2018-11-10,"2008-03-31 00:00:00",467295,CAR2200522,2022-03-13,"2022-03-13 16:51:31",110,Rent,Posted,2018-11-01,2018-11-10,dbabu@alhabib.om
TAG1902529,2018-09-18,"2018-09-18 00:00:00",467294,CAR2200521,2022-03-13,"2022-03-13 16:49:56",200,Rent,Posted,2018-09-01,2018-09-18,dbabu@alhabib.om
TAG2200006,2018-04-26,"2018-04-26 00:00:00",467293,CAR2200520,2022-03-13,"2022-03-13 16:45:34",275,Rent,Posted,2018-04-01,2018-04-26,dbabu@alhabib.om
TAG2200005,2019-07-31,"2022-01-04 12:36:54",467292,CAR2200519,2022-03-13,"2022-03-13 16:44:21",245,Rent,Posted,2018-06-01,2018-06-23,dbabu@alhabib.om
TAG1804333,2018-12-31,"2008-03-31 00:00:00",467291,CAR2200518,2022-03-13,"2022-03-13 16:43:08",245,Rent,Posted,2018-06-01,2018-06-23,dbabu@alhabib.om
TAG1900760,2019-02-28,"2008-03-31 00:00:00",467259,CPY2202768,2022-03-10,"2022-03-10 08:20:19",80,Rent,Posted,2019-01-23,2019-01-28,dbabu@alhabib.om
TAG1900760,2019-02-28,"2008-03-31 00:00:00",467258,CPY2202767,2022-03-10,"2022-03-10 08:18:24",80,Rent,Posted,2019-01-16,2019-01-22,dbabu@alhabib.om
TAG2101400,2021-08-15,"2021-08-18 09:33:32",467252,CPY2202761,2022-03-07,"2022-03-09 18:04:36",247,General,Posted,,,sirajm@alhabib.om
TAG1902778,2020-06-30,"2020-06-30 00:00:00",467185,CAR2200487,2022-03-09,"2022-03-09 10:25:50",43,General,Posted,,,dbabu@alhabib.om
TAG1902778,2020-06-30,"2020-06-30 00:00:00",467184,CAR2200486,2022-03-09,"2022-03-09 10:12:39",100,Rent,Posted,2020-06-28,2020-06-30,dbabu@alhabib.om
TAG1902778,2020-06-30,"2020-06-30 00:00:00",467183,CAR2200485,2022-03-09,"2022-03-09 10:08:28",150,Rent,Posted,2020-06-13,2020-06-27,dbabu@alhabib.om
TAG2100254,2022-02-15,"2022-03-01 11:43:41",467176,CAR2200482,2022-03-08,"2022-03-08 16:41:51",30,General,Posted,,,dbabu@alhabib.om
TAG2200132,2019-03-21,"2022-01-30 20:27:10",466715,CPY2202277,2022-01-25,"2022-03-06 09:15:36",829,General,Posted,,,sirajm@alhabib.om
TAG2003556,2021-12-31,"2022-01-04 10:09:42",466713,CPY2202276,2022-01-05,"2022-03-06 09:12:18",394.5,General,Posted,,,sirajm@alhabib.om
TAG1600341,2020-08-31,"2020-09-16 09:40:35",466704,CPY2202269,2022-02-27,"2022-03-04 17:31:27",400,Rent,Posted,2019-07-31,2019-08-14,sirajm@alhabib.om
TAG2101542,2022-02-28,"2022-03-01 12:15:58",466695,CPY2202260,2022-02-16,"2022-03-04 17:17:59",200,Rent,Posted,2022-02-01,2022-02-28,sirajm@alhabib.om
TAG2101540,2022-02-28,"2022-03-01 12:15:47",466694,CPY2202259,2022-02-16,"2022-03-04 17:16:54",550,Rent,Posted,2022-02-01,2022-02-28,sirajm@alhabib.om
TAG2001562,2020-05-31,"2008-03-31 00:00:00",466687,CPY2202252,2022-02-01,"2022-03-04 16:45:32",100,Rent,Posted,2020-05-22,2020-05-26,sirajm@alhabib.om
TAG2003410,2020-12-29,"2021-01-04 11:27:39",466685,CPY2202250,2022-02-01,"2022-03-04 16:40:15",117,Rent,Posted,2020-10-20,2020-11-09,sirajm@alhabib.om
TAG1600341,2020-08-31,"2020-09-16 09:40:35",466682,CPY2202247,2022-01-25,"2022-03-04 16:36:30",400,Rent,Posted,2019-07-16,2019-07-30,sirajm@alhabib.om
TAG1903961,2019-12-31,"2019-12-31 00:00:00",466666,CAR2200433,2022-03-03,"2022-03-03 12:37:28",250,Rent,Posted,2019-11-01,2019-11-30,dbabu@alhabib.om
TAG2003788,2020-12-15,"2021-01-13 15:24:26",466662,CPY2202234,2022-02-28,"2022-03-03 11:22:02",280,Rent,Posted,2020-11-11,2020-12-15,hatem.alamri@alhabib.om
TAG2101542,2022-02-28,"2022-03-01 12:15:58",466598,CAR2200410,2022-03-02,"2022-03-02 09:12:26",117,General,Posted,,,dbabu@alhabib.om
TAG2101540,2022-02-28,"2022-03-01 12:15:47",466597,CAR2200409,2022-03-02,"2022-03-02 09:10:56",190.5,General,Posted,,,dbabu@alhabib.om
TAG2100369,2021-03-09,"2021-03-26 10:38:25",466543,CAR2200392,2022-02-28,"2022-02-28 09:20:30",250,Rent,Posted,2019-03-01,2019-03-11,dbabu@alhabib.om
TAG2101254,2021-12-31,"2022-02-07 15:18:11",466530,CAR2200383,2022-02-27,"2022-02-27 08:43:28",113,General,Posted,,,dbabu@alhabib.om
TAG1700719,2017-06-30,"2008-03-31 00:00:00",466426,CAR2200352,2022-02-21,"2022-02-21 12:32:55",400,Rent,Posted,2017-05-20,2017-05-26,dbabu@alhabib.om
TAG1901408,2019-10-31,"2008-03-31 00:00:00",466308,CPY2201975,2022-02-15,"2022-02-19 15:58:38",200,Rent,Posted,2019-07-03,2019-07-07,hatem.alamri@alhabib.om
TAG2002311,2020-10-31,"2020-11-15 18:29:03",465864,CPY2201582,2021-12-31,"2022-02-11 18:45:24",1800,Rent,Posted,2020-09-12,2020-10-31,sirajm@alhabib.om
TAG2002311,2020-10-31,"2020-11-15 18:29:03",465863,CPY2201581,2021-12-31,"2022-02-11 18:42:55",400,Rent,Posted,2020-09-01,2020-09-11,sirajm@alhabib.om
TAG2003270,2021-10-31,"2021-12-18 13:51:09",465862,CPY2201580,2021-12-31,"2022-02-11 18:35:26",600,Rent,Posted,2021-10-13,2021-10-31,sirajm@alhabib.om
TAG1903961,2019-12-31,"2019-12-31 00:00:00",465619,CAR2200254,2022-02-07,"2022-02-07 16:03:25",10,General,Posted,,,dbabu@alhabib.om
TAG1903961,2019-12-31,"2019-12-31 00:00:00",465618,CAR2200253,2022-02-07,"2022-02-07 16:02:04",250,Rent,Posted,2019-10-01,2019-10-31,dbabu@alhabib.om
TAG2101400,2021-08-15,"2021-08-18 09:33:32",465516,CAR2200232,2022-02-03,"2022-02-03 12:49:41",150,Rent,Posted,2018-10-09,2018-10-18,dbabu@alhabib.om
TAG2101400,2021-08-15,"2021-08-18 09:33:32",465515,CPY2201287,2022-02-03,"2022-02-03 12:47:50",450,Rent,Posted,2018-09-09,2018-10-08,dbabu@alhabib.om
TAG2101059,2022-01-31,"2022-01-30 20:30:35",465512,CAR2200231,2022-02-03,"2022-02-03 10:35:30",253.7,General,Posted,,,dbabu@alhabib.om
TAG2003654,2021-12-31,"2022-01-31 11:13:06",465305,CAR2200219,2022-02-01,"2022-02-01 11:35:36",43.8,General,Posted,,,dbabu@alhabib.om
TAG2102107,2021-11-30,"2021-12-26 14:54:09",465297,CPY2201085,2022-02-01,"2022-02-01 11:21:10",165,Rent,Posted,2021-11-01,2021-11-30,salamr@alhabib.om
TAG2003788,2020-12-15,"2021-01-13 15:24:26",465273,CPY2201078,2022-01-30,"2022-01-31 10:27:48",280,Rent,Posted,2020-10-06,2020-11-10,salamr@alhabib.om
TAG2000603,2021-01-15,"2021-01-15 00:00:00",465228,CPY2201046,2022-01-02,"2022-01-30 12:42:49",200,Rent,Posted,2020-12-17,2021-01-15,wasif.ahmed@alhabib.om
TAG2000603,2021-01-15,"2021-01-15 00:00:00",465227,CPY2201045,2020-11-29,"2022-01-30 12:38:14",200,Rent,Pending,2020-12-16,2020-12-16,wasif.ahmed@alhabib.om
TAG1900754,2020-01-31,"2008-03-31 00:00:00",465155,CAR2200163,2022-01-25,"2022-01-25 11:51:56",500,Rent,Posted,2020-01-21,2020-01-31,dbabu@alhabib.om
TAG2101400,2021-08-15,"2021-08-18 09:33:32",464995,CAR2200129,2022-01-18,"2022-01-18 15:55:24",360,Rent,Posted,2018-08-16,2018-09-08,dbabu@alhabib.om
TAG1901542,2021-04-30,"2021-07-12 11:51:40",464992,CPY2200869,2022-01-17,"2022-01-18 12:28:34",598,General,Posted,,,sirajm@alhabib.om
TAG1901542,2021-04-30,"2021-07-12 11:51:40",464991,CPY2200868,2022-01-17,"2022-01-18 12:24:11",1020,Rent,Posted,2021-03-01,2021-04-30,sirajm@alhabib.om
TAG1901408,2019-10-31,"2008-03-31 00:00:00",464980,CPY2200859,2022-01-16,"2022-01-18 08:11:32",200,Rent,Posted,2019-06-28,2019-07-02,salamr@alhabib.om
TAG2101400,2021-08-15,"2021-08-18 09:33:32",464747,CAR2200122,2022-01-17,"2022-01-17 11:48:52",450,Rent,Posted,2018-07-16,2018-08-15,dbabu@alhabib.om
TAG2100552,2021-03-31,"2021-04-26 10:02:01",464744,CAR2200119,2022-01-17,"2022-01-17 11:32:42",10,General,Posted,,,dbabu@alhabib.om
TAG2100552,2021-03-31,"2021-04-26 10:02:01",464743,CAR2200118,2022-01-17,"2022-01-17 11:04:02",1000,Rent,Posted,2020-04-26,2020-04-20,dbabu@alhabib.om
TAG2101382,2021-11-15,"2021-12-29 16:44:36",464725,CAR2200108,2022-01-16,"2022-01-16 08:45:45",99.3,General,Posted,,,dbabu@alhabib.om
TAG2100552,2021-03-31,"2021-04-26 10:02:01",464460,CAR2200099,2022-01-12,"2022-01-12 12:08:02",311,General,Posted,,,dbabu@alhabib.om
TAG2100552,2021-03-31,"2021-04-26 10:02:01",464459,CAR2200098,2022-01-12,"2022-01-12 12:05:35",119,General,Posted,,,dbabu@alhabib.om
TAG1902778,2020-06-30,"2020-06-30 00:00:00",464458,CAR2200097,2022-01-12,"2022-01-12 11:15:25",150,Rent,Posted,2020-06-12,2020-06-12,dbabu@alhabib.om
TAG1902778,2020-06-30,"2020-06-30 00:00:00",464456,CAR2200095,2022-01-12,"2022-01-12 11:05:31",150,Rent,Posted,2020-06-11,2020-06-11,dbabu@alhabib.om
TAG2003270,2021-10-31,"2021-12-18 13:51:09",464446,CPY2200361,2022-01-02,"2022-01-11 10:20:58",752.213,General,Posted,,,wasif.ahmed@alhabib.om
TAG2003270,2021-10-31,"2021-12-18 13:51:09",464445,CPY2200360,2022-01-02,"2022-01-11 10:16:24",25,General,Posted,,,wasif.ahmed@alhabib.om
TAG1903961,2019-12-31,"2019-12-31 00:00:00",464440,CAR2200087,2022-01-10,"2022-01-10 15:32:47",250,Rent,Posted,2019-09-01,2019-09-30,dbabu@alhabib.om
TAG2101168,2021-11-15,"2021-11-18 08:12:07",464396,CPY2117860,2021-12-31,"2022-01-06 17:59:59",105,General,Posted,,,wasif.ahmed@alhabib.om
TAG2101168,2021-11-15,"2021-11-18 08:12:07",464395,CPY2117859,2021-12-31,"2022-01-06 17:54:59",65,Rent,Posted,2021-11-01,2021-11-15,wasif.ahmed@alhabib.om
TAG2001023,2021-03-31,"2021-05-19 09:52:59",464393,CPY2117857,2021-12-22,"2022-01-06 17:43:38",300,Rent,Posted,2020-12-05,2021-02-13,wasif.ahmed@alhabib.om
TAG2003853,2021-12-31,"2021-12-15 17:15:54",464392,CPY2117856,2021-12-16,"2022-01-06 17:36:32",165,Rent,Posted,2021-12-01,2021-12-31,wasif.ahmed@alhabib.om
TAG2100270,2021-12-31,"2022-01-04 09:24:56",464123,CPY2200095,2022-01-02,"2022-01-05 11:57:57",365,Rent,Posted,2022-01-01,2022-01-31,hatem.alamri@alhabib.om
TAG2001036,2020-11-30,"2020-11-30 00:00:00",464087,CAR2200037,2022-01-05,"2022-01-05 11:40:21",480,Rent,Posted,2020-08-01,2020-09-30,dbabu@alhabib.om
TAG2003410,2020-12-29,"2021-01-04 11:27:39",464029,CPY2200006,2022-01-02,"2022-01-05 07:42:44",117,Rent,Posted,2020-09-29,2020-10-19,sirajm@alhabib.om
TAG2001562,2020-05-31,"2008-03-31 00:00:00",464028,CPY2200005,2022-01-02,"2022-01-04 17:43:34",100,Rent,Posted,2020-05-08,2020-05-21,sirajm@alhabib.om
TAG1600341,2020-08-31,"2020-09-16 09:40:35",464026,CPY2200003,2022-01-02,"2022-01-04 17:41:16",400,Rent,Posted,2019-07-01,2019-07-15,sirajm@alhabib.om
TAG2003183,2021-11-30,"2021-12-26 08:31:46",464007,CAR2200017,2022-01-03,"2022-01-04 13:58:38",40,General,Posted,,,dbabu@alhabib.om
TAG2100270,2021-12-31,"2022-01-04 09:24:56",464004,CAR2200014,2022-01-02,"2022-01-04 13:40:04",32.8,General,Posted,,,dbabu@alhabib.om
TAG2101188,2021-12-31,"2022-01-04 09:15:35",464002,CAR2200012,2022-01-02,"2022-01-04 13:35:37",174.1,General,Posted,,,dbabu@alhabib.om
TAG2002799,2020-10-08,"2020-10-12 11:01:47",463961,CPY2117853,2020-10-20,"2022-01-02 12:13:46",1150,Rent,Pending,2020-04-09,2020-10-08,wasif.ahmed@alhabib.om
TAG2002799,2020-10-08,"2020-10-12 11:01:47",463959,CPY2117851,2020-09-13,"2022-01-02 11:56:50",240,Rent,Pending,2020-03-01,2020-04-08,wasif.ahmed@alhabib.om
TAG2003788,2020-12-15,"2021-01-13 15:24:26",463890,CPY2117806,2021-12-28,"2021-12-28 14:34:31",280,Rent,Posted,2020-09-01,2020-10-05,hatem.alamri@alhabib.om
TAG1902778,2020-06-30,"2020-06-30 00:00:00",463882,CAR2103149,2021-12-28,"2021-12-28 12:54:05",150,Rent,Posted,2020-05-11,2020-06-10,dbabu@alhabib.om
TAG1902778,2020-06-30,"2020-06-30 00:00:00",463881,CAR2103148,2021-12-28,"2021-12-28 12:53:12",150,Rent,Posted,2020-04-11,2020-05-10,dbabu@alhabib.om
TAG1900754,2020-01-31,"2008-03-31 00:00:00",463813,CAR2103133,2021-12-26,"2021-12-26 11:49:30",500,Rent,Posted,2020-01-10,2020-01-20,dbabu@alhabib.om
TAG2001507,2020-10-31,"2020-12-23 16:59:52",463801,CAR2103127,2021-12-23,"2021-12-23 11:51:52",150,Rent,Posted,2020-10-26,2020-11-04,dbabu@alhabib.om
TAG2003270,2021-10-31,"2021-12-18 13:51:09",463771,CPY2117712,2021-12-15,"2021-12-22 15:24:45",300,General,Posted,,,wasif.ahmed@alhabib.om
TAG2003445,2021-12-24,"2021-12-05 18:22:11",463716,CPY2117665,2021-12-20,"2021-12-20 15:36:24",385,Rent,Posted,2021-11-25,2021-12-24,hatem.alamri@alhabib.om
TAG2003853,2021-12-31,"2021-12-15 17:15:54",463696,CPY2117646,2021-12-19,"2021-12-20 09:24:41",165,Rent,Posted,2021-11-01,2021-11-30,hatem.alamri@alhabib.om
TAG1901408,2019-10-31,"2008-03-31 00:00:00",463683,CPY2117633,2021-12-16,"2021-12-20 08:40:18",200,Rent,Posted,2019-06-23,2019-06-27,hatem.alamri@alhabib.om
TAG2101990,2021-11-30,"2021-12-08 18:07:31",463565,CPY2117515,2021-12-09,"2021-12-19 15:28:02",213.625,General,Posted,,,sirajm@alhabib.om
TAG2101990,2021-11-30,"2021-12-08 18:07:31",463564,CPY2117514,2021-12-09,"2021-12-19 15:25:34",250,Rent,Posted,2021-11-01,2021-11-30,sirajm@alhabib.om
TAG2004115,2021-11-30,"2021-12-08 18:08:09",463563,CPY2117513,2021-12-08,"2021-12-19 15:22:33",104.3,General,Posted,,,sirajm@alhabib.om
TAG2004115,2021-11-30,"2021-12-08 18:08:09",463562,CPY2117512,2021-12-08,"2021-12-19 15:14:47",625,Rent,Posted,2021-09-16,2021-11-30,sirajm@alhabib.om
TAG2001562,2020-05-31,"2008-03-31 00:00:00",463558,CPY2117510,2021-12-01,"2021-12-19 12:52:21",100,Rent,Posted,2020-04-24,2020-05-07,sirajm@alhabib.om
TAG2003410,2020-12-29,"2021-01-04 11:27:39",463557,CPY2117509,2021-12-01,"2021-12-19 12:50:25",117,Rent,Posted,2020-09-08,2020-09-28,sirajm@alhabib.om
TAG2003876,2021-11-15,"2021-11-03 09:07:06",463539,CAR2103110,2021-12-16,"2021-12-16 14:17:36",11.5,General,Posted,,,dbabu@alhabib.om
TAG2100552,2021-03-31,"2021-04-26 10:02:01",463479,CAR2103100,2021-12-15,"2021-12-15 17:16:03",1000,Rent,Posted,2020-02-28,2020-03-25,dbabu@alhabib.om
TAG2100044,2021-04-30,"2021-04-30 00:00:00",463282,CPY2117261,2021-12-12,"2021-12-14 09:29:12",1290,Rent,Posted,2021-12-01,2022-02-28,hatem.alamri@alhabib.om
TAG2000065,2020-12-31,"2021-03-02 11:58:55",463149,CAR2103071,2021-12-12,"2021-12-12 12:54:28",300,Rent,Posted,2020-12-21,2020-12-31,dbabu@alhabib.om
TAG2100133,2021-05-31,"2021-06-22 19:58:43",462688,CAR2103035,2021-12-07,"2021-12-07 08:32:24",65,General,Posted,,,dbabu@alhabib.om
TAG2100133,2021-05-31,"2021-06-22 19:58:43",462687,CAR2103034,2021-12-07,"2021-12-07 08:31:25",135,Rent,Posted,2021-05-01,2021-05-31,dbabu@alhabib.om
TAG1602483,2017-01-31,"2008-03-31 00:00:00",462629,CAR2103008,2021-12-02,"2021-12-02 15:47:08",100,Rent,Posted,2016-10-10,2016-10-18,dbabu@alhabib.om
TAG1700719,2017-06-30,"2008-03-31 00:00:00",462621,CAR2103005,2021-12-02,"2021-12-02 12:16:38",400,Rent,Posted,2017-05-13,2017-05-19,dbabu@alhabib.om
TAG1700719,2017-06-30,"2008-03-31 00:00:00",462620,CAR2103004,2021-12-02,"2021-12-02 12:15:52",400,Rent,Posted,2017-05-07,2017-05-12,dbabu@alhabib.om
TAG2003788,2020-12-15,"2021-01-13 15:24:26",462608,CPY2116677,2021-11-30,"2021-12-01 14:09:15",280,Rent,Posted,2020-07-27,2020-08-31,hatem.alamri@alhabib.om
TAG1600341,2020-08-31,"2020-09-16 09:40:35",462514,CPY2116592,2021-11-25,"2021-11-30 15:06:50",400,Rent,Posted,2019-06-16,2019-06-30,sirajm@alhabib.om
TAG1900760,2019-02-28,"2008-03-31 00:00:00",462499,CAR2102977,2021-11-25,"2021-11-25 11:43:46",80,Rent,Posted,2019-01-09,2019-01-15,dbabu@alhabib.om
TAG1901339,2020-01-31,"2008-03-31 00:00:00",462474,CPY2116567,2021-11-24,"2021-11-24 16:35:39",385,General,Posted,,,dbabu@alhabib.om
TAG1901339,2020-01-31,"2008-03-31 00:00:00",462467,CAR2102972,2021-11-24,"2021-11-24 15:27:21",490,Rent,Posted,2019-12-04,2020-01-31,dbabu@alhabib.om
TAG2101296,2021-08-31,"2021-09-20 07:50:05",462463,CAR2102970,2021-11-24,"2021-11-24 14:22:17",65.6,General,Posted,,,dbabu@alhabib.om
TAG1901339,2020-01-31,"2008-03-31 00:00:00",462430,CAR2102962,2021-11-23,"2021-11-23 15:17:28",700,Rent,Posted,2019-09-12,2019-12-03,dbabu@alhabib.om
TAG2101444,2019-02-10,"2019-02-10 00:00:00",462386,CPY2116491,2021-11-22,"2021-11-23 14:54:03",204,General,Posted,,,sirajm@alhabib.om
TAG1900754,2020-01-31,"2008-03-31 00:00:00",462370,CAR2102958,2021-11-23,"2021-11-23 12:47:29",500,Rent,Posted,2019-12-30,2020-01-09,dbabu@alhabib.om
TAG1901339,2020-01-31,"2008-03-31 00:00:00",462354,CAR2102949,2021-11-22,"2021-11-22 14:19:19",410,Rent,Posted,2019-07-26,2019-09-11,dbabu@alhabib.om
TAG1901339,2020-01-31,"2008-03-31 00:00:00",462272,CAR2102945,2021-11-21,"2021-11-21 12:34:12",1000,Rent,Posted,2019-04-01,2019-07-25,dbabu@alhabib.om
TAG2003250,2021-10-14,"2021-10-31 10:51:52",462263,CAR2102938,2021-11-18,"2021-11-18 11:08:29",107.2,General,Posted,,,dbabu@alhabib.om
TAG2003411,2020-12-29,"2021-01-04 11:36:59",462248,CPY2116382,2021-10-31,"2021-11-17 11:32:17",55,General,Posted,,,sirajm@alhabib.om
TAG1901408,2019-10-31,"2008-03-31 00:00:00",462224,CPY2116360,2021-11-15,"2021-11-16 16:08:05",200,Rent,Posted,2019-06-18,2019-06-22,hatem.alamri@alhabib.om
TAG2003382,2021-10-31,"2021-11-15 08:32:42",462153,CPY2116289,2021-11-15,"2021-11-16 15:10:59",1350,Rent,Posted,2021-08-01,2021-10-31,salamr@alhabib.om
TAG2000065,2020-12-31,"2021-03-02 11:58:55",462082,CAR2102918,2021-11-15,"2021-11-15 11:39:40",300,Rent,Posted,2020-12-11,2020-12-20,dbabu@alhabib.om
TAG2003370,2021-10-31,"2021-11-15 08:32:53",462021,CPY2116170,2021-11-15,"2021-11-15 10:47:36",395,Rent,Posted,2021-10-01,2021-10-31,salamr@alhabib.om
TAG2003411,2020-12-29,"2021-01-04 11:36:59",462018,CPY2116169,2021-10-31,"2021-11-15 09:22:42",245,General,Posted,,,sirajm@alhabib.om
TAG2003410,2020-12-29,"2021-01-04 11:27:39",462017,CPY2116168,2021-11-01,"2021-11-15 09:15:50",117,Rent,Posted,2020-08-18,2020-09-07,sirajm@alhabib.om
TAG2001562,2020-05-31,"2008-03-31 00:00:00",462016,CPY2116167,2021-11-01,"2021-11-15 09:15:09",100,Rent,Posted,2020-04-10,2020-04-23,sirajm@alhabib.om
TAG2002920,2021-10-31,"2021-11-11 09:02:05",461926,CAR2102912,2021-11-14,"2021-11-14 15:18:37",39.9,General,Posted,,,dbabu@alhabib.om
TAG2003788,2020-12-15,"2021-01-13 15:24:26",461307,CPY2115556,2021-11-01,"2021-11-02 10:43:48",280,Rent,Posted,2020-06-22,2020-07-26,hatem.alamri@alhabib.om
TAG1903961,2019-12-31,"2019-12-31 00:00:00",461286,CAR2102813,2021-11-01,"2021-11-01 16:20:24",250,Rent,Posted,2019-08-01,2019-08-31,dbabu@alhabib.om
TAG1903961,2019-12-31,"2019-12-31 00:00:00",461285,CAR2102812,2021-11-01,"2021-11-01 16:19:57",250,Rent,Posted,2019-07-01,2019-07-31,dbabu@alhabib.om
TAG1902778,2020-06-30,"2020-06-30 00:00:00",461265,CAR2102802,2021-11-01,"2021-11-01 12:32:24",150,Rent,Posted,2020-03-28,2020-04-10,dbabu@alhabib.om
TAG1902553,2020-03-25,"2020-08-18 21:24:50",461231,CPY2115520,2021-08-31,"2021-10-30 12:43:58",290,Rent,Pending,2020-01-01,2020-03-25,sirajm@alhabib.om
TAG1900270,2019-12-31,"2008-03-31 00:00:00",461196,CPY2115487,2021-10-18,"2021-10-28 17:28:44",1360,Rent,Posted,2019-08-05,2019-12-30,wasif.ahmed@alhabib.om
TAG2001562,2020-05-31,"2008-03-31 00:00:00",461195,CPY2115486,2021-10-03,"2021-10-28 17:25:23",100,Rent,Posted,2020-03-27,2020-04-09,wasif.ahmed@alhabib.om
TAG2003410,2020-12-29,"2021-01-04 11:27:39",461193,CPY2115484,2021-10-03,"2021-10-28 17:22:07",117,Rent,Posted,2020-07-28,2020-08-17,wasif.ahmed@alhabib.om
TAG2003411,2020-12-29,"2021-01-04 11:36:59",461192,CPY2115483,2021-10-03,"2021-10-28 17:21:22",190,Rent,Posted,2020-11-29,2020-12-30,wasif.ahmed@alhabib.om
TAG2100552,2021-03-31,"2021-04-26 10:02:01",461179,CPY2115472,2021-10-17,"2021-10-28 16:44:18",300,General,Posted,,,wasif.ahmed@alhabib.om
TAG1600341,2020-08-31,"2020-09-16 09:40:35",461168,CPY2115461,2021-10-25,"2021-10-28 16:22:11",400,Rent,Posted,2019-06-01,2019-06-15,wasif.ahmed@alhabib.om
TAG1900760,2019-02-28,"2008-03-31 00:00:00",461088,CAR2102754,2021-10-26,"2021-10-26 15:26:15",80,Rent,Posted,2019-01-02,2019-01-08,dbabu@alhabib.om
TAG1900760,2019-02-28,"2008-03-31 00:00:00",461087,CAR2102753,2021-10-26,"2021-10-26 15:25:29",80,Rent,Posted,2018-12-26,2019-01-01,dbabu@alhabib.om
TAG1900754,2020-01-31,"2008-03-31 00:00:00",461084,CAR2102750,2021-10-26,"2021-10-26 12:29:54",500,Rent,Posted,2019-12-19,2019-12-29,dbabu@alhabib.om
TAG2101704,2021-09-30,"2021-10-11 11:08:57",460983,CAR2102727,2021-10-20,"2021-10-20 11:56:10",85,Rent,Posted,2021-09-16,2021-09-30,dbabu@alhabib.om
TAG1901408,2019-10-31,"2008-03-31 00:00:00",460978,CPY2115318,2021-10-17,"2021-10-20 09:29:51",200,Rent,Posted,2019-06-13,2019-06-17,hatem.alamri@alhabib.om
TAG1900270,2019-12-31,"2008-03-31 00:00:00",460780,CPY2115131,2020-07-21,"2021-10-17 13:01:03",600,Rent,Pending,2019-06-01,2019-08-04,wasif.ahmed@alhabib.om
TAG2000065,2020-12-31,"2021-03-02 11:58:55",460728,CAR2102700,2021-10-14,"2021-10-14 12:26:17",300,Rent,Posted,2020-12-01,2020-12-10,dbabu@alhabib.om
TAG2000444,2021-01-31,"2021-02-19 13:28:15",460200,CPY2114599,2021-10-05,"2021-10-11 11:05:52",120,Rent,Posted,2021-01-16,2021-01-31,hatem.alamri@alhabib.om
TAG2002874,2021-08-31,"2021-09-29 08:31:05",460087,CAR2102663,2021-10-10,"2021-10-10 14:57:58",90,General,Posted,,,dbabu@alhabib.om
TAG2101285,2021-08-31,"2021-09-29 08:30:49",460086,CAR2102662,2021-10-10,"2021-10-10 14:56:05",56.2,General,Posted,,,dbabu@alhabib.om
TAG2001507,2020-10-31,"2020-12-23 16:59:52",460023,CAR2102622,2021-10-05,"2021-10-05 14:56:49",150,Rent,Posted,2020-10-16,2020-10-25,dbabu@alhabib.om
TAG2001831,2020-07-17,"2020-07-17 20:35:14",460010,CPY2114460,2021-01-01,"2021-10-04 12:39:14",443,Rent,Pending,2020-05-01,2020-07-17,sirajm@alhabib.om
TAG2003057,2021-09-15,"2021-09-20 07:49:49",459970,CPY2114424,2021-09-29,"2021-09-30 16:12:41",145,Rent,Posted,2021-09-01,2021-09-16,hatem.alamri@alhabib.om
TAG2002593,2021-08-31,"2021-09-09 14:19:21",459966,CAR2102610,2021-09-30,"2021-09-30 14:46:22",66.6,General,Posted,,,dbabu@alhabib.om
TAG2003788,2020-12-15,"2021-01-13 15:24:26",459952,CPY2114416,2021-09-28,"2021-09-29 15:44:01",160,Rent,Posted,2020-06-01,2020-06-21,hatem.alamri@alhabib.om
TAG1702839,2019-06-30,"2008-03-31 00:00:00",459934,CPY2114400,2021-09-20,"2021-09-29 14:03:47",1000,Rent,Posted,2018-11-01,2019-02-28,sirajm@alhabib.om
TAG1600341,2020-08-31,"2020-09-16 09:40:35",459926,CPY2114392,2021-09-27,"2021-09-29 12:54:36",400,Rent,Posted,2019-05-17,2019-05-31,sirajm@alhabib.om
TAG2100055,2021-02-28,"2021-03-10 10:21:58",459912,CPY2114382,2021-08-31,"2021-09-29 09:54:23",500,General,Posted,,,sirajm@alhabib.om
TAG2100438,2021-08-31,"2021-09-18 11:52:02",459905,CAR2102593,2021-09-28,"2021-09-28 16:06:49",41.2,General,Posted,,,dbabu@alhabib.om
TAG2100910,2021-06-30,"2021-07-16 17:20:40",459902,CPY2114375,2021-08-31,"2021-09-28 15:35:13",60,General,Posted,,,sirajm@alhabib.om
TAG2003187,2021-07-31,"2021-08-18 09:33:17",459885,CAR2102583,2021-09-27,"2021-09-27 16:13:05",160.8,General,Posted,,,sirajm@alhabib.om
TAG1902778,2020-06-30,"2020-06-30 00:00:00",459787,CAR2102564,2021-09-26,"2021-09-26 11:38:40",150,Rent,Posted,2020-03-15,2020-03-27,dbabu@alhabib.om
TAG1902778,2020-06-30,"2020-06-30 00:00:00",459786,CAR2102563,2021-09-26,"2021-09-26 11:36:39",150,Rent,Posted,2020-03-01,2020-03-14,dbabu@alhabib.om
TAG1900754,2020-01-31,"2008-03-31 00:00:00",459785,CAR2102562,2021-09-26,"2021-09-26 10:37:46",500,Rent,Posted,2019-12-07,2019-12-18,wasif.ahmed@alhabib.om
TAG2002019,2021-08-31,"2021-09-15 11:04:23",459782,CAR2102559,2021-09-26,"2021-09-26 10:18:40",105.5,General,Posted,,,dbabu@alhabib.om
TAG1802720,2018-12-31,"2008-03-31 00:00:00",459770,CPY2114283,2020-10-13,"2021-09-23 15:44:04",450,Rent,Posted,2018-11-10,2018-11-30,wasif.ahmed@alhabib.om
TAG1802720,2018-12-31,"2008-03-31 00:00:00",459769,CPY2114282,2020-09-29,"2021-09-23 15:42:10",200,Rent,Posted,2018-11-01,2018-11-09,wasif.ahmed@alhabib.om
TAG2000116,2020-12-31,"2021-01-19 17:16:44",459768,CPY2114281,2020-09-13,"2021-09-23 15:32:04",250,Rent,Posted,2020-12-01,2020-12-31,wasif.ahmed@alhabib.om
TAG2000116,2020-12-31,"2021-01-19 17:16:44",459767,CPY2114280,2020-07-12,"2021-09-23 15:31:04",250,Rent,Posted,2020-11-01,2020-11-30,wasif.ahmed@alhabib.om
TAG1901726,2020-05-31,"2008-03-31 00:00:00",459742,CAR2102542,2021-09-23,"2021-09-23 11:05:57",23.5,General,Posted,,,dbabu@alhabib.om
TAG2101150,2021-07-31,"2021-08-15 12:27:54",459723,CPY2114249,2021-09-01,"2021-09-22 12:17:34",10.5,General,Posted,,,wasif.ahmed@alhabib.om
TAG2100939,2021-07-31,"2021-08-22 10:57:20",459719,CPY2114245,2021-08-30,"2021-09-22 11:35:11",678,General,Posted,,,hatem.alamri@alhabib.om
TAG1902149,2020-06-15,"2020-07-20 20:38:06",459716,CPY2114243,2021-01-01,"2021-09-22 11:18:34",283,Rent,Pending,2020-06-01,2020-06-15,sirajm@alhabib.om
TAG1700142,2017-06-22,"2017-06-22 00:00:00",459704,CAR2102536,2021-09-22,"2021-09-22 09:08:57",700,Rent,Posted,2017-03-01,2017-04-30,dbabu@alhabib.om
TAG1103305,2011-12-31,"2008-03-31 00:00:00",459696,CPY2114233,2021-01-01,"2021-09-21 16:28:49",392,Rent,Pending,2011-11-13,2011-12-31,sirajm@alhabib.om
TAG2001891,2021-05-31,"2021-06-29 15:30:13",459690,CAR2102527,2021-09-21,"2021-09-21 15:12:37",63.8,General,Posted,,,dbabu@alhabib.om
TAG2100552,2021-03-31,"2021-04-26 10:02:01",459651,CPY2114191,2021-09-20,"2021-09-21 08:46:45",1000,Rent,Posted,2020-02-01,2020-02-27,hatem.alamri@alhabib.om
TAG2000382,2022-11-15,"2020-08-24 00:00:00",459634,CPY2114175,2021-09-20,"2021-09-20 12:56:21",5812.5,Rent,Posted,2020-07-17,2020-08-24,sirajm@alhabib.om
TAG2001691,2020-11-15,"2020-11-23 21:16:48",459632,CPY2114173,2020-11-19,"2021-09-20 11:50:13",175,Rent,Posted,2020-10-16,2020-11-15,wasif.ahmed@alhabib.om
TAG1700592,2017-03-13,"2008-03-31 00:00:00",459630,CPY2114171,2021-01-01,"2021-09-20 11:10:54",715.6,Rent,Pending,2017-02-10,2017-03-13,sirajm@alhabib.om
TAG1403913,2014-11-30,"2008-03-31 00:00:00",459628,CPY2114170,2021-07-31,"2021-09-20 09:11:51",3933,Rent,Posted,2014-10-04,2014-11-30,sirajm@alhabib.om
TAG1901421,2020-03-31,"2020-07-24 21:06:42",459621,CPY2114167,2020-12-31,"2021-09-19 16:09:01",800,Rent,Posted,2020-03-13,2020-03-31,wasif.ahmed@alhabib.om
TAG1403665,2014-10-31,"2008-03-31 00:00:00",459609,CPY2114156,2021-07-31,"2021-09-19 11:14:56",4291,Rent,Posted,2014-02-01,2014-10-31,sirajm@alhabib.om
TAG1804182,2019-12-31,"2008-03-31 00:00:00",459608,CPY2114155,2020-11-04,"2021-09-19 11:13:24",270,Rent,Posted,2019-11-01,2019-12-31,wasif.ahmed@alhabib.om
TAG1801873,2020-02-17,"2008-03-31 00:00:00",459607,CPY2114154,2021-06-30,"2021-09-19 11:10:28",504,Rent,Posted,2019-10-22,2020-02-17,sirajm@alhabib.om
TAG1600210,2015-12-31,"2008-03-31 00:00:00",459606,CPY2114153,2021-01-31,"2021-09-19 11:02:24",5445,Rent,Posted,2015-01-01,2015-12-31,sirajm@alhabib.om
TAG2003980,2021-01-31,"2021-02-09 20:13:35",459605,CPY2114152,2021-01-31,"2021-09-19 10:58:12",240,Rent,Posted,2021-01-01,2021-01-31,sirajm@alhabib.om
TAG1903963,2019-12-31,"2020-08-11 22:38:05",459599,CPY2114147,2021-07-31,"2021-09-16 16:41:04",3000,Rent,Posted,2019-02-24,2019-12-31,wasif.ahmed@alhabib.om
TAG2100994,2021-09-15,"2021-09-15 00:00:00",459503,CAR2102514,2021-09-16,"2021-09-16 09:43:01",240,Rent,Posted,2021-08-16,2021-09-15,dbabu@alhabib.om
TAG2003099,2021-08-31,"2021-09-15 11:04:05",459502,CAR2102513,2021-09-16,"2021-09-16 08:30:02",17.5,General,Posted,,,dbabu@alhabib.om
TAG2000065,2020-12-31,"2021-03-02 11:58:55",459375,CAR2102504,2021-09-14,"2021-09-14 14:19:52",300,Rent,Posted,2020-11-21,2020-11-30,dbabu@alhabib.om
TAG2100044,2021-04-30,"2021-04-30 00:00:00",459208,CPY2113783,2021-09-12,"2021-09-13 10:36:58",1290,Rent,Posted,2021-09-01,2021-11-30,hatem.alamri@alhabib.om
TAG2100801,2021-07-31,"2021-08-08 16:26:44",459154,CAR2102488,2021-09-13,"2021-09-13 10:05:42",10,General,Posted,,,dbabu@alhabib.om
TAG2100520,2021-04-30,"2021-05-19 09:50:30",459149,CAR2102484,2021-09-13,"2021-09-13 09:45:43",14.25,General,Posted,,,dbabu@alhabib.om
TAG2100801,2021-07-31,"2021-08-08 16:26:44",459143,CAR2102478,2021-09-13,"2021-09-13 09:12:31",10,General,Posted,,,dbabu@alhabib.om
TAG2101222,2021-08-31,"2021-08-11 21:21:51",459139,CAR2102474,2021-09-13,"2021-09-13 09:03:06",15,General,Posted,,,dbabu@alhabib.om
TAG1903068,2019-09-30,"2008-03-31 00:00:00",459133,CAR2102469,2021-09-12,"2021-09-12 16:12:31",55,General,Posted,,,dbabu@alhabib.om
TAG1903068,2019-09-30,"2008-03-31 00:00:00",459132,CAR2102468,2021-09-12,"2021-09-12 16:10:28",100,General,Posted,,,dbabu@alhabib.om
TAG1903068,2019-09-30,"2008-03-31 00:00:00",459131,CAR2102467,2021-09-12,"2021-09-12 16:06:42",460,General,Posted,,,dbabu@alhabib.om
TAG1903068,2019-09-30,"2008-03-31 00:00:00",459130,CAR2102466,2021-09-12,"2021-09-12 16:03:12",700,Rent,Posted,2019-08-21,2019-09-30,dbabu@alhabib.om
TAG2003671,2020-12-31,"2021-01-05 10:37:07",459057,CAR2102455,2021-09-12,"2021-09-12 10:40:54",250,Rent,Posted,2020-12-01,2020-12-31,dbabu@alhabib.om
TAG1902165,2020-06-30,"2020-07-26 21:15:25",459019,CAR2102448,2021-09-09,"2021-09-09 16:18:44",200,Rent,Posted,2020-06-01,2020-06-30,dbabu@alhabib.om
TAG2000444,2021-01-31,"2021-02-19 13:28:15",458894,CPY2113516,2021-09-05,"2021-09-09 12:35:39",150,Rent,Posted,2020-12-26,2021-01-15,hatem.alamri@alhabib.om
TAG1900760,2019-02-28,"2008-03-31 00:00:00",458821,CAR2102431,2021-09-08,"2021-09-08 09:50:09",80,Rent,Posted,2018-12-19,2018-12-25,dbabu@alhabib.om
TAG1900760,2019-02-28,"2008-03-31 00:00:00",458820,CAR2102430,2021-09-08,"2021-09-08 09:49:06",80,Rent,Posted,2018-12-11,2018-12-18,dbabu@alhabib.om
TAG1900760,2019-02-28,"2008-03-31 00:00:00",458819,CAR2102429,2021-09-08,"2021-09-08 09:48:05",80,Rent,Posted,2018-12-04,2018-12-10,dbabu@alhabib.om
TAG1900760,2019-02-28,"2008-03-31 00:00:00",458818,CAR2102428,2021-09-08,"2021-09-08 09:44:43",40,Rent,Posted,2018-12-02,2018-12-03,dbabu@alhabib.om
TAG1700719,2017-06-30,"2008-03-31 00:00:00",458660,CPY2113311,2020-11-30,"2021-09-06 15:15:07",4850,Rent,Pending,2017-02-17,2017-05-06,wasif.ahmed@alhabib.om
TAG1902529,2018-09-18,"2018-09-18 00:00:00",458605,CPY2113260,2021-08-30,"2021-09-06 11:39:52",380,General,Posted,,,wasif.ahmed@alhabib.om
TAG1902529,2018-09-18,"2018-09-18 00:00:00",458603,CPY2113259,2021-08-30,"2021-09-06 11:30:35",640,Rent,Posted,2018-07-01,2018-08-31,wasif.ahmed@alhabib.om
TAG2000908,2020-09-30,"2020-10-27 16:28:18",458587,CPY2113248,2020-08-10,"2021-09-05 12:11:49",600,Rent,Pending,2020-07-01,2020-09-30,wasif.ahmed@alhabib.om
TAG1902555,2020-07-31,"2008-03-31 00:00:00",458586,CPY2113247,2020-08-24,"2021-09-05 12:07:34",190,Rent,Pending,2020-07-01,2020-07-31,wasif.ahmed@alhabib.om
TAG1902555,2020-07-31,"2008-03-31 00:00:00",458585,CPY2113246,2020-08-24,"2021-09-05 12:07:14",190,Rent,Pending,2020-06-01,2020-06-30,wasif.ahmed@alhabib.om
TAG1902555,2020-07-31,"2008-03-31 00:00:00",458584,CPY2113245,2020-08-24,"2021-09-05 12:06:57",190,Rent,Pending,2020-05-01,2020-05-31,wasif.ahmed@alhabib.om
TAG1902555,2020-07-31,"2008-03-31 00:00:00",458583,CPY2113244,2020-08-24,"2021-09-05 12:06:45",190,Rent,Pending,2020-04-01,2020-04-30,wasif.ahmed@alhabib.om
TAG1902555,2020-07-31,"2008-03-31 00:00:00",458582,CPY2113243,2020-08-24,"2021-09-05 12:06:30",190,Rent,Pending,2020-03-01,2020-03-31,wasif.ahmed@alhabib.om
TAG2002840,2020-10-31,"2020-11-08 17:05:55",458581,CPY2113242,2020-09-30,"2021-09-05 12:03:12",180,Rent,Pending,2020-10-01,2020-10-31,wasif.ahmed@alhabib.om
TAG1602483,2017-01-31,"2008-03-31 00:00:00",458552,CAR2102389,2021-09-01,"2021-09-01 16:47:42",100,Rent,Posted,2016-10-01,2016-10-09,dbabu@alhabib.om
TAG1700717,2017-02-15,"2008-03-31 00:00:00",458551,CPY2113228,2021-08-31,"2021-09-01 14:52:14",1000,Rent,Posted,2017-01-16,2017-02-15,wasif.ahmed@alhabib.om
TAG1700078,2017-01-15,"2008-03-31 00:00:00",458550,CPY2113227,2021-08-31,"2021-09-01 14:51:05",1200,Rent,Posted,2016-12-16,2017-01-15,wasif.ahmed@alhabib.om
TAG2001562,2020-05-31,"2008-03-31 00:00:00",458546,CPY2113226,2021-08-03,"2021-09-01 11:07:42",100,Rent,Posted,2020-03-13,2020-03-26,sirajm@alhabib.om
TAG2003411,2020-12-29,"2021-01-04 11:36:59",458544,CPY2113224,2021-08-03,"2021-09-01 11:03:06",245,Rent,Posted,2020-10-18,2020-11-28,sirajm@alhabib.om
TAG2003410,2020-12-29,"2021-01-04 11:27:39",458541,CPY2113221,2021-08-03,"2021-09-01 10:57:26",117,Rent,Posted,2020-07-07,2020-07-27,sirajm@alhabib.om
TAG1702839,2019-06-30,"2008-03-31 00:00:00",458529,CPY2113210,2021-08-23,"2021-09-01 09:58:15",1000,Rent,Posted,2018-07-01,2018-10-31,sirajm@alhabib.om
TAG1600341,2020-08-31,"2020-09-16 09:40:35",458523,CPY2113204,2021-08-25,"2021-09-01 09:36:30",624,Rent,Posted,2019-04-24,2019-05-16,sirajm@alhabib.om
TAG2001562,2020-05-31,"2008-03-31 00:00:00",458518,CPY2113199,2021-08-30,"2021-09-01 09:23:53",100,Rent,Posted,2020-02-28,2020-03-12,sirajm@alhabib.om
TAG2003411,2020-12-29,"2021-01-04 11:36:59",458515,CPY2113197,2021-08-30,"2021-09-01 09:19:38",245,Rent,Posted,2020-09-07,2020-10-17,sirajm@alhabib.om
TAG2003410,2020-12-29,"2021-01-04 11:27:39",458513,CPY2113196,2021-08-30,"2021-09-01 09:18:42",117,Rent,Posted,2020-06-16,2020-07-06,sirajm@alhabib.om
TAG2001177,2021-03-31,"2021-04-11 07:51:52",458436,CPY2113133,2020-10-03,"2021-08-30 11:41:20",1200,Rent,Pending,2021-01-01,2021-03-31,wasif.ahmed@alhabib.om
TAG2001177,2021-03-31,"2021-04-11 07:51:52",458435,CPY2113132,2020-09-30,"2021-08-30 11:40:55",1200,Rent,Pending,2020-10-01,2020-12-31,wasif.ahmed@alhabib.om
TAG2002484,2018-09-30,"2020-09-12 11:59:19",458419,CPY2113120,2019-02-12,"2021-08-29 16:16:51",1000,Rent,Pending,2018-02-20,2018-05-10,wasif.ahmed@alhabib.om
TAG2002484,2018-09-30,"2020-09-12 11:59:19",458418,CPY2113119,2019-07-01,"2021-08-29 16:14:21",2500,Rent,Pending,2017-08-01,2018-02-19,wasif.ahmed@alhabib.om
TAG2001023,2021-03-31,"2021-05-19 09:52:59",458391,CPY2113107,2021-08-24,"2021-08-26 09:51:53",300,Rent,Posted,2020-09-26,2020-12-04,hatem.alamri@alhabib.om
TAG2000711,2021-02-28,"2021-02-14 11:19:20",458363,CPY2113084,2021-01-02,"2021-08-25 14:31:12",3120,Rent,Posted,2020-03-01,2021-02-28,sirajm@alhabib.om
TAG1900754,2020-01-31,"2008-03-31 00:00:00",458359,CAR2102341,2021-08-25,"2021-08-25 11:12:32",500,Rent,Posted,2019-11-15,2019-11-25,dbabu@alhabib.om
TAG2100125,2021-03-31,"2021-03-02 12:05:18",458358,CPY2113083,2021-04-30,"2021-08-25 10:19:26",103.1,General,Posted,,,wasif.ahmed@alhabib.om
TAG2100125,2021-03-31,"2021-03-02 12:05:18",458357,CPY2113082,2021-04-30,"2021-08-25 10:15:09",600,Rent,Posted,2021-02-01,2021-03-31,wasif.ahmed@alhabib.om
TAG1901408,2019-10-31,"2008-03-31 00:00:00",458332,CAR2102333,2021-08-23,"2021-08-23 16:10:53",100,Rent,Posted,2019-06-10,2019-06-12,dbabu@alhabib.om
TAG1901408,2019-10-31,"2008-03-31 00:00:00",458331,CAR2102332,2021-08-23,"2021-08-23 16:09:23",300,Rent,Posted,2019-06-04,2019-06-09,dbabu@alhabib.om
TAG1901408,2019-10-31,"2008-03-31 00:00:00",458330,CAR2102331,2021-08-23,"2021-08-23 16:08:18",300,Rent,Posted,2019-05-28,2019-06-03,dbabu@alhabib.om
TAG1901408,2019-10-31,"2008-03-31 00:00:00",458329,CAR2102330,2021-08-23,"2021-08-23 16:07:04",300,Rent,Posted,2019-05-22,2019-05-27,dbabu@alhabib.om
TAG1901408,2019-10-31,"2008-03-31 00:00:00",458328,CAR2102329,2021-08-23,"2021-08-23 16:06:09",300,Rent,Posted,2019-05-16,2019-05-21,dbabu@alhabib.om
TAG2100775,2021-07-31,"2021-08-11 21:24:24",458326,CPY2113064,2021-08-17,"2021-08-23 14:28:19",120,General,Posted,,,dbabu@alhabib.om
TAG2003187,2021-07-31,"2021-08-18 09:33:17",458325,CAR2102327,2021-08-23,"2021-08-23 14:10:49",94.8,General,Posted,,,dbabu@alhabib.om
TAG2002512,2020-08-31,"2020-09-14 13:09:33",458238,CAR2102318,2021-08-22,"2021-08-22 11:29:48",1200,Rent,Posted,2020-06-19,2020-08-31,dbabu@alhabib.om
TAG2003134,2020-10-31,"2020-11-08 16:58:09",458202,CPY2112953,2021-08-17,"2021-08-18 15:53:52",370,General,Posted,,,wasif.ahmed@alhabib.om
TAG2003134,2020-10-31,"2020-11-08 16:58:09",458201,CPY2112952,2021-08-17,"2021-08-18 15:48:19",3037,Rent,Posted,2020-02-01,2020-10-31,wasif.ahmed@alhabib.om
TAG2101150,2021-07-31,"2021-08-15 12:27:54",458193,CPY2112948,2021-08-04,"2021-08-17 17:15:25",210,Rent,Posted,2021-07-01,2021-07-31,hatem.alamri@alhabib.om
TAG2101291,2021-07-31,"2021-08-08 15:05:26",458081,CPY2112837,2021-08-01,"2021-08-17 15:59:17",500,Rent,Posted,2021-07-01,2021-07-31,hatem.alamri@alhabib.om
TAG2000065,2020-12-31,"2021-03-02 11:58:55",458067,CAR2102306,2021-08-17,"2021-08-17 11:34:18",300,Rent,Posted,2020-11-11,2020-11-20,dbabu@alhabib.om
TAG2002787,2021-08-10,"2021-08-10 00:00:00",458030,CPY2112795,2021-08-15,"2021-08-17 08:01:15",425,Rent,Posted,2021-07-11,2021-08-10,hatem.alamri@alhabib.om
TAG2003285,2021-07-31,"2021-08-11 21:22:41",458029,CPY2112794,2021-08-15,"2021-08-17 07:51:07",1710,Rent,Posted,2020-11-01,2021-07-31,hatem.alamri@alhabib.om
TAG1901408,2019-10-31,"2008-03-31 00:00:00",458014,CPY2112779,2021-08-15,"2021-08-17 07:50:13",300,Rent,Posted,2019-05-09,2019-05-15,hatem.alamri@alhabib.om
TAG1803476,2019-03-14,"2008-03-31 00:00:00",457952,CAR2102299,2021-08-16,"2021-08-16 15:45:00",665,Rent,Posted,2019-02-01,2019-02-28,dbabu@alhabib.om
TAG2002787,2021-08-10,"2021-08-10 00:00:00",457942,CAR2102295,2021-08-16,"2021-08-16 08:20:35",129,General,Posted,,,dbabu@alhabib.om
TAG1902732,2020-08-31,"2020-09-02 11:27:59",457924,CPY2112699,2020-07-12,"2021-08-15 15:08:07",150,Rent,Pending,2020-08-01,2020-08-31,wasif.ahmed@alhabib.om
TAG1903964,2019-12-31,"2008-03-31 00:00:00",457919,CAR2102286,2021-08-15,"2021-08-15 10:55:44",320,Rent,Posted,2019-08-08,2019-09-07,dbabu@alhabib.om
TAG1903964,2019-12-31,"2008-03-31 00:00:00",457918,CAR2102285,2021-08-15,"2021-08-15 10:55:00",320,Rent,Posted,2019-07-08,2019-08-07,dbabu@alhabib.om
TAG1903964,2019-12-31,"2008-03-31 00:00:00",457797,CPY2112583,2020-12-23,"2021-08-15 09:03:08",320,Rent,Pending,2019-06-07,2019-07-07,wasif.ahmed@alhabib.om
TAG1903964,2019-12-31,"2008-03-31 00:00:00",457796,CPY2112582,2020-11-15,"2021-08-15 09:02:00",660,Rent,Pending,2019-04-01,2019-06-06,wasif.ahmed@alhabib.om
TAG1801481,2019-03-31,"2008-03-31 00:00:00",457795,CPY2112581,2020-11-15,"2021-08-15 08:49:26",300,Rent,Pending,2019-03-01,2019-03-31,wasif.ahmed@alhabib.om
TAG1902200,2020-08-31,"2020-09-16 09:34:38",457687,CPY2112475,2021-08-09,"2021-08-15 07:43:48",75,Rent,Posted,2020-08-16,2020-08-31,hatem.alamri@alhabib.om
TAG2100839,2021-07-31,"2021-08-11 21:24:56",457667,CAR2102272,2021-08-12,"2021-08-12 10:17:43",57,General,Posted,,,dbabu@alhabib.om
TAG1902778,2020-06-30,"2020-06-30 00:00:00",457647,CAR2102267,2021-08-11,"2021-08-11 15:15:28",200,General,Posted,,,dbabu@alhabib.om
TAG1902778,2020-06-30,"2020-06-30 00:00:00",457643,CAR2102266,2021-08-11,"2021-08-11 15:08:57",162.5,Rent,Posted,2020-02-16,2020-02-29,dbabu@alhabib.om
TAG1902778,2020-06-30,"2020-06-30 00:00:00",457639,CAR2102265,2021-08-11,"2021-08-11 15:02:38",325,Rent,Posted,2020-01-16,2020-02-15,dbabu@alhabib.om
TAG1902778,2020-06-30,"2020-06-30 00:00:00",457638,CAR2102264,2021-08-11,"2021-08-11 15:02:12",325,Rent,Posted,2019-12-16,2020-01-15,dbabu@alhabib.om
TAG2100955,2021-05-31,"2021-05-30 18:33:24",457633,CPY2112437,2021-05-31,"2021-08-11 12:41:19",240,Rent,Posted,2021-05-01,2021-05-31,wasif.ahmed@alhabib.om
TAG2000444,2021-01-31,"2021-02-19 13:28:15",457509,CPY2112323,2021-08-05,"2021-08-11 08:35:56",150,Rent,Posted,2020-12-05,2020-12-25,hatem.alamri@alhabib.om
TAG2100834,2021-06-15,"2021-07-05 17:15:46",457507,CAR2102251,2021-08-10,"2021-08-10 11:01:09",180,General,Posted,,,dbabu@alhabib.om
TAG1702839,2019-06-30,"2008-03-31 00:00:00",457378,CAR2102214,2021-08-03,"2021-08-03 16:35:51",200,General,Posted,,,dbabu@alhabib.om
TAG2000382,2022-11-15,"2020-08-24 00:00:00",457352,CAR2102209,2021-08-03,"2021-08-03 11:00:10",2000,Rent,Posted,2020-07-04,2020-07-16,dbabu@alhabib.om
TAG2003729,2021-02-15,"2021-02-19 22:32:14",457272,CAR2102205,2021-08-02,"2021-08-02 14:47:38",180,General,Posted,,,dbabu@alhabib.om
TAG2001167,2020-06-30,"2008-03-31 00:00:00",457193,CAR2102202,2021-08-02,"2021-08-02 11:07:10",360,Rent,Posted,2020-05-14,2020-06-30,dbabu@alhabib.om
TAG2002485,2019-06-30,"2020-09-12 11:58:41",457166,CPY2112031,2019-11-24,"2021-08-02 10:27:34",975,Rent,Pending,2019-02-03,2019-05-02,wasif.ahmed@alhabib.om
TAG2002485,2019-06-30,"2020-09-12 11:58:41",457164,CPY2112030,2019-07-31,"2021-08-02 10:25:26",3077.27,Rent,Pending,2018-04-19,2019-02-02,wasif.ahmed@alhabib.om
TAG2100185,2021-06-15,"2021-07-27 20:53:35",457163,CAR2102199,2021-08-02,"2021-08-02 10:23:46",170,Rent,Posted,2021-05-16,2021-06-15,dbabu@alhabib.om
TAG2100186,2021-06-15,"2021-07-27 20:53:17",457162,CAR2102198,2021-08-02,"2021-08-02 10:23:21",150,Rent,Posted,2021-05-16,2021-06-15,dbabu@alhabib.om
TAG2100185,2021-06-15,"2021-07-27 20:53:35",457161,CPY2112029,2021-07-31,"2021-08-02 10:18:47",66,General,Posted,,,dbabu@alhabib.om
TAG2100186,2021-06-15,"2021-07-27 20:53:17",457160,CPY2112028,2021-07-31,"2021-08-02 10:14:38",66,General,Posted,,,dbabu@alhabib.om
TAG2100185,2021-06-15,"2021-07-27 20:53:35",457159,CPY2112027,2021-07-31,"2021-08-02 10:11:54",170,Rent,Posted,2021-04-16,2021-05-15,dbabu@alhabib.om
TAG2100186,2021-06-15,"2021-07-27 20:53:17",457158,CPY2112026,2021-07-31,"2021-08-02 10:10:59",150,Rent,Posted,2021-04-16,2021-05-15,dbabu@alhabib.om
TAG1902149,2020-06-15,"2020-07-20 20:38:06",457142,CPY2112016,2021-07-31,"2021-08-01 12:50:34",1375,Rent,Posted,2020-01-01,2020-05-31,wasif.ahmed@alhabib.om
TAG2002485,2019-06-30,"2020-09-12 11:58:41",457123,CPY2112014,2021-07-01,"2021-07-30 15:42:30",73,Rent,Posted,2018-03-29,2018-04-18,wasif.ahmed@alhabib.om
TAG1600341,2020-08-31,"2020-09-16 09:40:35",457121,CPY2112012,2021-07-01,"2021-07-30 15:31:46",400,Rent,Posted,2019-04-09,2019-04-23,sirajm@alhabib.om
TAG2003411,2020-12-29,"2021-01-04 11:36:59",457120,CPY2112011,2021-07-01,"2021-07-30 15:27:55",245,Rent,Posted,2020-07-27,2020-09-06,sirajm@alhabib.om
TAG2001562,2020-05-31,"2008-03-31 00:00:00",457119,CPY2112010,2021-07-01,"2021-07-30 15:27:09",100,Rent,Posted,2020-02-14,2020-02-27,sirajm@alhabib.om
TAG2101095,2021-06-20,"2021-07-08 16:59:42",457110,CPY2112001,2021-07-11,"2021-07-30 11:43:35",475,Rent,Posted,2021-05-21,2021-06-20,sirajm@alhabib.om
TAG1600341,2020-08-31,"2020-09-16 09:40:35",457102,CPY2111993,2021-07-26,"2021-07-30 11:24:03",400,Rent,Posted,2019-03-25,2019-04-08,sirajm@alhabib.om
TAG1702839,2019-06-30,"2008-03-31 00:00:00",457101,CPY2111992,2021-07-26,"2021-07-30 11:21:38",1000,Rent,Posted,2018-03-01,2018-06-30,sirajm@alhabib.om
TAG2000867,2021-04-15,"2021-04-07 08:56:05",457097,CPY2111988,2021-06-24,"2021-07-30 11:06:02",80,General,Posted,,,sirajm@alhabib.om
TAG2000841,2021-04-15,"2021-04-19 09:18:42",457096,CPY2111987,2021-06-24,"2021-07-30 11:04:09",180,General,Posted,,,sirajm@alhabib.om
TAG2001794,2021-06-15,"2021-07-13 17:35:31",457026,CAR2102148,2021-07-27,"2021-07-27 15:38:21",84,General,Posted,,,dbabu@alhabib.om
TAG2101219,2021-06-30,"2021-07-11 12:13:36",456964,CPY2111887,2021-07-01,"2021-07-27 11:52:54",525,Rent,Posted,2021-06-01,2021-06-30,wasif.ahmed@alhabib.om
TAG2101218,2021-06-30,"2021-07-11 12:13:25",456963,CPY2111886,2021-07-01,"2021-07-27 11:52:03",800,Rent,Posted,2021-06-01,2021-06-30,wasif.ahmed@alhabib.om
TAG2101218,2021-06-30,"2021-07-11 12:13:25",456958,CPY2111882,2021-07-01,"2021-07-27 11:46:58",800,Rent,Posted,2021-05-01,2021-05-31,wasif.ahmed@alhabib.om
TAG1901408,2019-10-31,"2008-03-31 00:00:00",456815,CPY2111746,2021-07-15,"2021-07-26 12:05:01",300,Rent,Posted,2019-05-02,2019-05-08,salamr@alhabib.om
TAG1903705,2020-11-30,"2021-01-19 17:14:55",456752,CAR2102132,2021-07-26,"2021-07-26 10:03:44",111.4,General,Posted,,,dbabu@alhabib.om
TAG2003437,2021-07-15,"2021-07-13 17:34:45",456751,CAR2102131,2021-07-26,"2021-07-26 08:59:12",36,General,Posted,,,dbabu@alhabib.om
TAG1900754,2020-01-31,"2008-03-31 00:00:00",456750,CAR2102130,2021-07-25,"2021-07-25 15:29:40",500,Rent,Posted,2019-11-04,2019-11-14,dbabu@alhabib.om
TAG2002311,2020-10-31,"2020-11-15 18:29:03",456719,CPY2111676,2021-07-14,"2021-07-15 14:03:15",1100,Rent,Posted,2020-08-01,2020-08-31,hatem.alamri@alhabib.om
TAG2000065,2020-12-31,"2021-03-02 11:58:55",456716,CAR2102108,2021-07-15,"2021-07-15 09:41:33",300,Rent,Posted,2020-11-01,2020-11-10,dbabu@alhabib.om
TAG1903961,2019-12-31,"2019-12-31 00:00:00",456439,CAR2102072,2021-07-08,"2021-07-08 14:18:40",10,General,Posted,,,dbabu@alhabib.om
TAG1903961,2019-12-31,"2019-12-31 00:00:00",456438,CAR2102071,2021-07-08,"2021-07-08 14:17:31",250,Rent,Posted,2019-06-01,2019-06-30,dbabu@alhabib.om
TAG2001688,2021-06-30,"2021-06-29 17:05:28",456433,CAR2102066,2021-07-08,"2021-07-08 11:15:33",19.2,General,Posted,,,dbabu@alhabib.om
TAG2100911,2021-05-31,"2021-05-31 00:00:00",456390,CPY2111401,2021-07-06,"2021-07-07 15:17:57",840,Rent,Posted,2021-03-01,2021-05-31,salamr@alhabib.om
TAG2001223,2020-07-10,"2020-07-20 12:18:10",456359,CPY2111372,2020-06-30,"2021-07-07 11:37:00",450,Rent,Pending,2020-06-11,2020-07-10,wasif.ahmed@alhabib.om
TAG2003083,2020-09-30,"2020-10-29 18:52:29",456358,CPY2111371,2020-09-10,"2021-07-07 11:30:47",1140,Rent,Pending,2020-07-01,2020-09-30,wasif.ahmed@alhabib.om
TAG2000444,2021-01-31,"2021-02-19 13:28:15",456231,CPY2111255,2021-07-05,"2021-07-06 15:12:43",150,Rent,Posted,2020-11-14,2020-12-04,salamr@alhabib.om
TAG1700719,2017-06-30,"2008-03-31 00:00:00",456161,CPY2111188,2021-05-31,"2021-07-05 16:03:04",400,Rent,Posted,2017-02-09,2017-02-16,wasif.ahmed@alhabib.om
TAG1702839,2019-06-30,"2008-03-31 00:00:00",456134,CPY2111163,2021-07-01,"2021-07-05 14:36:33",1000,Rent,Posted,2017-11-01,2018-02-28,salamr@alhabib.om
TAG2001136,2020-07-31,"2020-09-03 10:27:20",455983,CPY2111012,2020-09-10,"2021-07-05 12:46:47",2100,Rent,Pending,2020-04-01,2020-07-31,wasif.ahmed@alhabib.om
TAG2001903,2021-02-28,"2021-05-25 17:48:14",455925,CPY2110988,2021-06-01,"2021-07-01 10:05:19",270,General,Posted,,,dbabu@alhabib.om
TAG2001903,2021-02-28,"2021-05-25 17:48:14",455924,CPY2110987,2021-06-01,"2021-07-01 10:01:41",107,Rent,Posted,2021-03-01,2021-03-19,dbabu@alhabib.om
TAG2000230,2021-01-20,"2021-02-03 14:41:22",455884,CAR2101997,2021-06-30,"2021-06-30 12:31:17",180,Rent,Posted,2020-12-21,2021-01-20,dbabu@alhabib.om
TAG1800418,2019-01-31,"2008-03-31 00:00:00",455789,CPY2110882,2021-03-31,"2021-06-27 17:16:08",75,General,Posted,,,sirajm@alhabib.om
TAG1800418,2019-01-31,"2008-03-31 00:00:00",455788,CPY2110881,2021-03-31,"2021-06-27 17:14:17",2600,Rent,Posted,2018-03-01,2018-10-31,sirajm@alhabib.om
TAG1801873,2020-02-17,"2008-03-31 00:00:00",455759,CAR2101965,2021-06-24,"2021-06-24 14:08:54",3000,Rent,Posted,2018-03-29,2019-10-21,dbabu@alhabib.om
TAG2002512,2020-08-31,"2020-09-14 13:09:33",455749,CAR2101958,2021-06-24,"2021-06-24 09:52:47",300,Rent,Posted,2020-06-01,2020-06-18,dbabu@alhabib.om
TAG2002512,2020-08-31,"2020-09-14 13:09:33",455748,CAR2101957,2021-06-24,"2021-06-24 09:48:53",1500,Rent,Posted,2020-03-01,2020-05-31,dbabu@alhabib.om
TAG1900754,2020-01-31,"2008-03-31 00:00:00",455734,CAR2101951,2021-06-22,"2021-06-22 12:45:57",500,Rent,Posted,2019-10-23,2019-11-03,dbabu@alhabib.om
TAG1602420,2018-02-15,"2008-03-31 00:00:00",455729,CAR2101948,2021-06-22,"2021-06-22 09:26:36",200,Rent,Posted,2018-02-02,2018-02-18,dbabu@alhabib.om
TAG2001912,2021-01-31,"2021-02-26 13:17:54",455728,CAR2101947,2021-06-21,"2021-06-21 16:12:29",105,General,Posted,,,dbabu@alhabib.om
TAG1903961,2019-12-31,"2019-12-31 00:00:00",455709,CAR2101945,2021-06-21,"2021-06-21 12:42:02",10,General,Posted,,,dbabu@alhabib.om
TAG1903961,2019-12-31,"2019-12-31 00:00:00",455708,CAR2101944,2021-06-21,"2021-06-21 12:38:33",250,Rent,Posted,2019-05-01,2019-05-31,dbabu@alhabib.om
TAG2100554,2021-03-31,"2021-04-11 07:52:40",455704,CAR2101940,2021-06-21,"2021-06-21 10:55:55",28,General,Posted,,,dbabu@alhabib.om
TAG2000072,2020-12-31,"2021-01-04 11:26:27",455622,CPY2110756,2020-12-31,"2021-06-17 16:45:03",4350,Rent,Pending,2020-03-01,2020-12-31,wasif.ahmed@alhabib.om
TAG1900381,2019-10-31,"2008-03-31 00:00:00",455616,CPY2110750,2021-06-17,"2021-06-17 16:39:04",175,Rent,Posted,2019-06-06,2019-06-13,hatem.alamri@alhabib.om
TAG1902333,2020-07-31,"2020-09-02 11:18:27",455576,CPY2110710,2021-05-31,"2021-06-17 16:03:22",600,Rent,Posted,2020-07-01,2020-07-31,wasif.ahmed@alhabib.om
TAG2002094,2021-05-31,"2021-06-09 08:08:09",455406,CAR2101923,2021-06-16,"2021-06-16 11:12:55",62.2,General,Posted,,,sirajm@alhabib.om
TAG1803476,2019-03-14,"2008-03-31 00:00:00",455379,CPY2110524,2021-06-13,"2021-06-15 14:54:13",665,Rent,Posted,2019-01-01,2019-01-31,hatem.alamri@alhabib.om
TAG2002535,2021-06-15,"2021-06-15 00:00:00",455361,CPY2110506,2021-06-01,"2021-06-15 12:40:03",265,Rent,Posted,2021-05-16,2021-06-15,hatem.alamri@alhabib.om
TAG2002534,2021-06-15,"2021-06-15 00:00:00",455360,CPY2110505,2021-06-01,"2021-06-15 12:40:03",265,Rent,Posted,2021-05-16,2021-06-15,hatem.alamri@alhabib.om
TAG2003808,2020-07-15,"2021-01-15 18:48:48",455348,CPY2110494,2020-08-31,"2021-06-15 11:21:36",300,Rent,Pending,2020-06-16,2020-07-15,wasif.ahmed@alhabib.om
TAG1902833,2020-09-30,"2020-10-27 16:28:50",455347,CPY2110493,2020-10-08,"2021-06-15 11:13:08",900,Rent,Pending,2020-07-01,2020-09-30,wasif.ahmed@alhabib.om
TAG2001354,2021-01-31,"2021-02-03 12:31:49",455344,CPY2110491,2020-12-07,"2021-06-15 11:04:37",704,Rent,Pending,2020-12-01,2021-01-31,sirajm@alhabib.om
TAG2100044,2021-04-30,"2021-04-30 00:00:00",455188,CPY2110341,2021-06-10,"2021-06-14 11:21:42",1290,Rent,Posted,2021-06-01,2021-08-31,hatem.alamri@alhabib.om
TAG2000065,2020-12-31,"2021-03-02 11:58:55",455136,CAR2101912,2021-06-14,"2021-06-14 09:57:39",300,Rent,Posted,2020-10-21,2020-10-31,dbabu@alhabib.om
TAG2003130,2021-04-30,"2021-05-03 09:08:06",455121,CPY2110285,2021-05-31,"2021-06-10 17:10:32",47,General,Posted,,,wasif.ahmed@alhabib.om
TAG2003130,2021-04-30,"2021-05-03 09:08:06",455119,CPY2110284,2021-05-31,"2021-06-10 17:02:46",75,General,Posted,,,wasif.ahmed@alhabib.om
TAG2003130,2021-04-30,"2021-05-03 09:08:06",455118,CPY2110283,2021-06-01,"2021-06-10 16:59:21",160,Rent,Posted,2021-04-01,2021-04-30,sirajm@alhabib.om
TAG2003503,2021-05-31,"2021-05-31 00:00:00",455095,CAR2101891,2021-06-10,"2021-06-10 10:52:35",235,Rent,Posted,2021-05-01,2021-05-31,dbabu@alhabib.om
TAG2000754,2020-09-30,"2020-10-11 15:31:48",455045,CPY2110234,2020-10-11,"2021-06-08 15:15:30",250,Rent,Pending,2020-09-01,2020-09-30,wasif.ahmed@alhabib.om
TAG2000444,2021-01-31,"2021-02-19 13:28:15",454856,CPY2110054,2021-06-06,"2021-06-08 10:15:58",150,Rent,Posted,2020-10-24,2020-11-13,hatem.alamri@alhabib.om
TAG2000675,2021-01-31,"2021-02-19 22:32:38",454753,CPY2109958,2021-06-07,"2021-06-07 15:48:26",39.8,General,Posted,,,dbabu@alhabib.om
TAG2003134,2020-10-31,"2020-11-08 16:58:09",454534,CAR2101852,2021-06-06,"2021-06-06 16:38:02",2010,Rent,Posted,2019-08-01,2020-01-31,dbabu@alhabib.om
TAG2002333,2020-10-31,"2020-10-31 00:00:00",454510,CAR2101848,2021-06-06,"2021-06-06 12:19:59",69.4,General,Posted,,,sirajm@alhabib.om
TAG1903874,2021-01-31,"2021-01-19 17:22:03",454471,CPY2109707,2021-02-28,"2021-06-06 08:31:53",520,Rent,Posted,2021-01-01,2021-01-31,sirajm@alhabib.om
TAG2001562,2020-05-31,"2008-03-31 00:00:00",454457,CPY2109701,2021-05-03,"2021-06-03 11:17:20",100,Rent,Posted,2020-01-31,2020-02-13,sirajm@alhabib.om
TAG1600341,2020-08-31,"2020-09-16 09:40:35",454456,CPY2109700,2021-05-26,"2021-06-03 11:04:48",400,Rent,Posted,2019-03-10,2019-03-24,sirajm@alhabib.om
TAG2003241,2021-04-22,"2021-05-29 11:05:59",454428,CPY2109675,2021-05-31,"2021-06-03 08:23:33",432.6,General,Posted,,,sirajm@alhabib.om
TAG2003411,2020-12-29,"2021-01-04 11:36:59",454426,CPY2109673,2021-05-31,"2021-06-03 08:02:15",245,Rent,Posted,2020-06-16,2020-07-26,sirajm@alhabib.om
TAG2001562,2020-05-31,"2008-03-31 00:00:00",454425,CPY2109672,2021-05-31,"2021-06-03 08:01:07",100,Rent,Posted,2020-01-17,2020-01-30,sirajm@alhabib.om
TAG2002399,2021-05-31,"2021-05-31 00:00:00",454416,CAR2101816,2021-06-02,"2021-06-02 16:05:10",46.4,General,Posted,,,dbabu@alhabib.om
TAG2001639,2021-04-15,"2021-06-02 11:42:02",454415,CAR2101815,2021-06-02,"2021-06-02 16:02:44",90,Rent,Posted,2021-04-01,2021-04-15,dbabu@alhabib.om
TAG2001639,2021-04-15,"2021-06-02 11:42:02",454414,CAR2101814,2021-06-02,"2021-06-02 16:01:50",90,General,Posted,,,dbabu@alhabib.om
TAG2003194,2021-05-31,"2021-05-31 00:00:00",454407,CAR2101808,2021-06-02,"2021-06-02 12:26:59",240,Rent,Posted,2021-05-01,2021-05-31,dbabu@alhabib.om
TAG2003194,2021-05-31,"2021-05-31 00:00:00",454406,CPY2109664,2021-05-01,"2021-06-02 12:23:34",240,Rent,Posted,2021-04-01,2021-04-30,sirajm@alhabib.om
TAG2001334,2021-05-31,"2021-05-31 00:00:00",454378,CAR2101795,2021-06-01,"2021-06-01 14:38:27",10,General,Posted,,,dbabu@alhabib.om
TAG2100131,2021-01-31,"2021-03-03 10:21:24",454361,CPY2109636,2021-05-31,"2021-06-01 11:23:08",639,Rent,Posted,2021-01-01,2021-01-31,hatem.alamri@alhabib.om
TAG2100985,2021-05-31,"2021-05-31 00:00:00",454329,CPY2109624,2021-05-31,"2021-05-31 09:15:08",460,Rent,Posted,2021-04-01,2021-05-31,hatem.alamri@alhabib.om
TAG2100984,2021-05-31,"2021-05-31 00:00:00",454327,CPY2109622,2021-05-25,"2021-05-31 09:06:44",300,Rent,Posted,2021-04-01,2021-05-31,hatem.alamri@alhabib.om
TAG2001822,2021-01-31,"2021-03-15 09:25:15",454273,CAR2101766,2021-05-30,"2021-05-30 16:18:34",550,General,Posted,,,dbabu@alhabib.om
TAG2001822,2021-01-31,"2021-03-15 09:25:15",454271,CPY2109572,2021-05-30,"2021-05-30 15:51:06",41.5,General,Posted,,,dbabu@alhabib.om
TAG1801185,2018-03-31,"2008-03-31 00:00:00",454246,CPY2109556,2021-05-01,"2021-05-27 18:00:43",3762,Rent,Posted,2018-02-01,2018-03-31,wasif.ahmed@alhabib.om
TAG1803466,2018-09-30,"2008-03-31 00:00:00",454245,CPY2109555,2021-05-01,"2021-05-27 17:55:57",665,Rent,Posted,2018-09-01,2018-09-30,wasif.ahmed@alhabib.om
TAG1803466,2018-09-30,"2008-03-31 00:00:00",454244,CPY2109554,2021-05-01,"2021-05-27 17:54:24",665,Rent,Posted,2018-08-01,2018-08-31,wasif.ahmed@alhabib.om
TAG1900381,2019-10-31,"2008-03-31 00:00:00",454243,CPY2109553,2021-05-01,"2021-05-27 17:50:21",175,Rent,Posted,2019-05-29,2019-06-05,wasif.ahmed@alhabib.om
TAG1900381,2019-10-31,"2008-03-31 00:00:00",454242,CPY2109552,2021-05-01,"2021-05-27 17:47:21",175,Rent,Posted,2019-05-27,2019-05-28,wasif.ahmed@alhabib.om
TAG1800604,2018-10-31,"2008-03-31 00:00:00",454241,CPY2109551,2020-11-29,"2021-05-27 17:39:41",140,Rent,Pending,2018-10-17,2018-10-18,wasif.ahmed@alhabib.om
TAG1800604,2018-10-31,"2008-03-31 00:00:00",454240,CPY2109550,2020-10-25,"2021-05-27 17:39:14",175,Rent,Pending,2018-10-09,2018-10-16,wasif.ahmed@alhabib.om
TAG1800604,2018-10-31,"2008-03-31 00:00:00",454239,CPY2109549,2020-09-27,"2021-05-27 17:38:19",175,Rent,Pending,2018-10-01,2018-10-08,wasif.ahmed@alhabib.om
TAG1800604,2018-10-31,"2008-03-31 00:00:00",454238,CPY2109548,2020-09-28,"2021-05-27 17:35:18",175,Rent,Pending,2018-09-24,2018-09-30,wasif.ahmed@alhabib.om
TAG1702686,2017-12-31,"2008-03-31 00:00:00",454215,CAR2101754,2021-05-27,"2021-05-27 16:50:01",800,Rent,Posted,2017-07-01,2017-09-20,dbabu@alhabib.om
TAG2001036,2020-11-30,"2020-11-30 00:00:00",454205,CAR2101752,2021-05-27,"2021-05-27 16:33:23",480,Rent,Posted,2020-06-01,2020-07-31,dbabu@alhabib.om
TAG2001023,2021-03-31,"2021-05-19 09:52:59",454193,CPY2109508,2021-05-01,"2021-05-27 15:40:45",130,Rent,Posted,2020-09-03,2020-09-25,hatem.alamri@alhabib.om
TAG2001023,2021-03-31,"2021-05-19 09:52:59",454192,CPY2109507,2021-05-01,"2021-05-27 15:38:50",100,Rent,Posted,2020-08-10,2020-09-02,hatem.alamri@alhabib.om
TAG2100044,2021-04-30,"2021-04-30 00:00:00",454145,CPY2109468,2021-05-25,"2021-05-27 10:12:12",620,Rent,Posted,2021-04-01,2021-04-30,hatem.alamri@alhabib.om
TAG2002464,2021-01-15,"2021-01-28 08:01:07",454054,CAR2101718,2021-05-25,"2021-05-25 09:30:09",63,General,Posted,,,dbabu@alhabib.om
TAG2002464,2021-01-15,"2021-01-28 08:01:07",454053,CAR2101717,2021-05-25,"2021-05-25 09:28:39",412.5,Rent,Posted,2020-12-08,2021-01-15,dbabu@alhabib.om
TAG2100924,2021-04-30,"2021-05-19 09:48:20",454034,CPY2109383,2021-05-24,"2021-05-24 15:55:32",125,Rent,Posted,2021-04-01,2021-04-30,hatem.alamri@alhabib.om
TAG1900754,2020-01-31,"2008-03-31 00:00:00",453992,CAR2101701,2021-05-23,"2021-05-23 10:39:37",500,Rent,Posted,2019-10-11,2019-10-22,dbabu@alhabib.om
TAG2000065,2020-12-31,"2021-03-02 11:58:55",453989,CAR2101698,2021-05-23,"2021-05-23 09:29:17",300,Rent,Posted,2020-10-11,2020-10-20,dbabu@alhabib.om
TAG2003646,2020-12-27,"2020-12-27 15:31:08",453907,CAR2101684,2021-05-19,"2021-05-19 16:43:42",3000,Rent,Posted,2020-04-21,2020-11-22,dbabu@alhabib.om
TAG2001426,2021-04-30,"2021-05-19 09:49:42",453905,CAR2101682,2021-05-19,"2021-05-19 16:09:22",41,General,Posted,,,dbabu@alhabib.om
TAG2100926,2021-05-01,"2021-05-01 00:00:00",453892,CAR2101680,2021-05-19,"2021-05-19 15:54:10",240,Deposit,Posted,,,dbabu@alhabib.om
TAG1803476,2019-03-14,"2008-03-31 00:00:00",453786,CPY2109179,2021-05-17,"2021-05-19 11:50:10",665,Rent,Posted,2018-12-01,2018-12-31,hatem.alamri@alhabib.om
TAG2100035,2021-03-15,"2021-05-10 09:28:02",453752,CPY2109146,2021-05-17,"2021-05-19 11:24:14",350,Rent,Posted,2021-02-16,2021-03-15,hatem.alamri@alhabib.om
TAG2100924,2021-04-30,"2021-05-19 09:48:20",453725,CAR2101671,2021-05-19,"2021-05-19 11:13:12",69.8,General,Posted,,,dbabu@alhabib.om
TAG2001157,2021-03-15,"2021-05-12 12:33:10",453622,CPY2109017,2021-05-17,"2021-05-19 10:33:37",1600,Rent,Posted,2021-01-15,2021-03-14,hatem.alamri@alhabib.om
TAG1702839,2019-06-30,"2008-03-31 00:00:00",453566,CAR2101639,2021-05-16,"2021-05-16 15:59:55",2000,Rent,Posted,2017-03-01,2017-10-31,dbabu@alhabib.om
TAG1900329,2020-01-31,"2008-03-31 00:00:00",453540,CPY2108989,2020-08-25,"2021-05-12 15:59:02",80,General,Pending,,,wasif.ahmed@alhabib.om
TAG1802719,2018-06-15,"2008-03-31 00:00:00",453539,CPY2108988,2020-07-16,"2021-05-12 15:33:19",645.5,General,Pending,,,wasif.ahmed@alhabib.om
TAG1802719,2018-06-15,"2008-03-31 00:00:00",453538,CPY2108987,2020-07-16,"2021-05-12 15:31:47",1162.5,Rent,Pending,2018-05-15,2018-06-30,wasif.ahmed@alhabib.om
TAG1900875,2020-02-29,"2008-03-31 00:00:00",453537,CPY2108986,2020-12-21,"2021-05-12 14:41:20",725,Rent,Pending,2020-02-01,2020-02-29,wasif.ahmed@alhabib.om
TAG1900875,2020-02-29,"2008-03-31 00:00:00",453536,CPY2108985,2020-12-14,"2021-05-12 14:40:02",725,Rent,Pending,2020-01-01,2020-01-31,wasif.ahmed@alhabib.om
TAG1900875,2020-02-29,"2008-03-31 00:00:00",453535,CPY2108984,2020-10-25,"2021-05-12 14:38:46",1450,Rent,Pending,2019-11-01,2019-12-31,wasif.ahmed@alhabib.om
TAG1903844,2019-12-15,"2008-03-31 00:00:00",453495,CAR2101615,2021-05-11,"2021-05-11 12:32:55",155,General,Posted,,,dbabu@alhabib.om
TAG1903844,2019-12-15,"2008-03-31 00:00:00",453494,CAR2101614,2021-05-11,"2021-05-11 12:30:25",500,Rent,Posted,2017-11-16,2018-01-31,dbabu@alhabib.om
TAG1900754,2020-01-31,"2008-03-31 00:00:00",453493,CAR2101613,2021-05-11,"2021-05-11 12:27:50",500,Rent,Posted,2019-11-26,2019-12-06,dbabu@alhabib.om
TAG1900754,2020-01-31,"2008-03-31 00:00:00",453492,CAR2101612,2021-05-11,"2021-05-11 12:25:10",500,Rent,Posted,2019-09-29,2019-10-10,dbabu@alhabib.om
TAG1903844,2019-12-15,"2008-03-31 00:00:00",453491,CAR2101611,2021-05-11,"2021-05-11 12:04:51",300,Rent,Posted,2017-10-01,2017-11-15,dbabu@alhabib.om
TAG1803850,2019-06-30,"2008-03-31 00:00:00",453489,CAR2101609,2021-05-11,"2021-05-11 11:38:37",300,Rent,Posted,2018-11-01,2018-11-22,dbabu@alhabib.om
TAG1704248,2018-10-31,"2008-03-31 00:00:00",453488,CAR2101608,2021-05-11,"2021-05-11 11:35:34",200,Rent,Posted,2018-10-15,2018-10-31,dbabu@alhabib.om
TAG1704248,2018-10-31,"2008-03-31 00:00:00",453487,CAR2101607,2021-05-11,"2021-05-11 11:33:06",500,Rent,Posted,2018-09-08,2018-10-14,dbabu@alhabib.om
TAG1900754,2020-01-31,"2008-03-31 00:00:00",453477,CPY2108936,2020-12-23,"2021-05-11 10:58:18",500,Rent,Pending,2019-09-18,2019-09-28,wasif.ahmed@alhabib.om
TAG2001816,2020-10-31,"2020-12-03 15:25:59",453476,CPY2108935,2021-05-03,"2021-05-11 10:55:23",200,General,Posted,,,sirajm@alhabib.om
TAG1704248,2018-10-31,"2008-03-31 00:00:00",453464,CPY2108924,2020-12-29,"2021-05-11 10:22:03",500,Rent,Pending,2018-08-01,2018-09-07,wasif.ahmed@alhabib.om
TAG1704248,2018-10-31,"2008-03-31 00:00:00",453463,CPY2108923,2020-11-29,"2021-05-11 10:20:54",100,Rent,Pending,2018-07-24,2018-07-31,wasif.ahmed@alhabib.om
TAG1704248,2018-10-31,"2008-03-31 00:00:00",453462,CPY2108922,2020-10-13,"2021-05-11 10:19:16",500,Rent,Pending,2018-06-16,2018-07-23,wasif.ahmed@alhabib.om
TAG1704248,2018-10-31,"2008-03-31 00:00:00",453461,CPY2108921,2020-10-01,"2021-05-11 10:18:08",250,Rent,Pending,2018-05-27,2018-06-15,wasif.ahmed@alhabib.om
TAG1704248,2018-10-31,"2008-03-31 00:00:00",453460,CPY2108920,2020-10-01,"2021-05-11 10:17:12",250,Rent,Pending,2018-05-09,2018-05-26,wasif.ahmed@alhabib.om
TAG1704248,2018-10-31,"2008-03-31 00:00:00",453459,CPY2108919,2020-10-01,"2021-05-11 10:16:16",250,Rent,Pending,2018-04-20,2018-05-08,wasif.ahmed@alhabib.om
TAG1704248,2018-10-31,"2008-03-31 00:00:00",453458,CPY2108918,2020-10-01,"2021-05-11 10:15:05",250,Rent,Pending,2018-04-01,2018-04-19,wasif.ahmed@alhabib.om
TAG2100608,2020-10-31,"2020-10-31 00:00:00",453426,CPY2108889,2021-05-10,"2021-05-10 23:46:03",240,Rent,Posted,2021-05-01,2021-05-31,hatem.alamri@alhabib.om
TAG2100536,2021-04-30,"2021-04-30 00:00:00",453430,CPY2108893,2021-05-10,"2021-05-10 23:46:03",250,Rent,Posted,2021-04-01,2021-04-30,hatem.alamri@alhabib.om
TAG1903832,2020-12-24,"2020-12-24 00:00:00",453388,CPY2108851,2021-05-10,"2021-05-10 23:12:28",150,Rent,Posted,2020-12-14,2020-12-24,hatem.alamri@alhabib.om
TAG2002188,2021-04-30,"2021-04-30 00:00:00",453290,CPY2108753,2021-05-10,"2021-05-10 22:23:05",250,Rent,Posted,2021-04-01,2021-04-30,hatem.alamri@alhabib.om
TAG2100469,2021-04-30,"2021-04-30 00:00:00",453256,CPY2108719,2021-05-10,"2021-05-10 21:56:23",250,Rent,Posted,2021-04-01,2021-04-30,hatem.alamri@alhabib.om
TAG2001372,2021-05-31,"2021-04-29 08:30:00",453211,CPY2108674,2021-05-10,"2021-05-10 21:32:26",460,Rent,Posted,2021-05-01,2021-05-31,hatem.alamri@alhabib.om
TAG1803476,2019-03-14,"2008-03-31 00:00:00",453113,CPY2108576,2021-05-01,"2021-05-10 14:23:44",665,Rent,Posted,2018-11-01,2018-11-30,hatem.alamri@alhabib.om
TAG1900381,2019-10-31,"2008-03-31 00:00:00",453111,CPY2108574,2021-05-01,"2021-05-10 14:22:26",175,Rent,Posted,2019-05-19,2019-05-26,hatem.alamri@alhabib.om
TAG1803476,2019-03-14,"2008-03-31 00:00:00",453106,CPY2108569,2021-05-01,"2021-05-10 14:19:06",665,Rent,Posted,2018-10-01,2018-10-31,hatem.alamri@alhabib.om
TAG1803466,2018-09-30,"2008-03-31 00:00:00",453086,CPY2108551,2020-12-13,"2021-05-10 11:02:47",665,Rent,Pending,2018-07-01,2018-07-31,wasif.ahmed@alhabib.om
TAG1803466,2018-09-30,"2008-03-31 00:00:00",453085,CPY2108550,2020-11-22,"2021-05-10 11:02:09",665,Rent,Pending,2018-06-01,2018-06-30,wasif.ahmed@alhabib.om
TAG1803466,2018-09-30,"2008-03-31 00:00:00",453084,CPY2108549,2020-10-12,"2021-05-10 11:01:29",665,Rent,Pending,2018-05-01,2018-05-31,wasif.ahmed@alhabib.om
TAG2001232,2021-03-31,"2021-04-24 18:20:42",453062,CAR2101590,2021-05-09,"2021-05-09 14:23:58",500,Rent,Posted,2021-03-01,2021-03-31,dbabu@alhabib.om
TAG1900381,2019-10-31,"2008-03-31 00:00:00",453045,CPY2108532,2021-05-01,"2021-05-08 12:54:40",175,Rent,Posted,2019-05-11,2019-05-18,hatem.alamri@alhabib.om
TAG1900381,2019-10-31,"2008-03-31 00:00:00",453041,CPY2108528,2020-12-27,"2021-05-08 12:20:16",175,Rent,Pending,2019-05-03,2019-05-10,wasif.ahmed@alhabib.om
TAG1900381,2019-10-31,"2008-03-31 00:00:00",453040,CPY2108527,2020-11-29,"2021-05-08 12:19:57",35,Rent,Pending,2019-05-01,2019-05-02,wasif.ahmed@alhabib.om
TAG2001478,2021-01-09,"2021-01-09 00:00:00",453039,CPY2108526,2021-05-06,"2021-05-08 12:18:41",370,Rent,Posted,2020-11-10,2021-01-09,hatem.alamri@alhabib.om
TAG2002040,2020-09-30,"2008-03-31 00:00:00",452917,CPY2108404,2021-05-05,"2021-05-06 23:20:39",180,Rent,Posted,2021-05-01,2021-05-31,hatem.alamri@alhabib.om
TAG2002604,2021-03-31,"2021-03-31 00:00:00",452857,CPY2108344,2021-05-05,"2021-05-06 22:55:30",190,Rent,Posted,2021-03-01,2021-03-31,hatem.alamri@alhabib.om
TAG1903433,2020-10-31,"2020-11-08 21:46:37",452843,CPY2108330,2021-05-05,"2021-05-06 22:43:09",210,Rent,Posted,2020-10-05,2020-10-31,hatem.alamri@alhabib.om
TAG2000444,2021-01-31,"2021-02-19 13:28:15",452826,CPY2108313,2021-05-05,"2021-05-06 22:43:08",150,Rent,Posted,2020-10-03,2020-10-23,hatem.alamri@alhabib.om
TAG2100182,2021-02-28,"2021-03-03 12:27:32",452511,CPY2108009,2021-05-02,"2021-05-06 12:51:48",965,Rent,Posted,2021-02-01,2021-02-28,hatem.alamri@alhabib.om
TAG1903458,2019-10-31,"2008-03-31 00:00:00",452359,CAR2101551,2021-05-06,"2021-05-06 10:10:21",117,Rent,Posted,2019-07-01,2019-07-14,dbabu@alhabib.om
TAG1802508,2019-06-30,"2008-03-31 00:00:00",452358,CAR2101550,2021-05-06,"2021-05-06 10:00:56",383,Rent,Posted,2019-05-15,2019-06-30,dbabu@alhabib.om
TAG2000420,2020-09-30,"2021-01-04 11:24:49",452296,CAR2101532,2021-05-05,"2021-05-05 11:28:15",200,Rent,Posted,2020-10-31,2020-11-30,dbabu@alhabib.om
TAG2000420,2020-09-30,"2021-01-04 11:24:49",452295,CAR2101531,2021-05-05,"2021-05-05 11:13:39",60,General,Posted,,,dbabu@alhabib.om
TAG2100620,2021-04-30,"2021-04-30 00:00:00",452227,CAR2101490,2021-05-03,"2021-05-02 16:22:41",57,General,Posted,,,dbabu@alhabib.om
TAG1903842,2021-02-15,"2021-02-03 10:57:46",452220,CPY2107796,2021-04-26,"2021-05-02 14:18:10",150,General,Posted,,,sirajm@alhabib.om
TAG1600341,2020-08-31,"2020-09-16 09:40:35",452218,CPY2107794,2021-04-28,"2021-05-02 13:39:55",400,Rent,Posted,2019-02-23,2019-03-09,sirajm@alhabib.om
TAG2100042R,2021-03-20,"2021-03-26 10:35:44",452150,CPY2107740,2021-04-28,"2021-04-29 14:02:16",300,Rent,Posted,2021-02-21,2021-03-20,hatem.alamri@alhabib.om
TAG1702037,2018-02-28,"2008-03-31 00:00:00",452099,CAR2101470,2021-04-29,"2021-04-29 11:35:09",100,Rent,Posted,2018-02-01,2018-02-09,faheem@alhabib.om
TAG1702037,2018-02-28,"2008-03-31 00:00:00",452098,CPY2107694,2021-03-29,"2021-04-29 11:21:47",100,Rent,Posted,2018-01-22,2018-01-31,sirajm@alhabib.om
TAG1900754,2020-01-31,"2008-03-31 00:00:00",452019,CAR2101434,2021-04-26,"2021-04-26 11:07:43",500,Rent,Posted,2019-09-06,2019-09-17,wasif.ahmed@alhabib.om
TAG2002846,2021-03-15,"2021-04-11 07:56:15",452018,CPY2107650,2021-04-26,"2021-04-26 10:38:20",387.7,General,Posted,,,sirajm@alhabib.om
TAG2001216,2021-04-15,"2021-04-24 18:27:17",452013,CAR2101429,2021-04-26,"2021-04-26 09:46:27",247,General,Posted,,,faheem@alhabib.om
TAG2003887,2021-03-31,"2021-04-24 18:25:24",452012,CAR2101428,2021-04-26,"2021-04-26 09:40:28",9.2,General,Posted,,,faheem@alhabib.om
TAG2100687,2021-04-15,"2021-04-22 09:13:05",452000,CPY2107639,2021-04-22,"2021-04-25 14:50:46",230,Rent,Posted,2021-03-16,2021-04-13,hatem.alamri@alhabib.om
TAG2002485,2019-06-30,"2020-09-12 11:58:41",451970,CPY2107609,2021-04-25,"2021-04-25 12:51:11",325,Rent,Posted,2018-03-15,2018-03-28,sirajm@alhabib.om
TAG1801116,2018-03-15,"2008-03-31 00:00:00",451968,CPY2107607,2021-04-08,"2021-04-25 12:46:29",456,General,Posted,,,sirajm@alhabib.om
TAG1801116,2018-03-15,"2008-03-31 00:00:00",451967,CPY2107606,2021-04-08,"2021-04-25 12:43:13",3549,Rent,Posted,2017-07-11,2018-03-31,sirajm@alhabib.om
TAG2100463,2021-03-31,"2021-04-11 07:51:42",451965,CPY2107604,2021-04-07,"2021-04-25 12:40:31",575,Rent,Posted,2021-03-01,2021-03-31,sirajm@alhabib.om
TAG1804190,2018-10-15,"2008-03-31 00:00:00",451959,CPY2107599,2021-04-01,"2021-04-25 12:20:10",647,General,Posted,,,sirajm@alhabib.om
TAG1804190,2018-10-15,"2008-03-31 00:00:00",451958,CPY2107598,2021-04-01,"2021-04-25 12:16:13",4154,Rent,Posted,2017-11-01,2018-02-28,sirajm@alhabib.om
TAG2002484,2018-09-30,"2020-09-12 11:59:19",451957,CPY2107597,2021-04-01,"2021-04-25 11:46:38",1283,Rent,Posted,2017-08-01,2017-11-15,sirajm@alhabib.om
TAG2100015,2021-04-15,"2021-04-21 16:48:22",451920,CPY2107560,2021-04-20,"2021-04-25 11:19:40",350,Rent,Posted,2021-04-16,2021-05-15,hatem.alamri@alhabib.om
TAG2003036,2021-03-31,"2021-04-11 07:53:25",451863,CPY2107512,2021-04-01,"2021-04-22 12:15:05",850,Rent,Posted,2021-02-01,2021-03-31,sirajm@alhabib.om
TAG2003297,2021-03-31,"2021-03-31 00:00:00",451646,CPY2107306,2021-04-15,"2021-04-20 11:47:49",185,Rent,Posted,2021-03-01,2021-03-31,hatem.alamri@alhabib.om
TAG2000382,2022-11-15,"2020-08-24 00:00:00",451526,CAR2101358,2021-04-14,"2021-04-14 13:07:01",9300,Rent,Posted,2020-05-04,2020-07-03,faheem@alhabib.om
TAG2000752,2021-02-28,"2021-02-28 00:00:00",451485,CAR2101350,2021-04-14,"2021-04-14 10:29:46",18.1,General,Posted,,,faheem@alhabib.om
TAG1901408,2019-10-31,"2008-03-31 00:00:00",451464,CAR2101329,2021-04-13,"2021-04-13 09:55:54",300,Rent,Posted,2019-04-26,2019-05-01,faheem@alhabib.om
TAG1903832,2020-12-24,"2020-12-24 00:00:00",451404,CPY2107141,2021-04-11,"2021-04-12 16:48:31",150,Rent,Posted,2020-12-03,2020-12-13,hatem.alamri@alhabib.om
TAG2002460,2021-01-31,"2021-01-31 00:00:00",451269,CAR2101328,2021-04-12,"2021-04-12 15:43:02",194,General,Posted,,,dbabu@alhabib.om
TAG2000065,2020-12-31,"2021-03-02 11:58:55",451189,CAR2101323,2021-04-12,"2021-04-12 15:07:25",300,Rent,Posted,2020-10-01,2020-10-10,dbabu@alhabib.om
TAG2002721,2021-03-31,"2021-03-26 10:43:41",451141,CAR2101307,2021-04-11,"2021-04-11 14:15:13",107,General,Posted,,,dbabu@alhabib.om
TAG2003154,2020-10-31,"2020-11-15 18:22:21",451116,CPY2106879,2021-04-03,"2021-04-11 11:18:20",250,Rent,Posted,2020-10-01,2020-10-31,hatem.alamri@alhabib.om
TAG2002040,2020-09-30,"2008-03-31 00:00:00",450829,CPY2106632,2021-04-05,"2021-04-07 17:34:02",180,Rent,Posted,2021-04-01,2021-04-30,hatem.alamri@alhabib.om
TAG2002604,2021-03-31,"2021-03-31 00:00:00",450767,CPY2106570,2021-04-05,"2021-04-07 17:10:31",190,Rent,Posted,2021-02-01,2021-02-28,hatem.alamri@alhabib.om
TAG1903433,2020-10-31,"2020-11-08 21:46:37",450755,CPY2106558,2021-04-05,"2021-04-07 17:10:30",210,Rent,Posted,2020-09-06,2020-10-04,hatem.alamri@alhabib.om
TAG2000444,2021-01-31,"2021-02-19 13:28:15",450733,CPY2106536,2021-04-05,"2021-04-07 17:06:09",150,Rent,Posted,2020-09-12,2020-10-02,hatem.alamri@alhabib.om
TAG2003773,2021-02-28,"2021-03-03 08:11:10",450724,CPY2106527,2021-04-05,"2021-04-07 17:06:08",95,Rent,Posted,2021-04-01,2021-04-30,hatem.alamri@alhabib.om
TAG2001036,2020-11-30,"2020-11-30 00:00:00",450590,CAR2101234,2021-04-06,"2021-04-06 12:39:46",480,Rent,Posted,2020-04-01,2020-05-31,dbabu@alhabib.om
TAG2003912,2021-01-31,"2021-01-27 09:03:42",450573,CPY2106419,2021-02-28,"2021-04-05 16:17:39",300,Rent,Posted,2021-01-01,2021-01-31,sirajm@alhabib.om
TAG2001562,2020-05-31,"2008-03-31 00:00:00",450465,CPY2106344,2021-03-31,"2021-04-02 15:35:22",100,Rent,Posted,2020-01-03,2020-01-16,sirajm@alhabib.om
TAG2001956,2021-05-31,"2008-03-31 00:00:00",450389,CPY2106268,2021-04-01,"2021-04-02 14:33:24",1200,Rent,Posted,2021-04-01,2021-06-30,hatem.alamri@alhabib.om
TAG2000575,2020-09-15,"2020-10-11 15:32:50",450189,CPY2106068,2021-04-01,"2021-04-02 13:49:21",222,Rent,Posted,2020-07-08,2020-07-26,hatem.alamri@alhabib.om
TAG2000420,2020-09-30,"2021-01-04 11:24:49",450138,CPY2106028,2021-03-31,"2021-03-31 15:45:37",300,Rent,Posted,2020-09-16,2020-10-30,hatem.alamri@alhabib.om
TAG2000752,2021-02-28,"2021-02-28 00:00:00",450129,CAR2101168,2021-03-31,"2021-03-31 12:11:47",380,Rent,Posted,2021-01-01,2021-02-28,dbabu@alhabib.om
TAG2000414,2021-01-31,"2021-03-06 10:47:42",450079,CAR2101150,2021-03-30,"2021-03-30 12:31:14",75,General,Posted,,,dbabu@alhabib.om
TAG1901408,2019-10-31,"2008-03-31 00:00:00",450058,CAR2101139,2021-03-29,"2021-03-29 15:52:55",300,Rent,Posted,2019-04-20,2019-04-25,dbabu@alhabib.om
TAG2000745,2021-03-15,"2021-03-15 00:00:00",450057,CPY2105984,2021-03-29,"2021-03-29 15:52:18",130,Rent,Posted,2021-02-16,2021-03-15,hatem.alamri@alhabib.om
TAG2000708,2021-03-15,"2021-03-26 10:38:51",450056,CPY2105983,2021-03-29,"2021-03-29 15:50:29",900,Rent,Posted,2020-12-16,2021-03-15,hatem.alamri@alhabib.om
TAG1600341,2020-08-31,"2020-09-16 09:40:35",449998,CPY2105926,2021-04-30,"2021-03-29 12:58:57",350,Rent,Posted,2019-02-22,2019-02-22,sirajm@alhabib.om
TAG2002333,2020-10-31,"2020-10-31 00:00:00",449979,CAR2101121,2021-03-28,"2021-03-28 15:13:03",520,Rent,Posted,2020-09-01,2020-10-31,dbabu@alhabib.om
TAG2100417,2021-03-31,"2021-03-28 08:49:07",449916,CAR2101109,2021-03-28,"2021-03-28 08:52:05",135,Rent,Posted,2021-03-01,2021-03-31,dbabu@alhabib.om
TAG1903655,2021-01-31,"2021-02-03 12:32:06",449909,CPY2105868,2021-03-23,"2021-03-27 12:36:56",80,General,Posted,,,sirajm@alhabib.om
TAG2000387,2021-02-28,"2021-03-26 10:37:21",449907,CPY2105866,2021-03-24,"2021-03-27 11:52:42",236.6,General,Posted,,,sirajm@alhabib.om
TAG2002313,2020-08-15,"2020-09-02 11:22:25",449903,CPY2105862,2021-03-14,"2021-03-27 11:32:48",70,General,Posted,,,sirajm@alhabib.om
TAG2001782,2020-06-30,"2008-03-31 00:00:00",449901,CPY2105860,2021-03-14,"2021-03-27 11:26:44",70,General,Posted,,,sirajm@alhabib.om
TAG2002313,2020-08-15,"2020-09-02 11:22:25",449899,CPY2105858,2021-03-14,"2021-03-27 11:21:59",260,Rent,Posted,2020-07-16,2020-08-15,sirajm@alhabib.om
TAG2002314,2020-08-15,"2020-09-02 11:22:57",449900,CPY2105859,2021-03-14,"2021-03-27 11:21:59",260,Rent,Posted,2020-07-16,2020-08-15,sirajm@alhabib.om
TAG2100224,2021-02-28,"2021-03-15 12:59:35",449898,CPY2105857,2021-03-14,"2021-03-27 11:21:59",260,Rent,Posted,2021-02-01,2021-02-28,sirajm@alhabib.om
TAG1900754,2020-01-31,"2008-03-31 00:00:00",449894,CPY2105854,2021-03-01,"2021-03-27 10:58:52",500,Rent,Posted,2019-08-25,2019-09-05,sirajm@alhabib.om
TAG2001562,2020-05-31,"2008-03-31 00:00:00",449890,CPY2105850,2021-03-01,"2021-03-27 09:18:11",100,Rent,Posted,2019-12-20,2020-01-02,sirajm@alhabib.om
TAG2003776,2021-01-31,"2021-02-26 13:16:18",449884,CPY2105844,2021-03-03,"2021-03-27 09:05:36",1000,Rent,Posted,2021-01-01,2021-01-31,sirajm@alhabib.om
TAG2003775,2021-01-31,"2021-02-26 13:16:27",449885,CPY2105845,2021-03-03,"2021-03-27 09:05:36",500,Rent,Posted,2021-01-01,2021-01-31,sirajm@alhabib.om
TAG2003461,2021-02-28,"2021-03-08 15:00:28",449883,CPY2105843,2021-03-04,"2021-03-26 17:23:56",75,General,Posted,,,sirajm@alhabib.om
TAG2002485,2019-06-30,"2020-09-12 11:58:41",449882,CPY2105842,2021-03-07,"2021-03-26 17:21:31",150,Rent,Posted,2018-03-01,2018-03-14,sirajm@alhabib.om
TAG2100116,2021-02-28,"2021-03-18 09:48:51",449879,CPY2105839,2021-03-08,"2021-03-26 17:09:25",500,Rent,Posted,2021-02-01,2021-02-28,sirajm@alhabib.om
TAG2100115,2021-02-28,"2021-03-18 09:49:00",449880,CPY2105840,2021-03-08,"2021-03-26 17:09:25",500,Rent,Posted,2021-02-01,2021-02-28,sirajm@alhabib.om
TAG1902781,2020-11-30,"2020-11-23 21:16:13",449866,CPY2105826,2021-02-02,"2021-03-26 16:30:03",90,General,Posted,,,sirajm@alhabib.om
TAG2002485,2019-06-30,"2020-09-12 11:58:41",449863,CPY2105823,2021-03-01,"2021-03-26 16:09:55",150,Rent,Posted,2018-02-15,2018-02-28,sirajm@alhabib.om
TAG2002485,2019-06-30,"2020-09-12 11:58:41",449862,CPY2105822,2021-03-01,"2021-03-26 16:08:20",150,Rent,Posted,2018-02-01,2018-02-14,sirajm@alhabib.om
TAG2001670,2020-10-31,"2020-12-03 15:27:38",449861,CPY2105821,2021-03-01,"2021-03-26 15:55:33",160.5,General,Posted,,,sirajm@alhabib.om
TAG2001670,2020-10-31,"2020-12-03 15:27:38",449860,CPY2105820,2021-03-01,"2021-03-26 15:53:09",1327.5,Rent,Posted,2020-06-16,2020-10-30,sirajm@alhabib.om
TAG2000172,2021-01-10,"2021-02-13 19:15:06",449854,CPY2105815,2021-02-15,"2021-03-26 15:31:28",80,General,Posted,,,sirajm@alhabib.om
TAG2000852,2020-08-31,"2020-10-01 13:11:37",449851,CPY2105812,2021-02-22,"2021-03-26 15:25:00",187.5,General,Posted,,,sirajm@alhabib.om
TAG2000562,2021-02-15,"2021-02-26 13:14:41",449846,CPY2105807,2021-02-24,"2021-03-26 15:17:18",52.4,General,Posted,,,sirajm@alhabib.om
TAG1600341,2020-08-31,"2020-09-16 09:40:35",449845,CPY2105806,2021-02-25,"2021-03-26 15:15:10",350,Rent,Posted,2019-01-27,2019-02-08,sirajm@alhabib.om
TAG2002485,2019-06-30,"2020-09-12 11:58:41",449843,CPY2105804,2021-01-31,"2021-03-26 11:10:42",150,General,Posted,,,sirajm@alhabib.om
TAG2100406,2016-07-12,"2016-07-12 00:00:00",449812,CPY2105778,2021-03-10,"2021-03-25 11:46:34",500,Rent,Posted,2016-05-16,2016-07-12,dbabu@alhabib.om
TAG2003149,2020-12-31,"2021-01-19 17:14:33",449774,CAR2101091,2021-03-24,"2021-03-24 15:01:11",50,General,Posted,,,dbabu@alhabib.om
TAG2000603,2021-01-15,"2021-01-15 00:00:00",449741,CPY2105742,2021-03-22,"2021-03-23 09:11:00",200,Rent,Posted,2020-11-16,2020-12-15,hatem.alamri@alhabib.om
TAG2000524,2020-11-30,"2021-01-04 11:27:02",449717,CAR2101055,2021-03-22,"2021-03-22 10:16:03",275,General,Posted,2021-07-01,2021-07-31,dbabu@alhabib.om
TAG2003310,2021-11-15,"2008-03-31 00:00:00",449712,CPY2105723,2021-03-21,"2021-03-22 10:02:33",360,Rent,Posted,2021-03-16,2021-04-15,hatem.alamri@alhabib.om
TAG2000722,2021-02-28,"2021-03-14 15:53:10",449616,CAR2101041,2021-03-21,"2021-03-21 08:19:50",35,General,Posted,,,dbabu@alhabib.om
TAG2000641,2020-09-30,"2020-11-23 21:14:33",449615,CAR2101040,2021-03-21,"2021-03-21 08:11:19",80,General,Posted,,,dbabu@alhabib.om
TAG2002247,2021-02-28,"2021-02-26 13:15:21",449591,CAR2101033,2021-03-18,"2021-03-18 15:08:27",60,General,Posted,,,dbabu@alhabib.om
TAG2002247,2021-02-28,"2021-02-26 13:15:21",449577,CPY2105614,2020-09-30,"2021-03-18 09:31:32",240,Rent,Pending,2021-02-01,2021-02-28,wasif.ahmed@alhabib.om
TAG2001009,2020-11-30,"2021-01-04 11:22:18",449302,CPY2105363,2021-03-15,"2021-03-16 10:49:21",220,Rent,Posted,2020-09-21,2020-10-06,hatem.alamri@alhabib.om
TAG2003264,2021-02-28,"2021-02-28 00:00:00",449102,CPY2105197,2021-03-10,"2021-03-14 16:24:28",575,Rent,Posted,2021-02-01,2021-02-28,hatem.alamri@alhabib.om
TAG1903832,2020-12-24,"2020-12-24 00:00:00",449068,CPY2105163,2021-03-10,"2021-03-14 16:15:34",150,Rent,Posted,2020-11-22,2020-12-02,hatem.alamri@alhabib.om
TAG2002460,2021-01-31,"2021-01-31 00:00:00",448841,CAR2100963,2021-03-14,"2021-03-14 10:40:07",240,Rent,Posted,2021-02-16,2021-03-15,dbabu@alhabib.om
TAG2000065,2020-12-31,"2021-03-02 11:58:55",448837,CAR2100959,2021-03-14,"2021-03-14 09:58:03",300,Rent,Posted,2020-09-21,2020-09-30,dbabu@alhabib.om
TAG2001666,2021-02-19,"2021-01-19 17:17:58",448835,CPY2104943,2021-03-11,"2021-03-14 09:30:17",386.9,General,Posted,,,dbabu@alhabib.om
TAG2000793,2021-03-31,"2021-03-06 10:46:42",448676,CPY2104787,2021-03-07,"2021-03-13 15:45:03",225,Rent,Posted,2021-03-01,2021-03-31,hatem.alamri@alhabib.om
TAG2002040,2020-09-30,"2008-03-31 00:00:00",448681,CPY2104792,2021-03-07,"2021-03-13 15:45:03",180,Rent,Posted,2021-03-01,2021-03-31,hatem.alamri@alhabib.om
TAG1903433,2020-10-31,"2020-11-08 21:46:37",448582,CPY2104693,2021-03-07,"2021-03-13 15:01:46",210,Rent,Posted,2020-08-08,2020-09-05,hatem.alamri@alhabib.om
TAG2000444,2021-01-31,"2021-02-19 13:28:15",448552,CPY2104663,2021-03-07,"2021-03-13 14:56:48",150,Rent,Posted,2020-08-22,2020-09-11,hatem.alamri@alhabib.om
TAG2003773,2021-02-28,"2021-03-03 08:11:10",448543,CPY2104654,2021-03-07,"2021-03-13 14:51:51",95,Rent,Posted,2021-03-01,2021-03-31,hatem.alamri@alhabib.om
TAG2000765,2021-02-28,"2021-03-08 09:23:43",448366,CPY2104477,2021-03-04,"2021-03-13 13:47:16",350,Rent,Posted,2021-02-01,2021-02-28,hatem.alamri@alhabib.om
TAG2000764,2021-02-28,"2021-03-08 09:23:30",448365,CPY2104476,2021-03-04,"2021-03-13 13:47:15",350,Rent,Posted,2021-02-01,2021-02-28,hatem.alamri@alhabib.om
TAG2000395,2020-11-30,"2020-12-23 16:56:37",448285,CPY2104396,2021-03-31,"2021-03-13 12:48:37",2200,Rent,Posted,2020-11-01,2020-11-30,sirajm@alhabib.om
TAG2000575,2020-09-15,"2020-10-11 15:32:50",448008,CPY2104120,2021-03-01,"2021-03-11 21:51:27",222,Rent,Posted,2020-06-19,2020-07-07,hatem.alamri@alhabib.om
TAG2000726,2021-03-15,"2021-03-06 10:48:03",447990,CPY2104102,2020-12-16,"2021-03-11 15:39:04",280,Rent,Pending,2021-02-16,2021-03-15,sirajm@alhabib.om
TAG2100055,2021-02-28,"2021-03-10 10:21:58",447969,CPY2104081,2021-03-04,"2021-03-10 18:14:27",280,Rent,Posted,2021-02-01,2021-02-28,hatem.alamri@alhabib.om
TAG1903067,2019-09-30,"2008-03-31 00:00:00",447953,CPY2104065,2021-03-07,"2021-03-10 17:25:18",1182,General,Posted,,,sirajm@alhabib.om
TAG1903067,2019-09-30,"2008-03-31 00:00:00",447950,CPY2104062,2021-03-07,"2021-03-10 17:21:25",2070,Rent,Posted,2019-01-01,2019-09-30,sirajm@alhabib.om
TAG1903068,2019-09-30,"2008-03-31 00:00:00",447831,CAR2100875,2021-03-07,"2021-03-07 15:06:19",300,Rent,Posted,2019-08-06,2019-08-20,dbabu@alhabib.om
TAG2000575,2020-09-15,"2020-10-11 15:32:50",447798,CAR2100843,2021-03-04,"2021-03-04 09:44:15",222,Rent,Posted,2020-06-01,2020-06-18,dbabu@alhabib.om
TAG1600341,2020-08-31,"2020-09-16 09:40:35",447778,CPY2104010,2021-01-31,"2021-03-03 14:41:10",350,Rent,Posted,2019-01-13,2019-01-26,sirajm@alhabib.om
TAG1600341,2020-08-31,"2020-09-16 09:40:35",447777,CPY2104009,2020-12-31,"2021-03-03 14:28:04",3380,Rent,Pending,2018-09-04,2019-01-12,sirajm@alhabib.om
TAG2003170,2021-01-31,"2021-01-28 07:58:06",447770,CPY2104008,2021-02-01,"2021-03-03 12:04:13",74,General,Posted,,,sirajm@alhabib.om
TAG2003170,2021-01-31,"2021-01-28 07:58:06",447768,CPY2104006,2021-02-01,"2021-03-03 11:52:48",600,Rent,Posted,2020-11-01,2021-01-31,sirajm@alhabib.om
TAG2001562,2020-05-31,"2008-03-31 00:00:00",447765,CPY2104004,2021-02-01,"2021-03-03 11:42:57",100,Rent,Posted,2019-12-06,2019-12-19,sirajm@alhabib.om
TAG2003482,2021-02-10,"2021-02-26 13:16:40",447745,CPY2103988,2021-01-04,"2021-03-03 08:26:16",1455,Rent,Posted,2020-11-11,2021-02-10,sirajm@alhabib.om
TAG2000382,2022-11-15,"2020-08-24 00:00:00",447722,CAR2100816,2021-03-02,"2021-03-02 16:17:01",9300,Rent,Posted,2020-03-04,2020-05-03,dbabu@alhabib.om
TAG2002512,2020-08-31,"2020-09-14 13:09:33",447702,CAR2100803,2021-03-02,"2021-03-02 12:45:09",800,Rent,Posted,2020-01-13,2020-02-29,dbabu@alhabib.om
TAG1802508,2019-06-30,"2008-03-31 00:00:00",447690,CAR2100792,2021-03-02,"2021-03-02 09:15:59",500,Rent,Posted,2019-03-15,2019-05-14,dbabu@alhabib.om
TAG1901165,2019-06-04,"2008-03-31 00:00:00",447687,CPY2103963,2021-02-25,"2021-03-01 16:25:29",330,General,Posted,,,sirajm@alhabib.om
TAG1901165,2019-06-04,"2008-03-31 00:00:00",447686,CPY2103962,2021-02-25,"2021-03-01 16:23:18",596.9,General,Posted,,,sirajm@alhabib.om
TAG1901165,2019-06-04,"2008-03-31 00:00:00",447685,CPY2103961,2021-02-25,"2021-03-01 16:14:46",483.1,Rent,Posted,2019-03-05,2019-04-22,sirajm@alhabib.om
TAG1804260,2019-03-04,"2008-03-31 00:00:00",447684,CPY2103960,2021-02-25,"2021-03-01 16:09:03",900,Rent,Posted,2018-12-05,2019-03-04,sirajm@alhabib.om
TAG1803442,2018-12-04,"2008-03-31 00:00:00",447683,CPY2103959,2021-02-25,"2021-03-01 16:05:32",300,Rent,Posted,2018-11-05,2018-12-04,sirajm@alhabib.om
TAG2000527,2020-02-16,"2020-02-16 00:00:00",447681,CPY2103957,2021-02-25,"2021-03-01 16:02:01",950,Rent,Posted,2019-10-24,2019-11-30,sirajm@alhabib.om
TAG1903433,2020-10-31,"2020-11-08 21:46:37",447672,CPY2103949,2021-02-02,"2021-03-01 13:18:38",210,Rent,Posted,2020-07-10,2020-08-07,hatem.alamri@alhabib.om
TAG2000799,2020-10-15,"2020-10-27 20:55:06",447670,CPY2103947,2021-02-02,"2021-03-01 13:17:07",220,Rent,Posted,2020-12-16,2021-01-15,hatem.alamri@alhabib.om
TAG1903433,2020-10-31,"2020-11-08 21:46:37",447668,CPY2103945,2021-02-02,"2021-03-01 13:14:11",210,Rent,Posted,2020-06-11,2020-07-09,hatem.alamri@alhabib.om
TAG2001478,2021-01-09,"2021-01-09 00:00:00",447657,CPY2103937,2021-02-22,"2021-03-01 11:54:55",925,Rent,Posted,2020-07-10,2020-11-09,hatem.alamri@alhabib.om
TAG2003310,2021-11-15,"2008-03-31 00:00:00",447505,CPY2103791,2021-02-21,"2021-02-28 18:04:32",360,Rent,Posted,2021-02-16,2021-03-15,hatem.alamri@alhabib.om
TAG2001953,2021-02-15,"2021-02-15 00:00:00",447478,CPY2103764,2021-02-21,"2021-02-28 17:57:22",2250,Rent,Posted,2020-09-16,2021-02-15,hatem.alamri@alhabib.om
TAG1903817,2020-12-15,"2021-01-19 17:19:51",447405,CAR2100778,2021-02-28,"2021-02-28 15:54:07",13.8,General,Posted,,,dbabu@alhabib.om
TAG1903433,2020-10-31,"2020-11-08 21:46:37",447361,CPY2027353,2020-12-06,"2021-02-28 09:21:17",210,Rent,Pending,2020-05-13,2020-06-10,wasif.ahmed@alhabib.om
TAG1903433,2020-10-31,"2020-11-08 21:46:37",447360,CPY2027352,2020-12-06,"2021-02-28 09:20:47",80,Rent,Pending,2020-05-01,2020-05-12,wasif.ahmed@alhabib.om
TAG1903965,2021-01-15,"2021-01-28 08:01:52",447350,CAR2100745,2021-02-27,"2021-02-27 12:28:37",300,Rent,Posted,2020-12-16,2021-01-15,dbabu@alhabib.om
TAG2002585,2020-12-31,"2021-01-14 12:07:22",447349,CAR2100744,2021-02-27,"2021-02-27 12:25:18",300,Rent,Posted,2020-11-01,2020-12-31,dbabu@alhabib.om
TAG2002585,2020-12-31,"2021-01-14 12:07:22",447347,CPY2027344,2020-07-29,"2021-02-27 11:17:47",300,Rent,Pending,2020-09-01,2020-10-31,wasif.ahmed@alhabib.om
TAG1903965,2021-01-15,"2021-01-28 08:01:52",447346,CPY2027343,2020-12-15,"2021-02-27 11:10:10",1200,Rent,Pending,2020-08-16,2020-12-15,wasif.ahmed@alhabib.om
TAG2002512,2020-08-31,"2020-09-14 13:09:33",447336,CAR2100734,2021-02-25,"2021-02-25 14:10:58",200,Rent,Posted,2020-01-01,2020-01-12,dbabu@alhabib.om
TAG1800591,2018-12-31,"2008-03-31 00:00:00",447315,CPY2027331,2020-12-20,"2021-02-24 17:28:03",500,Rent,Pending,2018-12-27,2018-12-31,wasif.ahmed@alhabib.om
TAG1800591,2018-12-31,"2008-03-31 00:00:00",447314,CPY2027330,2020-11-22,"2021-02-24 17:26:20",500,Rent,Pending,2018-12-18,2018-12-26,wasif.ahmed@alhabib.om
TAG1800591,2018-12-31,"2008-03-31 00:00:00",447313,CPY2027329,2020-10-20,"2021-02-24 17:24:33",500,Rent,Pending,2018-12-09,2018-12-17,wasif.ahmed@alhabib.om
TAG1800591,2018-12-31,"2008-03-31 00:00:00",447312,CPY2027328,2020-09-20,"2021-02-24 17:22:38",500,Rent,Pending,2018-11-30,2018-12-08,wasif.ahmed@alhabib.om
TAG1800591,2018-12-31,"2008-03-31 00:00:00",447311,CPY2027327,2020-08-20,"2021-02-24 17:20:11",500,Rent,Pending,2018-11-21,2018-11-29,wasif.ahmed@alhabib.om
TAG1800591,2018-12-31,"2008-03-31 00:00:00",447310,CPY2027326,2020-08-20,"2021-02-24 17:19:41",500,Rent,Pending,2018-11-12,2018-11-20,wasif.ahmed@alhabib.om
TAG1800591,2018-12-31,"2008-03-31 00:00:00",447309,CPY2027325,2020-08-20,"2021-02-24 17:19:30",500,Rent,Pending,2018-11-03,2018-11-11,wasif.ahmed@alhabib.om
TAG1800591,2018-12-31,"2008-03-31 00:00:00",447308,CPY2027324,2020-08-20,"2021-02-24 15:58:31",500,Rent,Pending,2018-10-25,2018-11-02,wasif.ahmed@alhabib.om
TAG1800591,2018-12-31,"2008-03-31 00:00:00",447307,CPY2027323,2020-08-20,"2021-02-24 15:54:26",500,Rent,Pending,2018-10-16,2018-10-24,wasif.ahmed@alhabib.om
TAG1804366,2019-01-17,"2008-03-31 00:00:00",447295,CPY2027313,2020-12-07,"2021-02-24 14:05:31",31,General,Pending,,,salamr@alhabib.om
TAG1804366,2019-01-17,"2008-03-31 00:00:00",447293,CPY2027312,2020-12-07,"2021-02-24 14:00:51",100,General,Pending,,,salamr@alhabib.om
TAG1804366,2019-01-17,"2008-03-31 00:00:00",447292,CPY2027311,2020-12-07,"2021-02-24 13:57:07",202,General,Pending,,,salamr@alhabib.om
TAG1804366,2019-01-17,"2008-03-31 00:00:00",447291,CPY2027310,2020-12-07,"2021-02-24 13:54:09",1667,Rent,Pending,2018-03-18,2018-09-19,salamr@alhabib.om
TAG2000451,2021-01-31,"2021-02-09 20:12:35",447265,CPY2027295,2020-11-04,"2021-02-24 09:37:36",260,Deposit,Pending,,,salamr@alhabib.om
TAG1902386,2020-08-31,"2020-09-02 11:24:16",447264,CPY2027294,2020-09-30,"2021-02-24 09:20:46",17.2,General,Pending,,,salamr@alhabib.om
TAG1904020,2021-01-31,"2021-02-19 22:32:26",447261,CAR2100710,2021-02-23,"2021-02-23 16:48:53",32,General,Posted,,,dbabu@alhabib.om
TAG2000297,2020-10-31,"2020-11-08 16:56:18",447258,CPY2027289,2020-10-22,"2021-02-23 16:14:57",4657.5,Rent,Pending,2020-06-16,2020-10-31,salamr@alhabib.om
TAG2001685,2020-07-15,"2020-08-02 21:24:09",447257,CPY2027288,2021-02-23,"2021-02-23 16:10:32",89.4,General,Posted,,,salamr@alhabib.om
TAG2001685,2020-07-15,"2020-08-02 21:24:09",447256,CPY2027287,2021-02-23,"2021-02-23 16:08:43",50,General,Posted,,,salamr@alhabib.om
TAG2002485,2019-06-30,"2020-09-12 11:58:41",447236,CPY2027271,2020-10-06,"2021-02-23 14:17:40",150,General,Pending,,,salamr@alhabib.om
TAG2001331,2020-09-30,"2020-10-14 12:49:02",447234,CPY2027270,2020-10-12,"2021-02-23 14:14:44",91.6,General,Pending,,,salamr@alhabib.om
TAG2001331,2020-09-30,"2020-10-14 12:49:02",447233,CPY2027269,2020-10-12,"2021-02-23 14:11:53",110,General,Pending,,,salamr@alhabib.om
TAG2000923,2020-07-31,"2020-08-02 21:27:29",447214,CPY2027255,2020-09-14,"2021-02-23 11:21:08",3.5,General,Pending,,,salamr@alhabib.om
TAG2000923,2020-07-31,"2020-08-02 21:27:29",447213,CPY2027254,2020-09-14,"2021-02-23 11:18:54",150,General,Pending,,,salamr@alhabib.om
TAG1901408,2019-10-31,"2008-03-31 00:00:00",447198,CAR2100693,2021-02-23,"2021-02-23 08:44:12",300,Rent,Posted,2019-04-13,2019-04-19,dbabu@alhabib.om
TAG1901408,2019-10-31,"2008-03-31 00:00:00",447197,CAR2100692,2021-02-23,"2021-02-23 08:43:05",300,Rent,Posted,2019-04-07,2019-04-12,dbabu@alhabib.om
TAG1901408,2019-10-31,"2008-03-31 00:00:00",447196,CAR2100691,2021-02-23,"2021-02-23 08:42:14",300,Rent,Posted,2019-04-01,2019-04-06,dbabu@alhabib.om
TAG2001311,2021-02-14,"2021-02-19 22:35:09",447172,CAR2100674,2021-02-22,"2021-02-22 09:15:45",265.7,General,Posted,,,dbabu@alhabib.om
TAG2000603,2021-01-15,"2021-01-15 00:00:00",447165,CPY2103606,2021-02-21,"2021-02-21 16:13:51",400,Rent,Posted,2020-09-16,2020-11-15,hatem.alamri@alhabib.om
TAG2003525,2020-12-15,"2008-03-31 00:00:00",447144,CAR2100653,2021-02-18,"2021-02-18 15:51:22",198,General,Posted,,,dbabu@alhabib.om
TAG2002526,2020-12-31,"2021-01-19 17:21:22",447128,CAR2100641,2021-02-17,"2021-02-17 15:03:53",400,General,Posted,,,dbabu@alhabib.om
TAG1802508,2019-06-30,"2008-03-31 00:00:00",446937,CAR2100613,2021-02-16,"2021-02-16 09:28:51",500,Rent,Posted,2019-01-15,2019-03-14,dbabu@alhabib.om
TAG2003646,2020-12-27,"2020-12-27 15:31:08",446859,CAR2100608,2021-02-15,"2021-02-15 15:58:09",1557,Rent,Posted,2020-01-01,2020-04-20,dbabu@alhabib.om
TAG2001009,2020-11-30,"2021-01-04 11:22:18",446846,CPY2103353,2021-02-15,"2021-02-15 15:52:34",220,Rent,Posted,2020-09-05,2020-09-20,hatem.alamri@alhabib.om
TAG2000895,2021-01-31,"2021-02-14 10:14:30",446763,CAR2100596,2021-02-15,"2021-02-15 09:59:25",13,General,Posted,,,dbabu@alhabib.om
TAG2000395,2020-11-30,"2020-12-23 16:56:37",446750,CPY2103275,2021-02-14,"2021-02-14 16:07:08",1100,Rent,Posted,2020-10-01,2020-10-31,hatem.alamri@alhabib.om
TAG2001167,2020-06-30,"2008-03-31 00:00:00",446702,CAR2100577,2021-02-14,"2021-02-14 10:56:41",200,General,Posted,,,dbabu@alhabib.om
TAG2001167,2020-06-30,"2008-03-31 00:00:00",446701,CAR2100576,2021-02-14,"2021-02-14 10:55:38",100,Rent,Posted,2020-05-01,2020-05-13,dbabu@alhabib.om
TAG1800591,2018-12-31,"2008-03-31 00:00:00",446670,CPY2103221,2021-02-11,"2021-02-11 15:53:42",290,Rent,Posted,2018-10-11,2018-10-15,wasif.ahmed@alhabib.om
TAG2000466,2021-01-31,"2021-02-09 20:16:05",446639,CAR2100559,2021-02-11,"2021-02-11 14:52:13",92.4,General,Posted,,,dbabu@alhabib.om
TAG1903833,2020-12-01,"2020-12-01 00:00:00",446584,CPY2103141,2021-02-10,"2021-02-11 12:04:23",75,Rent,Posted,2020-11-16,2020-12-01,hatem.alamri@alhabib.om
TAG1903832,2020-12-24,"2020-12-24 00:00:00",446585,CPY2103142,2021-02-10,"2021-02-11 12:04:23",75,Rent,Posted,2020-11-16,2020-11-21,hatem.alamri@alhabib.om
TAG1702037,2018-02-28,"2008-03-31 00:00:00",446514,CAR2100556,2021-02-11,"2021-02-11 11:15:37",500,Rent,Posted,2017-12-09,2018-01-21,dbabu@alhabib.om
TAG2000928,2020-07-31,"2020-08-02 21:26:41",446338,CAR2100554,2021-02-11,"2021-02-11 08:47:11",225,General,Posted,,,dbabu@alhabib.om
TAG2001209,2020-12-31,"2021-02-09 20:15:19",446334,CAR2100550,2021-02-10,"2021-02-10 16:14:45",35,General,Posted,,,dbabu@alhabib.om
TAG2000845,2021-01-31,"2021-02-03 12:32:48",446310,CAR2100534,2021-02-09,"2021-02-09 16:45:24",190,Rent,Posted,2021-01-01,2021-01-31,dbabu@alhabib.om
TAG2002040,2020-09-30,"2008-03-31 00:00:00",446123,CPY2102728,2021-02-07,"2021-02-08 15:50:35",180,Rent,Posted,2021-02-01,2021-02-28,hatem.alamri@alhabib.om
TAG2004043,2021-01-31,"2021-02-03 12:31:32",445756,CPY2102409,2021-02-04,"2021-02-04 13:33:03",175,Rent,Posted,2021-01-01,2021-01-31,hatem.alamri@alhabib.om
TAG1903068,2019-09-30,"2008-03-31 00:00:00",445749,CAR2100460,2021-02-04,"2021-02-04 13:05:17",100,Rent,Posted,2019-08-01,2019-08-05,dbabu@alhabib.om
TAG2000603,2021-01-15,"2021-01-15 00:00:00",445733,CPY2102394,2021-01-13,"2021-02-04 10:10:16",79.5,Rent,Posted,2020-09-04,2020-09-15,wasif.ahmed@alhabib.om
TAG2000124,2021-01-31,"2021-02-03 16:35:38",445727,CAR2100451,2021-02-03,"2021-02-03 16:41:04",83.2,General,Posted,,,dbabu@alhabib.om
TAG2000382,2022-11-15,"2020-08-24 00:00:00",445723,CAR2100447,2021-02-03,"2021-02-03 15:32:44",4650,Rent,Posted,2020-02-04,2020-03-03,dbabu@alhabib.om
TAG2003062,2020-02-29,"2020-10-29 15:53:45",445680,CPY2102358,2021-01-31,"2021-02-02 17:11:47",400,Rent,Posted,2020-01-05,2020-02-29,wasif.ahmed@alhabib.om
TAG2002464,2021-01-15,"2021-01-28 08:01:07",445659,CPY2102343,2021-02-02,"2021-02-02 16:22:51",325,Rent,Posted,2020-11-08,2020-12-07,hatem.alamri@alhabib.om
TAG2003525,2020-12-15,"2008-03-31 00:00:00",445398,CPY2102089,2021-02-01,"2021-02-02 14:01:17",220,Rent,Posted,2020-11-16,2020-12-15,hatem.alamri@alhabib.om
TAG2002611,2020-08-31,"2020-11-15 18:21:33",445343,CPY2102034,2021-02-01,"2021-02-02 13:43:55",200,Rent,Posted,2020-06-01,2020-06-16,hatem.alamri@alhabib.om
TAG2000520,2021-02-15,"2021-01-19 17:21:37",445323,CAR2100421,2021-02-02,"2021-02-02 11:25:15",116.5,General,Posted,,,dbabu@alhabib.om
TAG2000116,2020-12-31,"2021-01-19 17:16:44",445305,CAR2100409,2021-02-01,"2021-02-01 15:41:35",25.7,General,Posted,,,dbabu@alhabib.om
TAG2000115,2020-12-31,"2021-01-19 17:17:08",445304,CAR2100408,2021-02-01,"2021-02-01 15:40:32",19.9,General,Posted,,,dbabu@alhabib.om
TAG2000395,2020-11-30,"2020-12-23 16:56:37",445294,CPY2102001,2021-01-02,"2021-02-01 14:54:50",2200,Rent,Posted,2020-08-01,2020-09-30,hatem.alamri@alhabib.om
TAG1903911,2020-12-31,"2021-01-27 09:04:18",445280,CAR2100402,2021-02-01,"2021-02-01 12:18:31",97.5,General,Posted,,,dbabu@alhabib.om
TAG2000575,2020-09-15,"2020-10-11 15:32:50",445260,CAR2100383,2021-01-31,"2021-01-31 15:49:45",10,General,Posted,,,dbabu@alhabib.om
TAG2000575,2020-09-15,"2020-10-11 15:32:50",445259,CAR2100382,2021-01-31,"2021-01-31 15:46:12",222,Rent,Posted,2020-05-13,2020-05-31,dbabu@alhabib.om
TAG2000420,2020-09-30,"2021-01-04 11:24:49",445217,CPY2101949,2021-01-31,"2021-01-31 15:43:46",300,Rent,Posted,2020-08-01,2020-09-15,salamr@alhabib.om
TAG1903874,2021-01-31,"2021-01-19 17:22:03",445203,CPY2101940,2021-01-31,"2021-01-31 14:49:41",300,General,Posted,,,dbabu@alhabib.om
TAG1903833,2020-12-01,"2020-12-01 00:00:00",445042,CPY2101842,2021-01-25,"2021-01-25 14:19:49",150,Rent,Posted,2020-10-16,2020-11-15,hatem.alamri@alhabib.om
TAG2000852,2020-08-31,"2020-10-01 13:11:37",444999,CPY2101814,2021-01-24,"2021-01-24 14:50:53",225,Rent,Posted,2020-08-01,2020-08-31,hatem.alamri@alhabib.om
TAG2002174,2020-12-31,"2021-01-19 17:18:35",444926,CAR2100269,2021-01-21,"2021-01-21 09:29:17",79,General,Posted,,,dbabu@alhabib.om
TAG2003310,2021-11-15,"2008-03-31 00:00:00",444921,CPY2101769,2021-01-20,"2021-01-20 15:47:13",360,Rent,Posted,2021-01-16,2021-02-15,hatem.alamri@alhabib.om
TAG2002147,2020-12-31,"2021-01-19 10:43:50",444817,CAR2100252,2021-01-19,"2021-01-19 12:52:37",140,Rent,Posted,2020-11-19,2020-12-31,dbabu@alhabib.om
TAG2001009,2020-11-30,"2021-01-04 11:22:18",444631,CPY2101501,2021-01-17,"2021-01-18 18:50:28",220,Rent,Posted,2020-08-20,2020-09-04,hatem.alamri@alhabib.om
TAG1903694,2020-11-30,"2020-12-23 16:58:45",444455,CAR2100243,2021-01-18,"2021-01-18 15:00:58",111,General,Posted,,,dbabu@alhabib.om
TAG1600209,2020-10-31,"2020-11-29 15:50:01",444449,CAR2100237,2021-01-18,"2021-01-18 11:25:29",5000,Rent,Posted,2020-03-01,2020-04-28,dbabu@alhabib.om
TAG2003118,2020-12-31,"2021-01-14 16:43:33",444421,CAR2100219,2021-01-14,"2021-01-14 16:50:29",288.9,General,Posted,,,dbabu@alhabib.om
TAG2001040,2021-01-15,"2021-01-14 15:22:46",444396,CAR2100216,2021-01-14,"2021-01-14 15:28:50",53,General,Posted,,,dbabu@alhabib.om
TAG2003232,2021-01-15,"2021-01-14 14:46:40",444389,CAR2100214,2021-01-14,"2021-01-14 14:51:37",65.4,General,Posted,,,dbabu@alhabib.om
TAG1903976,2021-01-15,"2021-01-13 16:05:40",444347,CAR2100205,2021-01-13,"2021-01-13 16:08:44",60,General,Posted,,,dbabu@alhabib.om
TAG1903861,2021-01-31,"2021-01-12 16:36:23",444272,CAR2100187,2021-01-12,"2021-01-12 16:43:03",117.7,General,Posted,,,dbabu@alhabib.om
TAG2001984,2021-01-15,"2021-01-12 15:26:08",444267,CAR2100184,2021-01-12,"2021-01-12 15:34:25",160,General,Posted,,,dbabu@alhabib.om
TAG2003158,2021-01-31,"2021-01-12 09:11:03",443934,CPY2100868,2021-01-10,"2021-01-12 10:09:12",210,Rent,Posted,2021-01-01,2021-01-31,hatem.alamri@alhabib.om
TAG1802508,2019-06-30,"2008-03-31 00:00:00",443867,CAR2100178,2021-01-12,"2021-01-12 09:40:18",500,Rent,Posted,2018-11-15,2019-01-14,dbabu@alhabib.om
TAG2001009,2020-11-30,"2021-01-04 11:22:18",443815,CPY2100753,2021-01-07,"2021-01-11 19:23:58",220,Rent,Posted,2020-08-04,2020-08-19,hatem.alamri@alhabib.om
TAG2001009,2020-11-30,"2021-01-04 11:22:18",443814,CPY2100752,2021-01-07,"2021-01-11 19:23:58",220,Rent,Posted,2020-07-19,2020-08-03,hatem.alamri@alhabib.om
TAG2001009,2020-11-30,"2021-01-04 11:22:18",443812,CPY2100750,2021-01-07,"2021-01-11 19:23:57",220,Rent,Posted,2020-06-17,2020-07-02,hatem.alamri@alhabib.om
TAG2001009,2020-11-30,"2021-01-04 11:22:18",443813,CPY2100751,2021-01-07,"2021-01-11 19:23:57",220,Rent,Posted,2020-07-03,2020-07-18,hatem.alamri@alhabib.om
TAG2001009,2020-11-30,"2021-01-04 11:22:18",443811,CPY2100749,2021-01-07,"2021-01-11 19:14:05",220,Rent,Posted,2020-06-01,2020-06-16,hatem.alamri@alhabib.om
TAG2002040,2020-09-30,"2008-03-31 00:00:00",443683,CPY2100621,2021-01-05,"2021-01-11 17:48:25",180,Rent,Posted,2021-01-01,2021-01-31,hatem.alamri@alhabib.om
TAG1902838,2020-08-31,"2020-09-19 17:32:24",443488,CAR2100160,2021-01-11,"2021-01-11 10:59:55",855,Rent,Posted,2020-05-01,2020-05-31,dbabu@alhabib.om
TAG2001956,2021-05-31,"2008-03-31 00:00:00",443295,CPY2100259,2021-01-03,"2021-01-10 17:35:38",1200,Rent,Posted,2021-01-01,2021-03-31,hatem.alamri@alhabib.om
TAG2000322,2020-05-31,"2020-10-01 13:10:32",443032,CAR2100143,2021-01-10,"2021-01-10 12:23:40",350,Rent,Posted,2020-05-01,2020-05-31,dbabu@alhabib.om
TAG2001983,2020-09-30,"2020-10-27 21:03:09",442978,CAR2100092,2021-01-06,"2021-01-06 14:28:19",80,General,Posted,,,dbabu@alhabib.om
TAG2001526,2020-06-30,"2020-06-30 00:00:00",442969,CPY2027238,2020-07-21,"2021-01-06 10:29:58",33.7,General,Posted,,,wasif.ahmed@alhabib.om
TAG2001526,2020-06-30,"2020-06-30 00:00:00",442967,CPY2027237,2020-07-10,"2021-01-06 10:11:14",82.5,General,Posted,,,wasif.ahmed@alhabib.om
TAG2003003,2021-09-30,"2008-03-31 00:00:00",442963,CPY2027235,2020-11-11,"2021-01-05 17:07:34",220,Rent,Posted,2020-08-25,2020-09-24,salamr@alhabib.om
TAG2001667,2020-11-30,"2021-01-05 15:30:48",442953,CAR2100076,2021-01-05,"2021-01-05 15:36:37",80,General,Posted,,,dbabu@alhabib.om
TAG2001691,2020-11-15,"2020-11-23 21:16:48",442923,CPY2027228,2020-11-01,"2021-01-04 19:47:50",175,Rent,Posted,2020-09-16,2020-10-15,wasif.ahmed@alhabib.om
TAG1902741,2020-07-31,"2020-07-31 00:00:00",442922,CPY2027227,2020-07-12,"2021-01-04 19:39:17",200,Rent,Posted,2020-07-01,2020-07-31,wasif.ahmed@alhabib.om
TAG2001090,2020-07-31,"2020-09-02 11:19:24",442873,CPY2027194,2020-12-31,"2021-01-04 12:03:49",350,Rent,Posted,2020-07-01,2020-07-31,hatem.alamri@alhabib.om
TAG2000395,2020-11-30,"2020-12-23 16:56:37",442867,CPY2027189,2020-12-31,"2021-01-04 11:38:04",1100,Rent,Posted,2020-07-01,2020-07-31,hatem.alamri@alhabib.om
TAG2000395,2020-11-30,"2020-12-23 16:56:37",442822,CPY2027150,2020-12-30,"2021-01-03 18:53:17",300,General,Posted,,,hatem.alamri@alhabib.om
TAG2001562,2020-05-31,"2008-03-31 00:00:00",442821,CPY2027149,2020-12-30,"2021-01-03 18:07:36",100,Rent,Posted,2019-11-22,2019-12-05,hatem.alamri@alhabib.om
TAG1903554,2020-12-31,"2020-12-23 16:03:25",442808,CAR2100019,2021-01-03,"2021-01-03 17:14:29",33.8,General,Posted,,,dbabu@alhabib.om
TAG2001741,2020-12-31,"2020-12-31 00:00:00",442807,CAR2100018,2021-01-03,"2021-01-03 17:11:53",90,General,Posted,,,dbabu@alhabib.om
TAG2001741,2020-12-31,"2020-12-31 00:00:00",442806,CAR2100017,2021-01-03,"2021-01-03 17:05:56",50,General,Posted,,,dbabu@alhabib.om
TAG2001741,2020-12-31,"2020-12-31 00:00:00",442797,CAR2100016,2021-01-03,"2021-01-03 16:24:23",180,Rent,Posted,2020-12-01,2020-12-31,dbabu@alhabib.om
TAG1904013,2020-12-31,"2020-12-31 00:00:00",442793,CAR2100015,2021-01-03,"2021-01-03 16:04:18",300,Rent,Posted,2020-12-01,2020-12-31,dbabu@alhabib.om
TAG1600341,2020-08-31,"2020-09-16 09:40:35",442734,CPY2027120,2020-12-27,"2021-01-02 13:38:13",350,Rent,Posted,2018-08-22,2018-09-03,hatem.alamri@alhabib.om
TAG2001043,2020-12-31,"2020-12-31 00:00:00",442665,CAR2004533,2020-12-29,"2021-01-01 16:51:37",20.6,General,Posted,,,dbabu@alhabib.om
TAG2001043,2020-12-31,"2020-12-31 00:00:00",442664,CAR2004532,2020-12-29,"2021-01-01 16:49:54",47,General,Posted,,,dbabu@alhabib.om
TAG2000350,2021-01-31,"2008-03-31 00:00:00",442662,CAR2004530,2020-12-29,"2021-01-01 16:46:36",140,Rent,Posted,2021-01-01,2021-01-31,dbabu@alhabib.om
TAG2001836,2020-08-31,"2020-10-10 11:41:32",442561,CPY2026990,2020-12-24,"2020-12-29 16:08:10",225,Rent,Posted,2020-08-01,2020-08-31,salamr@alhabib.om
TAG2000852,2020-08-31,"2020-10-01 13:11:37",442544,CPY2026973,2020-12-22,"2020-12-29 15:43:22",225,Rent,Posted,2020-07-01,2020-07-31,salamr@alhabib.om
TAG2002957,2020-11-30,"2020-12-28 15:43:21",442501,CAR2004514,2020-12-28,"2020-12-29 08:52:25",35.9,General,Posted,,,dbabu@alhabib.om
TAG2003310,2021-11-15,"2008-03-31 00:00:00",442496,CPY2026933,2020-12-20,"2020-12-28 16:45:52",360,Rent,Posted,2020-12-16,2021-01-15,salamr@alhabib.om
TAG2003310,2021-11-15,"2008-03-31 00:00:00",442495,CPY2026932,2020-12-20,"2020-12-28 16:45:52",360,Rent,Posted,2020-11-16,2020-12-15,salamr@alhabib.om
TAG2003420,2020-11-30,"2020-12-23 17:00:10",442424,CPY2026861,2020-12-17,"2020-12-28 16:01:15",562.5,Rent,Posted,2020-10-16,2020-11-30,salamr@alhabib.om
TAG2003310,2021-11-15,"2008-03-31 00:00:00",442425,CPY2026862,2020-12-17,"2020-12-28 16:01:15",360,Rent,Posted,2020-10-16,2020-11-15,salamr@alhabib.om
TAG2001991,2020-12-31,"2008-03-31 00:00:00",442321,CPY2026758,2020-12-16,"2020-12-28 15:09:04",350,Rent,Posted,2020-12-16,2021-01-15,salamr@alhabib.om
TAG2001859,2020-07-15,"2008-03-31 00:00:00",442317,CPY2026754,2020-12-16,"2020-12-28 15:09:03",210,Rent,Posted,2020-12-16,2021-01-15,salamr@alhabib.om
TAG2002977,2020-12-15,"2020-12-23 16:57:45",442267,CPY2026704,2020-12-16,"2020-12-28 14:50:39",285,Rent,Posted,2020-12-16,2021-01-15,salamr@alhabib.om
TAG2001635,2020-12-31,"2020-12-23 16:31:15",442225,CAR2004499,2020-12-27,"2020-12-28 11:19:47",65.9,General,Posted,,,dbabu@alhabib.om
TAG2001635,2020-12-31,"2020-12-23 16:31:15",442224,CAR2004498,2020-12-27,"2020-12-28 11:09:01",40,General,Posted,,,dbabu@alhabib.om
TAG2001275,2021-05-10,"2008-03-31 00:00:00",442175,CPY2026626,2020-12-13,"2020-12-27 16:03:48",250,Rent,Posted,2020-12-11,2021-01-10,salamr@alhabib.om
TAG2001448,2020-08-31,"2020-09-13 12:38:44",442151,CPY2026602,2020-12-15,"2020-12-27 15:47:53",240,Rent,Posted,2020-06-01,2020-06-30,salamr@alhabib.om
TAG2001980,2020-09-30,"2020-09-19 17:36:05",442063,CPY2026526,2020-12-15,"2020-12-27 14:50:28",100,Rent,Posted,2020-09-23,2020-10-03,salamr@alhabib.om
TAG1602483,2017-01-31,"2008-03-31 00:00:00",441991,CAR2004482,2020-12-24,"2020-12-27 12:49:39",100,Rent,Posted,2016-09-21,2016-09-30,dbabu@alhabib.om
TAG2002040,2020-09-30,"2008-03-31 00:00:00",441898,CPY2026376,2020-12-06,"2020-12-23 16:41:52",180,Rent,Posted,2020-12-01,2020-12-31,salamr@alhabib.om
TAG2002799,2020-10-08,"2020-10-12 11:01:47",441588,CAR2004457,2020-12-22,"2020-12-22 16:36:57",256.7,General,Posted,,,dbabu@alhabib.om
TAG1903833,2020-12-01,"2020-12-01 00:00:00",441517,CPY2026012,2020-12-10,"2020-12-22 15:38:43",150,Rent,Posted,2020-09-16,2020-10-15,salamr@alhabib.om
TAG2001557,2021-05-31,"2008-03-31 00:00:00",441494,CPY2025989,2020-12-10,"2020-12-22 14:49:33",125,Rent,Posted,2021-01-01,2021-01-31,salamr@alhabib.om
TAG2001615,2020-05-15,"2008-03-31 00:00:00",441395,CPY2025890,2020-12-17,"2020-12-22 11:58:34",82.3,General,Posted,,,hatem.alamri@alhabib.om
TAG2000447,2021-01-31,"2008-03-31 00:00:00",441262,CPY2025772,2020-12-10,"2020-12-21 15:23:32",230,Rent,Posted,2020-12-01,2020-12-31,salamr@alhabib.om
TAG2001715,2020-07-24,"2020-07-24 20:25:28",441228,CPY2025738,2020-12-10,"2020-12-21 15:23:30",20,Rent,Posted,2020-07-14,2020-07-15,salamr@alhabib.om
TAG2003505,2021-04-30,"2008-03-31 00:00:00",441178,CPY2025715,2020-12-10,"2020-12-21 11:42:27",1080,Rent,Posted,2020-11-01,2021-04-30,wasif.ahmed@alhabib.om
TAG2002130,2020-11-15,"2020-12-03 15:21:11",441173,CAR2004406,2020-12-02,"2020-12-21 11:33:01",135,Rent,Posted,2020-10-16,2020-11-15,dbabu@alhabib.om
TAG2002130,2020-11-15,"2020-12-03 15:21:11",441161,CPY2025705,2020-09-22,"2020-12-21 09:02:01",405,Rent,Posted,2020-07-16,2020-10-15,wasif.ahmed@alhabib.om
TAG2001836,2020-08-31,"2020-10-10 11:41:32",441148,CPY2025692,2020-12-14,"2020-12-20 16:18:26",225,Rent,Posted,2020-07-01,2020-07-31,salamr@alhabib.om
TAG2000799,2020-10-15,"2020-10-27 20:55:06",441050,CPY2025599,2020-12-06,"2020-12-20 14:27:33",220,Rent,Posted,2020-11-16,2020-12-15,salamr@alhabib.om
TAG2000799,2020-10-15,"2020-10-27 20:55:06",441049,CPY2025598,2020-12-06,"2020-12-20 14:27:11",220,Rent,Posted,2020-10-16,2020-11-15,salamr@alhabib.om
TAG2001615,2020-05-15,"2008-03-31 00:00:00",441041,CAR2004390,2020-12-17,"2020-12-20 11:25:12",30,General,Posted,,,dbabu@alhabib.om
TAG2001615,2020-05-15,"2008-03-31 00:00:00",441040,CAR2004389,2020-12-17,"2020-12-20 11:23:33",460,Rent,Posted,2020-04-16,2020-05-15,dbabu@alhabib.om
TAG1602483,2017-01-31,"2008-03-31 00:00:00",441037,CAR2004386,2020-12-16,"2020-12-20 11:07:40",325,Rent,Posted,2016-09-03,2016-09-20,dbabu@alhabib.om
TAG1903068,2019-09-30,"2008-03-31 00:00:00",441033,CAR2004382,2020-12-16,"2020-12-20 10:53:56",400,Rent,Posted,2019-07-12,2019-07-31,dbabu@alhabib.om
TAG1903980,2020-09-30,"2020-12-08 14:41:49",441020,CAR2004369,2020-12-15,"2020-12-20 09:18:17",13.5,General,Posted,,,dbabu@alhabib.om
TAG2000350,2021-01-31,"2008-03-31 00:00:00",440998,CAR2004347,2020-12-14,"2020-12-17 11:09:11",140,Rent,Posted,2020-12-01,2020-12-31,dbabu@alhabib.om
TAG2002163,2020-11-15,"2020-12-03 15:20:49",440988,CAR2004337,2020-12-13,"2020-12-17 09:47:25",6.2,General,Posted,,,dbabu@alhabib.om
TAG1903380,2020-10-14,"2020-11-08 21:46:17",440895,CAR2004325,2020-12-13,"2020-12-16 12:55:07",272.7,General,Posted,,,dbabu@alhabib.om
TAG1903380,2020-10-14,"2020-11-08 21:46:17",440894,CAR2004324,2020-12-13,"2020-12-16 12:52:51",20,General,Posted,,,dbabu@alhabib.om
TAG2003037,2020-10-31,"2020-12-01 09:03:26",440803,CPY2025479,2020-12-02,"2020-12-15 14:53:10",1600,Rent,Posted,2020-07-01,2020-10-31,salamr@alhabib.om
TAG1903068,2019-09-30,"2008-03-31 00:00:00",440796,CAR2004269,2020-12-09,"2020-12-15 14:38:59",1000,Rent,Posted,2019-05-20,2019-07-11,dbabu@alhabib.om
TAG2001715,2020-07-24,"2020-07-24 20:25:28",440787,CAR2004266,2020-12-09,"2020-12-15 12:27:19",12.5,Rent,Posted,2020-07-13,2020-07-13,dbabu@alhabib.om
TAG2001187,2021-05-31,"2008-03-31 00:00:00",440402,CPY2025140,2020-12-01,"2020-12-14 14:38:53",750,Rent,Posted,2020-12-01,2021-02-28,salamr@alhabib.om
TAG2001189,2021-05-31,"2008-03-31 00:00:00",440403,CPY2025141,2020-12-01,"2020-12-14 14:38:53",750,Rent,Posted,2020-12-01,2021-02-28,salamr@alhabib.om
TAG2001188,2021-05-31,"2008-03-31 00:00:00",440404,CPY2025142,2020-12-01,"2020-12-14 14:38:53",750,Rent,Posted,2020-12-01,2021-02-28,salamr@alhabib.om
TAG2001191,2021-05-31,"2008-03-31 00:00:00",440405,CPY2025143,2020-12-01,"2020-12-14 14:38:53",750,Rent,Posted,2020-12-01,2021-02-28,salamr@alhabib.om
TAG2000575,2020-09-15,"2020-10-11 15:32:50",440380,CPY2025118,2020-12-01,"2020-12-14 14:38:51",222,Rent,Posted,2020-04-24,2020-05-12,salamr@alhabib.om
TAG1902838,2020-08-31,"2020-09-19 17:32:24",440328,CPY2025067,2020-12-01,"2020-12-13 15:00:41",500,General,Posted,,,wasif.ahmed@alhabib.om
TAG1903700,2020-11-30,"2020-12-03 15:31:17",440320,CAR2004206,2020-12-03,"2020-12-13 12:08:30",10,General,Posted,,,dbabu@alhabib.om
TAG2001077,2020-11-30,"2020-12-03 15:25:01",440293,CAR2004179,2020-12-02,"2020-12-13 09:42:13",135.5,General,Posted,,,dbabu@alhabib.om
TAG2001077,2020-11-30,"2020-12-03 15:25:01",440292,CAR2004178,2020-12-02,"2020-12-13 09:39:32",10,General,Posted,,,dbabu@alhabib.om
TAG1903538,2020-11-30,"2020-12-03 15:24:15",440284,CAR2004175,2020-12-02,"2020-12-09 10:08:25",11.9,General,Posted,,,dbabu@alhabib.om
TAG2002130,2020-11-15,"2020-12-03 15:21:11",440277,CAR2004170,2020-12-02,"2020-12-08 16:29:21",33.9,General,Posted,,,dbabu@alhabib.om
TAG2002755,2020-11-01,"2020-12-03 15:24:48",440276,CAR2004169,2020-12-02,"2020-12-08 16:24:56",50,General,Posted,,,dbabu@alhabib.om
TAG1903629,2020-11-30,"2020-12-03 15:24:24",440272,CAR2004165,2020-12-02,"2020-12-08 14:57:11",12.8,General,Posted,,,dbabu@alhabib.om
TAG1903847,2020-12-10,"2020-12-02 10:39:32",440267,CAR2004161,2020-12-02,"2020-12-08 14:36:10",49,General,Posted,,,dbabu@alhabib.om
TAG2001576,2020-11-15,"2020-12-03 15:19:51",440259,CAR2004153,2020-12-01,"2020-12-08 14:07:09",222,General,Posted,,,dbabu@alhabib.om
TAG2001576,2020-11-15,"2020-12-03 15:19:51",440258,CAR2004152,2020-12-01,"2020-12-08 14:05:36",30,General,Posted,,,dbabu@alhabib.om
TAG1903433,2020-10-31,"2020-11-08 21:46:37",440218,CAR2004140,2020-11-16,"2020-12-08 10:31:53",225,Rent,Posted,2020-04-01,2020-04-30,dbabu@alhabib.om
TAG2000623,2020-10-31,"2020-11-23 21:14:03",440217,CAR2004139,2020-11-15,"2020-12-08 10:29:17",190,Rent,Posted,2020-10-01,2020-10-31,dbabu@alhabib.om
TAG2000852,2020-08-31,"2020-10-01 13:11:37",440211,CPY2025023,2020-10-22,"2020-12-07 15:12:26",225,Rent,Posted,2020-06-01,2020-06-30,salamr@alhabib.om
TAG2002486,2020-09-15,"2020-10-11 16:21:41",440209,CPY2025021,2020-10-12,"2020-12-07 12:38:14",375,Rent,Posted,2020-08-16,2020-09-15,salamr@alhabib.om
TAG1902832,2020-10-31,"2020-11-02 09:23:58",440205,CPY2025017,2020-10-10,"2020-12-07 12:07:40",250,Rent,Posted,2020-10-01,2020-10-31,salamr@alhabib.om
TAG2001321,2020-11-30,"2020-12-03 15:26:34",440181,CAR2004124,2020-11-30,"2020-12-06 15:34:21",40,General,Posted,,,dbabu@alhabib.om
TAG2001562,2020-05-31,"2008-03-31 00:00:00",440176,CPY2025001,2020-11-30,"2020-12-06 15:26:12",100,Rent,Posted,2019-11-08,2019-11-21,hatem.alamri@alhabib.om
TAG2001622,2020-11-30,"2020-12-03 15:26:06",440163,CAR2004114,2020-11-29,"2020-12-06 15:13:44",38.5,General,Posted,,,dbabu@alhabib.om
TAG1903396,2020-10-31,"2020-12-03 15:22:23",440161,CAR2004113,2020-11-29,"2020-12-06 15:09:36",353.6,General,Posted,,,dbabu@alhabib.om
TAG2002482,2020-10-15,"2020-10-29 15:43:59",440157,CPY2024992,2020-11-29,"2020-12-06 15:04:13",375,Rent,Posted,2020-09-16,2020-10-15,hatem.alamri@alhabib.om
TAG1903620,2020-11-30,"2020-12-03 15:24:33",440156,CAR2004111,2020-11-29,"2020-12-06 15:03:46",127.6,General,Posted,,,dbabu@alhabib.om
TAG1904038,2020-11-30,"2020-12-03 15:21:01",440149,CAR2004107,2020-11-29,"2020-12-06 14:44:59",75.4,General,Posted,,,dbabu@alhabib.om
TAG1904038,2020-11-30,"2020-12-03 15:21:01",440148,CAR2004106,2020-11-29,"2020-12-06 14:36:28",250,Rent,Posted,2020-11-01,2020-11-30,dbabu@alhabib.om
TAG2000623,2020-10-31,"2020-11-23 21:14:03",440131,CPY2024982,2020-10-07,"2020-12-06 14:03:04",95,Rent,Posted,2020-09-18,2020-09-30,dbabu@alhabib.om
TAG1902838,2020-08-31,"2020-09-19 17:32:24",440114,CAR2004082,2020-11-24,"2020-12-06 12:31:41",74.8,General,Posted,,,dbabu@alhabib.om
TAG2002035,2020-11-30,"2020-12-03 15:20:39",440104,CAR2004072,2020-11-24,"2020-12-06 10:29:24",197,General,Posted,,,dbabu@alhabib.om
TAG2003146,2020-10-31,"2020-12-03 15:20:14",440100,CAR2004068,2020-11-24,"2020-12-06 10:14:13",50,General,Posted,,,dbabu@alhabib.om
TAG2002220,2020-11-30,"2020-11-23 21:17:25",440097,CAR2004065,2020-11-23,"2020-12-06 09:56:18",58.5,General,Posted,,,dbabu@alhabib.om
TAG2002350,2020-11-15,"2020-11-23 21:17:50",440095,CAR2004063,2020-11-23,"2020-12-06 09:50:57",45.5,General,Posted,,,dbabu@alhabib.om
TAG1600341,2020-08-31,"2020-09-16 09:40:35",440087,CPY2024978,2020-11-29,"2020-12-03 16:02:41",350,Rent,Posted,2018-08-09,2018-08-21,hatem.alamri@alhabib.om
TAG2001878,2020-11-05,"2020-11-05 00:00:00",440070,CPY2024961,2020-09-10,"2020-12-03 11:40:48",1050,Rent,Posted,2020-08-06,2020-11-05,salamr@alhabib.om
TAG2000852,2020-08-31,"2020-10-01 13:11:37",440065,CPY2024956,2020-09-22,"2020-12-02 15:46:37",225,Rent,Posted,2020-05-01,2020-05-31,salamr@alhabib.om
TAG2001094,2020-05-31,"2020-10-21 10:21:16",440051,CPY2024942,2020-09-28,"2020-12-02 14:20:31",1050,Rent,Posted,2020-03-01,2020-05-31,salamr@alhabib.om
TAG1902931,2020-10-31,"2020-11-08 21:47:21",440000,CAR2004048,2020-11-22,"2020-12-02 10:37:40",14.3,General,Posted,,,dbabu@alhabib.om
TAG1902931,2020-10-31,"2020-11-08 21:47:21",439998,CAR2004047,2020-11-22,"2020-12-02 10:30:03",70,General,Posted,,,dbabu@alhabib.om
TAG1903105,2020-10-31,"2020-10-27 21:02:41",439997,CAR2004046,2020-11-22,"2020-12-02 10:28:12",78,General,Posted,,,dbabu@alhabib.om
TAG1903105,2020-10-31,"2020-10-27 21:02:41",439995,CAR2004045,2020-11-22,"2020-12-02 10:25:50",40,General,Posted,,,dbabu@alhabib.om
TAG2001085,2021-05-31,"2008-03-31 00:00:00",439977,CPY2024883,2020-12-01,"2020-12-02 09:48:49",225,Rent,Posted,2020-12-01,2020-12-31,hatem.alamri@alhabib.om
TAG2002181,2020-08-31,"2020-09-08 17:26:37",439967,CPY2024875,2020-09-09,"2020-12-01 16:38:09",630,Rent,Posted,2020-07-01,2020-08-31,salamr@alhabib.om
TAG2001090,2020-07-31,"2020-09-02 11:19:24",439901,CPY2024809,2020-11-30,"2020-12-01 15:27:26",350,Rent,Posted,2020-06-01,2020-06-30,salamr@alhabib.om
TAG2003003,2021-09-30,"2008-03-31 00:00:00",439846,CPY2024755,2020-11-29,"2020-12-01 15:10:12",275,Rent,Posted,2020-07-17,2020-08-24,salamr@alhabib.om
TAG2001225,2020-11-15,"2020-11-23 21:16:04",439821,CPY2024730,2020-11-24,"2020-12-01 14:57:41",147.2,General,Posted,,,hatem.alamri@alhabib.om
TAG2002832,2020-11-30,"2020-11-23 21:16:21",439770,CAR2004028,2020-11-19,"2020-12-01 12:48:55",50,General,Posted,,,dbabu@alhabib.om
TAG2002832,2020-11-30,"2020-11-23 21:16:21",439769,CAR2004027,2020-11-19,"2020-12-01 12:47:30",70,General,Posted,,,dbabu@alhabib.om
TAG2002832,2020-11-30,"2020-11-23 21:16:21",439768,CAR2004026,2020-11-19,"2020-12-01 12:43:57",235,Rent,Posted,2020-11-01,2020-11-30,dbabu@alhabib.om
TAG1903524,2020-11-15,"2020-11-23 21:15:56",439766,CAR2004025,2020-11-19,"2020-12-01 12:40:47",1.3,General,Posted,,,dbabu@alhabib.om
TAG1903434,2020-10-31,"2008-03-31 00:00:00",439746,CPY2024674,2020-11-23,"2020-12-01 12:06:26",185,Rent,Posted,2020-10-01,2020-10-30,hatem.alamri@alhabib.om
TAG2001691,2020-11-15,"2020-11-23 21:16:48",439744,CAR2004017,2020-11-19,"2020-12-01 12:01:16",38,General,Posted,,,dbabu@alhabib.om
TAG2001691,2020-11-15,"2020-11-23 21:16:48",439743,CAR2004016,2020-11-19,"2020-12-01 11:59:39",35,General,Posted,,,dbabu@alhabib.om
TAG1903940,2020-10-31,"2020-11-23 21:15:21",439736,CAR2004011,2020-11-18,"2020-12-01 11:47:46",15,General,Posted,,,dbabu@alhabib.om
TAG1903940,2020-10-31,"2020-11-23 21:15:21",439735,CAR2004010,2020-11-18,"2020-12-01 11:46:12",60,General,Posted,,,dbabu@alhabib.om
TAG1903940,2020-10-31,"2020-11-23 21:15:21",439734,CAR2004009,2020-11-18,"2020-12-01 11:44:04",190,Rent,Posted,2020-10-01,2020-10-31,dbabu@alhabib.om
TAG2003003,2021-09-30,"2008-03-31 00:00:00",439702,CPY2024641,2020-11-22,"2020-11-30 16:04:04",275,Rent,Posted,2020-06-09,2020-07-16,salamr@alhabib.om
TAG2000852,2020-08-31,"2020-10-01 13:11:37",439679,CPY2024618,2020-11-22,"2020-11-30 15:50:13",225,Rent,Posted,2020-04-01,2020-04-30,salamr@alhabib.om
TAG2001190,2021-05-20,"2008-03-31 00:00:00",439635,CPY2024574,2020-11-22,"2020-11-30 15:42:14",750,Rent,Posted,2020-11-21,2021-02-20,salamr@alhabib.om
TAG1903574,2020-10-31,"2020-11-29 15:50:30",439618,CPY2024557,2020-11-20,"2020-11-30 15:22:53",600,Rent,Posted,2020-07-01,2020-10-31,salamr@alhabib.om
TAG2001859,2020-07-15,"2008-03-31 00:00:00",439497,CPY2024436,2020-11-16,"2020-11-30 12:51:34",210,Rent,Posted,2020-11-16,2020-12-15,salamr@alhabib.om
TAG2001991,2020-12-31,"2008-03-31 00:00:00",439501,CPY2024440,2020-11-16,"2020-11-30 12:51:34",350,Rent,Posted,2020-11-16,2020-12-15,salamr@alhabib.om
TAG2001980,2020-09-30,"2020-09-19 17:36:05",439472,CPY2024411,2020-11-16,"2020-11-30 12:51:32",100,Rent,Posted,2020-09-12,2020-09-22,salamr@alhabib.om
TAG2001836,2020-08-31,"2020-10-10 11:41:32",439413,CPY2024352,2020-11-16,"2020-11-29 15:51:15",225,Rent,Posted,2020-06-01,2020-06-30,salamr@alhabib.om
TAG2001448,2020-08-31,"2020-09-13 12:38:44",439375,CPY2024314,2020-11-15,"2020-11-29 15:31:07",240,Rent,Posted,2020-05-01,2020-05-31,salamr@alhabib.om
TAG2002137,2020-10-09,"2020-10-09 00:00:00",439154,CPY2024093,2020-11-11,"2020-11-29 10:18:18",1860,Rent,Posted,2020-04-10,2020-10-09,salamr@alhabib.om
TAG2003003,2021-09-30,"2008-03-31 00:00:00",439148,CPY2024087,2020-11-11,"2020-11-29 10:17:39",220,Rent,Posted,2020-05-09,2020-06-08,salamr@alhabib.om
TAG2003215,2020-10-31,"2020-11-10 10:04:43",439142,CPY2024081,2020-11-11,"2020-11-29 10:17:38",225,Rent,Posted,2020-10-01,2020-10-31,salamr@alhabib.om
TAG2001419,2020-10-31,"2020-10-29 15:54:07",439114,CPY2024053,2020-11-11,"2020-11-29 10:17:37",200,Rent,Posted,2020-11-01,2020-11-30,salamr@alhabib.om
TAG2001275,2021-05-10,"2008-03-31 00:00:00",439112,CPY2024051,2020-11-11,"2020-11-29 10:17:37",250,Rent,Posted,2020-11-11,2020-12-10,salamr@alhabib.om
TAG2001556,2021-05-31,"2008-03-31 00:00:00",439087,CPY2024026,2020-11-10,"2020-11-24 15:33:56",90,Rent,Posted,2020-12-01,2020-12-31,salamr@alhabib.om
TAG2001557,2021-05-31,"2008-03-31 00:00:00",439022,CPY2023961,2020-11-10,"2020-11-24 15:11:35",125,Rent,Posted,2020-12-01,2020-12-31,salamr@alhabib.om
TAG2001557,2021-05-31,"2008-03-31 00:00:00",439021,CPY2023960,2020-11-10,"2020-11-24 15:11:35",125,Rent,Posted,2020-11-01,2020-11-30,salamr@alhabib.om
TAG2001557,2021-05-31,"2008-03-31 00:00:00",439020,CPY2023959,2020-11-10,"2020-11-24 15:11:35",125,Rent,Posted,2020-10-01,2020-10-31,salamr@alhabib.om
TAG2000447,2021-01-31,"2008-03-31 00:00:00",438833,CPY2023772,2020-11-10,"2020-11-24 12:19:36",230,Rent,Posted,2020-11-01,2020-11-30,salamr@alhabib.om
TAG2000527,2020-02-16,"2020-02-16 00:00:00",438788,CPY2023727,2020-11-04,"2020-11-24 12:02:25",330,General,Posted,,,salamr@alhabib.om
TAG2000527,2020-02-16,"2020-02-16 00:00:00",438787,CPY2023726,2020-11-04,"2020-11-24 12:00:57",597,General,Posted,,,salamr@alhabib.om
TAG2000527,2020-02-16,"2020-02-16 00:00:00",438786,CPY2023725,2020-11-04,"2020-11-24 11:51:22",940,Rent,Posted,2019-07-01,2019-10-23,salamr@alhabib.om
TAG2002485,2019-06-30,"2020-09-12 11:58:41",438785,CPY2023724,2020-11-24,"2020-11-24 11:44:33",100,General,Posted,,,salamr@alhabib.om
TAG2002485,2019-06-30,"2020-09-12 11:58:41",438784,CPY2023723,2020-11-08,"2020-11-24 11:41:20",74,General,Posted,,,salamr@alhabib.om
TAG2003012,2020-11-08,"2020-11-08 21:47:13",438783,CPY2023722,2020-11-05,"2020-11-24 11:38:19",10,General,Posted,,,salamr@alhabib.om
TAG2003012,2020-11-08,"2020-11-08 21:47:13",438782,CPY2023721,2020-11-05,"2020-11-24 11:36:37",20,General,Posted,,,salamr@alhabib.om
TAG2003012,2020-11-08,"2020-11-08 21:47:13",438781,CPY2023720,2020-11-05,"2020-11-24 11:31:45",290,Rent,Posted,2020-10-09,2020-11-08,salamr@alhabib.om
TAG1904047,2020-09-15,"2020-09-16 09:34:15",438776,CPY2023715,2020-11-09,"2020-11-24 11:21:36",100,General,Posted,,,salamr@alhabib.om
TAG2003003,2021-09-30,"2008-03-31 00:00:00",438654,CPY2023593,2020-11-07,"2020-11-23 14:58:56",275,Rent,Posted,2020-04-01,2020-05-08,salamr@alhabib.om
TAG2002040,2020-09-30,"2008-03-31 00:00:00",438549,CPY2023488,2020-11-08,"2020-11-23 14:26:59",180,Rent,Posted,2020-11-01,2020-11-30,salamr@alhabib.om
TAG2002729,2020-09-30,"2020-10-27 20:56:37",438481,CAR2004003,2020-11-18,"2020-11-23 11:00:55",423,General,Posted,,,dbabu@alhabib.om
TAG2002283,2020-09-30,"2020-10-05 16:12:23",438248,CPY2023213,2020-10-04,"2020-11-22 15:08:02",450,Rent,Posted,2020-08-01,2020-09-30,salamr@alhabib.om
TAG2001465,2020-10-15,"2020-11-17 15:42:24",438231,CAR2003971,2020-11-17,"2020-11-22 12:28:34",150,General,Posted,,,dbabu@alhabib.om
TAG2001465,2020-10-15,"2020-11-17 15:42:24",438228,CAR2003970,2020-11-17,"2020-11-22 12:26:56",200,General,Posted,,,dbabu@alhabib.om
TAG1600341,2020-08-31,"2020-09-16 09:40:35",438224,CPY2023202,2020-10-26,"2020-11-22 12:11:10",350,Rent,Posted,2018-07-25,2018-08-08,salamr@alhabib.om
TAG1900952,2020-02-13,"2008-03-31 00:00:00",438222,CPY2023201,2020-10-28,"2020-11-22 12:05:46",2991,Rent,Posted,2019-02-16,2020-02-15,salamr@alhabib.om
TAG1902927,2020-09-30,"2020-11-08 16:56:34",438207,CAR2003958,2020-11-16,"2020-11-22 11:32:41",12.4,General,Posted,,,dbabu@alhabib.om
TAG2001805,2020-11-15,"2020-11-08 21:48:53",438188,CAR2003947,2020-11-16,"2020-11-22 10:02:49",104.4,General,Posted,,,dbabu@alhabib.om
TAG2000744,2020-11-10,"2020-11-15 18:22:03",438149,CAR2003913,2020-11-14,"2020-11-19 15:04:17",300,General,Posted,,,dbabu@alhabib.om
TAG2002274,2020-10-31,"2020-11-08 21:48:34",438128,CAR2003905,2020-11-12,"2020-11-19 12:09:58",73.3,General,Posted,,,dbabu@alhabib.om
TAG2001772,2020-11-15,"2020-11-11 11:54:03",438113,CAR2003890,2020-11-11,"2020-11-18 15:31:56",111,General,Posted,,,dbabu@alhabib.om
TAG2001772,2020-11-15,"2020-11-11 11:54:03",438111,CAR2003889,2020-11-11,"2020-11-18 15:29:37",20,General,Posted,,,dbabu@alhabib.om
TAG1600341,2020-08-31,"2020-09-16 09:40:35",438103,CPY2023165,2020-09-28,"2020-11-18 15:19:10",350,Rent,Posted,2018-07-13,2018-07-24,salamr@alhabib.om
TAG2001399,2020-10-31,"2020-11-08 21:44:52",438097,CAR2003884,2020-10-28,"2020-11-18 10:02:44",98,Rent,Posted,2020-11-01,2020-11-30,hatem.alamri@alhabib.om
TAG2000321,2020-12-31,"2008-03-31 00:00:00",438094,CPY2023157,2020-09-06,"2020-11-17 16:00:20",1050,Rent,Posted,2020-07-01,2020-12-31,salamr@alhabib.om
TAG2002107,2020-09-30,"2020-10-29 16:29:39",438086,CPY2023150,2020-09-01,"2020-11-17 14:37:49",4590,Rent,Posted,2020-07-01,2020-09-30,salamr@alhabib.om
TAG2002981,2020-09-30,"2020-10-24 13:26:45",438065,CAR2003881,2020-10-04,"2020-11-16 15:26:20",375,Rent,Posted,2020-07-01,2020-09-30,hatem.alamri@alhabib.om
TAG1902832,2020-10-31,"2020-11-02 09:23:58",438055,CPY2023128,2020-09-13,"2020-11-15 16:11:17",250,Rent,Posted,2020-09-01,2020-09-30,salamr@alhabib.om
TAG2001341,2020-08-24,"2020-09-02 11:22:42",438001,CPY2023074,2020-08-16,"2020-11-15 16:08:18",900,Rent,Posted,2020-04-25,2020-07-24,wasif.ahmed@alhabib.om
TAG1903247,2020-10-31,"2020-11-08 21:49:00",437994,CPY2023067,2020-09-13,"2020-11-15 15:55:46",225,Rent,Posted,2020-10-01,2020-10-31,salamr@alhabib.om
TAG1902481,2020-09-30,"2020-10-29 16:20:36",437981,CPY2023054,2020-09-13,"2020-11-15 15:55:45",100,Rent,Posted,2020-09-01,2020-09-30,salamr@alhabib.om
TAG2000411,2020-10-31,"2020-10-27 16:29:00",437961,CPY2023034,2020-09-13,"2020-11-15 15:55:44",315,Rent,Posted,2020-10-01,2020-10-31,salamr@alhabib.om
TAG2001616,2020-06-18,"2008-03-31 00:00:00",437947,CAR2003871,2020-11-10,"2020-11-15 15:46:07",168,General,Posted,,,dbabu@alhabib.om
TAG1903148,2020-09-30,"2020-10-29 16:49:43",437937,CPY2023014,2020-09-13,"2020-11-15 15:41:22",225,Rent,Posted,2020-09-01,2020-09-30,salamr@alhabib.om
TAG1903096,2020-09-30,"2020-10-27 20:56:17",437930,CPY2023007,2020-09-13,"2020-11-15 15:41:21",150,Rent,Posted,2020-09-01,2020-09-30,salamr@alhabib.om
TAG1902886,2020-09-30,"2020-10-27 20:53:50",437881,CPY2022959,2020-09-13,"2020-11-15 15:21:40",200,Rent,Posted,2020-09-01,2020-09-30,salamr@alhabib.om
TAG1902286,2020-09-30,"2020-10-05 16:13:09",437883,CPY2022961,2020-09-13,"2020-11-15 15:21:40",250,Rent,Posted,2020-09-01,2020-09-30,salamr@alhabib.om
TAG2000447,2021-01-31,"2008-03-31 00:00:00",437838,CPY2022919,2020-09-13,"2020-11-15 15:04:00",230,Rent,Posted,2020-10-01,2020-10-31,salamr@alhabib.om
TAG1902950,2020-09-30,"2020-10-27 20:48:22",437796,CPY2022877,2020-09-13,"2020-11-15 15:03:59",280,Rent,Posted,2020-09-01,2020-09-30,salamr@alhabib.om
TAG2000671,2020-06-30,"2008-03-31 00:00:00",437793,CPY2022874,2020-09-13,"2020-11-15 15:03:58",990,Rent,Posted,2020-02-16,2020-06-30,salamr@alhabib.om
TAG1801873,2020-02-17,"2008-03-31 00:00:00",437722,CPY2022808,2020-11-02,"2020-11-12 15:51:27",500,Rent,Posted,2017-12-25,2018-03-28,salamr@alhabib.om
TAG2000754,2020-09-30,"2020-10-11 15:31:48",437553,CPY2022639,2020-11-02,"2020-11-12 14:40:15",250,Rent,Posted,2020-08-01,2020-08-31,salamr@alhabib.om
TAG1903433,2020-10-31,"2020-11-08 21:46:37",437510,CPY2022596,2020-11-02,"2020-11-12 14:40:14",225,Rent,Posted,0001-02-21,2020-03-31,wasif.ahmed@alhabib.om
TAG2003044,2020-10-31,"2020-11-08 17:06:19",437470,CPY2022558,2020-11-02,"2020-11-12 13:27:07",210,Rent,Posted,2020-10-01,2020-10-31,salamr@alhabib.om
TAG1903412,2020-10-31,"2020-11-08 21:46:25",437414,CAR2003852,2020-11-09,"2020-11-12 12:49:03",10,General,Posted,,,dbabu@alhabib.om
TAG1903293,2020-10-31,"2020-11-10 10:04:20",437413,CAR2003851,2020-11-09,"2020-11-12 12:47:16",42,General,Posted,,,dbabu@alhabib.om
TAG1903293,2020-10-31,"2020-11-10 10:04:20",437412,CAR2003850,2020-11-09,"2020-11-12 12:45:33",48,General,Posted,,,dbabu@alhabib.om
TAG2002040,2020-09-30,"2008-03-31 00:00:00",437333,CPY2022433,2020-09-06,"2020-11-12 10:19:41",180,Rent,Posted,2020-10-01,2020-10-31,wasif.ahmed@alhabib.om
TAG2000575,2020-09-15,"2020-10-11 15:32:50",437323,CPY2022423,2020-11-02,"2020-11-12 10:17:38",222,Rent,Posted,2020-04-05,2020-04-23,salamr@alhabib.om
TAG2001090,2020-07-31,"2020-09-02 11:19:24",437289,CPY2022389,2020-09-06,"2020-11-12 08:49:29",700,Rent,Posted,2020-04-01,2020-05-31,wasif.ahmed@alhabib.om
TAG1800591,2018-12-31,"2008-03-31 00:00:00",401590,CPY1923070,2019-09-24,"2020-11-12 00:00:00",500,Rent,Posted,2018-08-19,2018-08-24,amishd@imtac.com
TAG1902555,2020-07-31,"2008-03-31 00:00:00",410979,CPY1930894,2019-12-31,"2020-11-12 00:00:00",190,Rent,Posted,2019-12-01,2019-12-31,amishd@imtac.com
TAG1902555,2020-07-31,"2008-03-31 00:00:00",408866,CPY1929138,2019-12-08,"2020-11-12 00:00:00",190,Rent,Posted,2019-11-01,2019-11-30,amishd@imtac.com
TAG1800591,2018-12-31,"2008-03-31 00:00:00",410624,CPY1930737,2019-12-24,"2020-11-12 00:00:00",500,Rent,Posted,2018-09-10,2018-09-17,amishd@imtac.com
TAG1800591,2018-12-31,"2008-03-31 00:00:00",376830,CPY1902299,2019-01-20,"2020-11-12 00:00:00",500,Rent,Posted,2018-06-23,2018-06-30,amishd@imtac.com
TAG1800591,2018-12-31,"2008-03-31 00:00:00",379881,CPY1904765,2019-02-25,"2020-11-12 00:00:00",500,Rent,Posted,2018-07-01,2018-07-08,amishd@imtac.com
TAG1800591,2018-12-31,"2008-03-31 00:00:00",382706,CPY1907141,2019-03-24,"2020-11-12 00:00:00",500,Rent,Posted,2018-07-09,2018-07-16,amishd@imtac.com
TAG1800591,2018-12-31,"2008-03-31 00:00:00",386014,CPY1909972,2019-04-23,"2020-11-12 00:00:00",500,Rent,Posted,2018-07-17,2018-07-24,amishd@imtac.com
TAG1802588,2019-01-18,"2008-03-31 00:00:00",367689,CPY1825328,2018-10-17,"2020-11-12 00:00:00",1050,Rent,Posted,2018-10-19,2019-01-18,amishd@imtac.com
TAG1800591,2018-12-31,"2008-03-31 00:00:00",392388,CPY1915306,2019-06-25,"2020-11-12 00:00:00",500,Rent,Posted,2018-07-25,2018-07-31,amishd@imtac.com
TAG1800591,2018-12-31,"2008-03-31 00:00:00",395294,CPY1917735,2019-07-21,"2020-11-12 00:00:00",500,Rent,Posted,2018-08-01,2018-08-08,amishd@imtac.com
TAG1800591,2018-12-31,"2008-03-31 00:00:00",404510,CPY1925590,2019-10-20,"2020-11-12 00:00:00",500,Rent,Posted,2018-08-25,2018-09-01,amishd@imtac.com
TAG1800591,2018-12-31,"2008-03-31 00:00:00",407651,CPY1928197,2019-11-24,"2020-11-12 00:00:00",500,Rent,Posted,2018-09-02,2018-09-09,amishd@imtac.com
TAG1800591,2018-12-31,"2008-03-31 00:00:00",412632,CPY2001325,2020-01-21,"2020-11-12 00:00:00",500,Rent,Posted,2018-09-18,2018-09-25,amishd@imtac.com
TAG1800591,2018-12-31,"2008-03-31 00:00:00",416570,CPY2004748,2020-02-20,"2020-11-12 00:00:00",500,Rent,Posted,2018-09-26,2018-10-02,amishd@imtac.com
TAG1804257,2020-01-14,"2008-03-31 00:00:00",394788,CPY1917270,2019-07-16,"2020-11-12 00:00:00",1350,Rent,Posted,2019-07-15,2019-10-14,amishd@imtac.com
TAG1902555,2020-07-31,"2008-03-31 00:00:00",399220,CPY1920909,2019-09-07,"2020-11-12 00:00:00",190,Rent,Posted,2019-09-01,2019-09-30,amishd@imtac.com
TAG1804257,2020-01-14,"2008-03-31 00:00:00",385223,CPY1909253,2019-04-17,"2020-11-12 00:00:00",1350,Rent,Posted,2019-04-15,2019-07-14,amishd@imtac.com
TAG1902555,2020-07-31,"2008-03-31 00:00:00",398205,CPY1920242,2019-08-21,"2020-11-12 00:00:00",190,Rent,Posted,2019-08-01,2019-08-31,amishd@imtac.com
TAG1800591,2018-12-31,"2008-03-31 00:00:00",372449,CAR1805654,2018-12-16,"2020-11-12 00:00:00",9000,Rent,Posted,2018-02-01,2018-06-22,amishd@imtac.com
TAG1800591,2018-12-31,"2008-03-31 00:00:00",398157,CPY1920220,2019-08-20,"2020-11-12 00:00:00",500,Rent,Posted,2018-08-09,2018-08-18,amishd@imtac.com
TAG1902555,2020-07-31,"2008-03-31 00:00:00",413812,CPY2002410,2020-01-28,"2020-11-12 00:00:00",190,Rent,Posted,2020-01-01,2020-01-31,amishd@imtac.com
TAG1802588,2019-01-18,"2008-03-31 00:00:00",365430,CPY1823258,2018-10-05,"2020-11-12 00:00:00",1050,Rent,Posted,2018-07-19,2018-10-18,amishd@imtac.com
TAG1804257,2020-01-14,"2008-03-31 00:00:00",379399,CPY1904350,2019-02-20,"2020-11-12 00:00:00",1350,Rent,Posted,2019-01-15,2019-04-14,amishd@imtac.com
TAG1902555,2020-07-31,"2008-03-31 00:00:00",404443,CPY1925523,2019-10-20,"2020-11-12 00:00:00",190,Rent,Posted,2019-10-01,2019-10-31,amishd@imtac.com
TAG1902555,2020-07-31,"2008-03-31 00:00:00",416432,CPY2004626,2020-02-18,"2020-11-12 00:00:00",190,Rent,Posted,2020-02-01,2020-02-29,amishd@imtac.com
TAG1800591,2018-12-31,"2008-03-31 00:00:00",419581,CPY2007180,2020-03-23,"2020-11-12 00:00:00",500,Rent,Posted,2018-10-03,2018-10-10,amishd@imtac.com
TAG2003202,2020-10-31,"2020-10-31 00:00:00",437277,CAR2003838,2020-11-09,"2020-11-11 16:31:04",2800,Rent,Posted,2020-04-01,2020-10-31,dbabu@alhabib.om
TAG2001562,2020-05-31,"2008-03-31 00:00:00",437237,CPY2022351,2020-11-01,"2020-11-11 15:43:51",100,Rent,Posted,2019-10-25,2019-11-07,hatem.alamri@alhabib.om
TAG2001562,2020-05-31,"2008-03-31 00:00:00",437235,CPY2022349,2020-10-05,"2020-11-11 15:42:16",100,Rent,Posted,2019-10-11,2019-10-24,wasif.ahmed@alhabib.om
TAG2002452,2020-07-31,"2020-09-22 10:54:51",437222,CPY2022337,2020-11-01,"2020-11-11 15:25:30",1000,Rent,Posted,2020-05-16,2020-07-31,salamr@alhabib.om
TAG1901794,2020-06-05,"2008-03-31 00:00:00",437209,CAR2003829,2020-11-08,"2020-11-11 15:14:53",15.5,General,Posted,,,dbabu@alhabib.om
TAG1901741,2020-05-15,"2008-03-31 00:00:00",437206,CAR2003828,2020-11-08,"2020-11-11 15:12:59",34,General,Posted,,,dbabu@alhabib.om
TAG2001137,2020-09-30,"2020-11-08 17:24:21",437201,CAR2003827,2020-11-08,"2020-11-11 15:00:46",678,General,Posted,,,dbabu@alhabib.om
TAG1901794,2020-06-05,"2008-03-31 00:00:00",437191,CAR2003822,2020-11-08,"2020-11-11 14:40:05",144.5,General,Posted,,,dbabu@alhabib.om
TAG1901794,2020-06-05,"2008-03-31 00:00:00",437188,CAR2003821,2020-11-08,"2020-11-11 14:37:54",90,General,Posted,,,dbabu@alhabib.om
TAG1901741,2020-05-15,"2008-03-31 00:00:00",437187,CAR2003820,2020-11-08,"2020-11-11 14:33:33",106,General,Posted,,,dbabu@alhabib.om
TAG1901741,2020-05-15,"2008-03-31 00:00:00",437184,CAR2003819,2020-11-08,"2020-11-11 14:31:31",60,General,Posted,,,dbabu@alhabib.om
TAG2001772,2020-11-15,"2020-11-11 11:54:03",437172,CAR2003815,2020-11-08,"2020-11-11 14:17:11",175,Rent,Posted,2020-11-01,2020-11-15,dbabu@alhabib.om
TAG2000733,2020-10-31,"2020-11-08 17:24:49",437150,CAR2003807,2020-11-08,"2020-11-11 12:14:40",150.5,General,Posted,,,dbabu@alhabib.om
TAG2000733,2020-10-31,"2020-11-08 17:24:49",437136,CAR2003806,2020-11-08,"2020-11-11 11:46:58",142.5,General,Posted,,,dbabu@alhabib.om
TAG2001189,2021-05-31,"2008-03-31 00:00:00",437092,CPY2022234,2020-10-27,"2020-11-11 11:35:30",750,Rent,Posted,2020-06-01,2020-08-31,salamr@alhabib.om
TAG2001188,2021-05-31,"2008-03-31 00:00:00",437094,CPY2022236,2020-10-27,"2020-11-11 11:35:30",750,Rent,Posted,2020-06-01,2020-08-31,salamr@alhabib.om
TAG2001190,2021-05-20,"2008-03-31 00:00:00",437091,CPY2022233,2020-10-27,"2020-11-11 11:35:30",750,Rent,Posted,2020-08-21,2020-11-20,salamr@alhabib.om
TAG2001189,2021-05-31,"2008-03-31 00:00:00",437093,CPY2022235,2020-10-27,"2020-11-11 11:35:30",750,Rent,Posted,2020-09-01,2020-11-30,salamr@alhabib.om
TAG2001188,2021-05-31,"2008-03-31 00:00:00",437095,CPY2022237,2020-10-27,"2020-11-11 11:35:30",750,Rent,Posted,2020-09-01,2020-11-30,salamr@alhabib.om
TAG2001191,2021-05-31,"2008-03-31 00:00:00",437096,CPY2022238,2020-10-27,"2020-11-11 11:35:30",750,Rent,Posted,2020-06-01,2020-08-31,salamr@alhabib.om
TAG2001191,2021-05-31,"2008-03-31 00:00:00",437097,CPY2022239,2020-10-27,"2020-11-11 11:35:30",750,Rent,Posted,2020-09-01,2020-11-30,salamr@alhabib.om
TAG2001190,2021-05-20,"2008-03-31 00:00:00",437090,CPY2022232,2020-10-27,"2020-11-11 11:35:29",750,Rent,Posted,2020-05-21,2020-08-20,salamr@alhabib.om
TAG2001187,2021-05-31,"2008-03-31 00:00:00",437089,CPY2022231,2020-10-27,"2020-11-11 11:35:29",750,Rent,Posted,2020-09-01,2020-11-30,salamr@alhabib.om
TAG2001187,2021-05-31,"2008-03-31 00:00:00",437088,CPY2022230,2020-10-27,"2020-11-11 11:35:29",750,Rent,Posted,2020-06-01,2020-08-31,salamr@alhabib.om
TAG1902741,2020-07-31,"2020-07-31 00:00:00",436956,CPY2022117,2020-10-22,"2020-11-10 14:56:17",200,Rent,Posted,2020-06-01,2020-06-30,salamr@alhabib.om
TAG1902741,2020-07-31,"2020-07-31 00:00:00",436955,CPY2022116,2020-10-22,"2020-11-10 14:56:17",200,Rent,Posted,2020-05-01,2020-05-31,salamr@alhabib.om
TAG1903795,2020-11-21,"2008-03-31 00:00:00",436929,CPY2022090,2020-10-21,"2020-11-10 14:45:40",400,Rent,Posted,2020-10-22,2020-11-21,salamr@alhabib.om
TAG2002307,2020-09-30,"2020-10-29 15:37:24",436920,CPY2022081,2020-10-21,"2020-11-10 14:45:39",1050,Rent,Posted,2020-08-01,2020-09-30,salamr@alhabib.om
TAG1802508,2019-06-30,"2008-03-31 00:00:00",436897,CPY2022058,2020-10-22,"2020-11-10 14:04:17",867,Rent,Posted,2018-08-01,2018-11-14,sirajm@alhabib.om
TAG2001085,2021-05-31,"2008-03-31 00:00:00",436870,CPY2022031,2020-10-28,"2020-11-10 12:18:55",225,Rent,Posted,2020-11-01,2020-11-30,hatem.alamri@alhabib.om
TAG2001627,2020-11-10,"2020-11-08 21:45:36",436855,CPY2022016,2020-10-20,"2020-11-10 12:06:53",220,Rent,Posted,2020-10-11,2020-11-10,salamr@alhabib.om
TAG2002233,2020-08-30,"2020-08-26 22:04:58",436842,CPY2022003,2020-08-22,"2020-11-10 10:29:32",62.5,Rent,Posted,2020-08-25,2020-08-30,wasif.ahmed@alhabib.om
TAG2001859,2020-07-15,"2008-03-31 00:00:00",436839,CPY2022000,2020-08-22,"2020-11-10 10:28:22",210,Rent,Posted,2020-10-16,2020-11-15,wasif.ahmed@alhabib.om
TAG1903550,2020-11-19,"2020-10-27 21:04:42",436826,CPY2021987,2020-10-20,"2020-11-09 16:52:35",800,Rent,Posted,2020-10-20,2020-11-19,salamr@alhabib.om
TAG1903288,2020-10-31,"2020-11-08 21:46:49",436779,CPY2021940,2020-10-04,"2020-11-09 16:27:31",250,Rent,Posted,2020-10-01,2020-10-31,salamr@alhabib.om
TAG2001980,2020-09-30,"2020-09-19 17:36:05",436726,CPY2021887,2020-10-19,"2020-11-09 16:08:23",100,Rent,Posted,2020-09-01,2020-09-11,salamr@alhabib.om
TAG2001556,2021-05-31,"2008-03-31 00:00:00",436712,CPY2021873,2020-10-19,"2020-11-09 15:53:12",90,Rent,Posted,2020-07-01,2020-07-31,salamr@alhabib.om
TAG2001556,2021-05-31,"2008-03-31 00:00:00",436714,CPY2021875,2020-10-19,"2020-11-09 15:53:12",90,Rent,Posted,2020-09-01,2020-09-30,salamr@alhabib.om
TAG2001556,2021-05-31,"2008-03-31 00:00:00",436715,CPY2021876,2020-10-19,"2020-11-09 15:53:12",90,Rent,Posted,2020-10-01,2020-10-31,salamr@alhabib.om
TAG2001556,2021-05-31,"2008-03-31 00:00:00",436716,CPY2021877,2020-10-19,"2020-11-09 15:53:12",90,Rent,Posted,2020-11-01,2020-11-30,salamr@alhabib.om
TAG2001556,2021-05-31,"2008-03-31 00:00:00",436713,CPY2021874,2020-10-19,"2020-11-09 15:53:12",90,Rent,Posted,2020-08-01,2020-08-31,salamr@alhabib.om
TAG1903412,2020-10-31,"2020-11-08 21:46:25",436695,CPY2021856,2020-10-19,"2020-11-09 15:53:11",200,Rent,Posted,2020-10-01,2020-10-31,salamr@alhabib.om
TAG2002134,2020-07-31,"2020-09-22 10:54:01",436665,CPY2021826,2020-10-19,"2020-11-09 15:35:46",125,Rent,Posted,2020-07-22,2020-07-31,salamr@alhabib.om
TAG2001557,2021-05-31,"2008-03-31 00:00:00",436657,CPY2021818,2020-10-19,"2020-11-09 15:35:46",125,Rent,Posted,2020-09-01,2020-09-30,salamr@alhabib.om
TAG2001557,2021-05-31,"2008-03-31 00:00:00",436656,CPY2021817,2020-10-19,"2020-11-09 15:35:46",125,Rent,Posted,2020-08-01,2020-08-31,salamr@alhabib.om
TAG2001557,2021-05-31,"2008-03-31 00:00:00",436655,CPY2021816,2020-10-19,"2020-11-09 15:35:46",125,Rent,Posted,2020-07-01,2020-07-31,salamr@alhabib.om
TAG1903433,2020-10-31,"2020-11-08 21:46:37",436625,CPY2021786,2020-10-01,"2020-11-09 15:11:13",675,Rent,Posted,2020-01-01,2020-02-28,wasif.ahmed@alhabib.om
TAG1902451,2020-08-31,"2020-09-19 17:33:29",436611,CPY2021772,2020-08-29,"2020-11-09 13:08:14",310,Rent,Posted,2020-08-01,2020-08-31,wasif.ahmed@alhabib.om
TAG1902451,2020-08-31,"2020-09-19 17:33:29",436610,CPY2021771,2020-08-29,"2020-11-09 13:07:54",310,Rent,Posted,2020-07-01,2020-07-31,wasif.ahmed@alhabib.om
TAG1902451,2020-08-31,"2020-09-19 17:33:29",436609,CPY2021770,2020-08-29,"2020-11-09 13:07:32",310,Rent,Posted,2020-06-01,2020-06-30,wasif.ahmed@alhabib.om
TAG2001991,2020-12-31,"2008-03-31 00:00:00",436543,CPY2021704,2020-10-19,"2020-11-09 12:26:41",350,Rent,Posted,2020-10-16,2020-11-15,salamr@alhabib.om
TAG2001859,2020-07-15,"2008-03-31 00:00:00",436536,CPY2021697,2020-10-19,"2020-11-09 12:26:41",210,Rent,Posted,2020-09-16,2020-10-15,salamr@alhabib.om
TAG2001805,2020-11-15,"2020-11-08 21:48:53",436483,CPY2021644,2020-10-19,"2020-11-09 12:07:41",215,Rent,Posted,2020-10-16,2020-11-15,salamr@alhabib.om
TAG1903434,2020-10-31,"2008-03-31 00:00:00",436413,CPY2021574,2020-10-19,"2020-11-09 11:34:31",185,Rent,Posted,2020-09-01,2020-09-30,salamr@alhabib.om
TAG1903410,2020-10-31,"2020-11-08 21:48:21",436395,CPY2021556,2020-10-19,"2020-11-09 11:15:24",170,Rent,Posted,2020-10-01,2020-10-31,salamr@alhabib.om
TAG1903039,2020-09-30,"2020-10-10 11:41:41",436303,CPY2021464,2020-10-21,"2020-11-08 15:54:34",2775,Rent,Posted,2020-07-29,2020-09-30,hatem.alamri@alhabib.om
TAG2002454,2020-10-15,"2020-10-27 20:54:40",436285,CAR2003783,2020-11-05,"2020-11-08 15:11:37",10,General,Posted,,,dbabu@alhabib.om
TAG1902805,2020-08-31,"2020-10-29 15:54:25",436155,CPY2021330,2020-10-10,"2020-11-08 12:35:54",900,Rent,Posted,2020-03-01,2020-03-31,salamr@alhabib.om
TAG2000411,2020-10-31,"2020-10-27 16:29:00",436095,CPY2021273,2020-10-10,"2020-11-08 12:14:30",315,Rent,Posted,2020-09-01,2020-09-30,salamr@alhabib.om
TAG2001409,2020-10-31,"2020-10-29 15:52:39",436077,CAR2003766,2020-11-04,"2020-11-08 11:56:37",41.6,General,Posted,,,dbabu@alhabib.om
TAG2000754,2020-09-30,"2020-10-11 15:31:48",436051,CPY2021232,2020-10-10,"2020-11-08 11:47:50",250,Rent,Posted,2020-07-01,2020-07-31,salamr@alhabib.om
TAG2002299,2020-08-01,"2020-10-18 15:09:43",435913,CPY2021094,2020-10-14,"2020-11-08 10:59:53",50,General,Posted,,,hatem.alamri@alhabib.om
TAG2000447,2021-01-31,"2008-03-31 00:00:00",435866,CPY2021047,2020-10-10,"2020-11-08 10:41:25",230,Rent,Posted,2020-09-01,2020-09-30,salamr@alhabib.om
TAG2001275,2021-05-10,"2008-03-31 00:00:00",435857,CPY2021038,2020-10-10,"2020-11-08 10:22:31",250,Rent,Posted,2020-10-11,2020-11-10,salamr@alhabib.om
TAG1902833,2020-09-30,"2020-10-27 16:28:50",435798,CPY2020979,2020-10-08,"2020-11-05 16:54:06",900,Rent,Posted,2020-04-01,2020-06-30,salamr@alhabib.om
TAG2000754,2020-09-30,"2020-10-11 15:31:48",435733,CPY2020914,2020-10-07,"2020-11-05 16:10:40",250,Rent,Posted,2020-05-01,2020-05-31,salamr@alhabib.om
TAG2000754,2020-09-30,"2020-10-11 15:31:48",435734,CPY2020915,2020-10-07,"2020-11-05 16:10:40",250,Rent,Posted,2020-06-01,2020-06-30,salamr@alhabib.om
TAG2000754,2020-09-30,"2020-10-11 15:31:48",435732,CPY2020913,2020-10-07,"2020-11-05 16:10:40",250,Rent,Posted,2020-04-01,2020-04-30,salamr@alhabib.om
TAG2000754,2020-09-30,"2020-10-11 15:31:48",435731,CPY2020912,2020-10-07,"2020-11-05 16:10:40",250,Rent,Posted,2020-03-01,2020-03-31,salamr@alhabib.om
TAG1903881,2020-10-31,"2020-10-27 20:55:55",435706,CPY2020887,2020-10-07,"2020-11-05 16:10:38",175,Rent,Posted,2020-10-01,2020-10-31,salamr@alhabib.om
TAG2002134,2020-07-31,"2020-09-22 10:54:01",435690,CPY2020871,2020-08-18,"2020-11-05 15:58:15",125,Rent,Posted,2020-07-01,2020-07-21,wasif.ahmed@alhabib.om
TAG2001409,2020-10-31,"2020-10-29 15:52:39",435648,CAR2003765,2020-11-04,"2020-11-05 15:35:49",60,General,Posted,,,dbabu@alhabib.om
TAG1903910,2020-09-30,"2020-09-30 00:00:00",435608,CPY2020793,2020-10-06,"2020-11-05 15:13:44",200,Rent,Posted,2020-09-01,2020-09-30,salamr@alhabib.om
TAG1903910,2020-09-30,"2020-09-30 00:00:00",435607,CPY2020792,2020-10-06,"2020-11-05 15:13:44",200,Rent,Posted,2020-08-01,2020-08-31,salamr@alhabib.om
TAG1903910,2020-09-30,"2020-09-30 00:00:00",435606,CPY2020791,2020-10-06,"2020-11-05 15:13:43",200,Rent,Posted,2020-07-01,2020-07-31,salamr@alhabib.om
TAG1903187,2020-10-31,"2020-11-04 13:22:02",435573,CAR2003745,2020-11-04,"2020-11-05 12:49:53",10.7,General,Posted,,,dbabu@alhabib.om
TAG1903187,2020-10-31,"2020-11-04 13:22:02",435572,CAR2003744,2020-11-04,"2020-11-05 12:48:06",30,General,Posted,,,dbabu@alhabib.om
TAG1903235,2020-10-31,"2020-10-29 15:52:15",435525,CPY2020731,2020-10-06,"2020-11-05 12:07:46",250,Rent,Posted,2020-10-01,2020-10-31,salamr@alhabib.om
TAG2002040,2020-09-30,"2008-03-31 00:00:00",435505,CPY2020711,2020-10-06,"2020-11-05 12:07:45",180,Rent,Posted,2020-09-01,2020-09-30,salamr@alhabib.om
TAG1903666,2020-11-30,"2008-03-31 00:00:00",435475,CPY2020681,2020-10-06,"2020-11-05 11:43:30",500,Rent,Posted,2020-10-01,2020-11-30,salamr@alhabib.om
TAG1903865,2020-10-31,"2020-10-27 20:55:35",435476,CPY2020682,2020-10-06,"2020-11-05 11:43:30",300,Rent,Posted,2020-10-01,2020-10-31,salamr@alhabib.om
TAG1902200,2020-08-31,"2020-09-16 09:34:38",435405,CPY2020611,2020-08-15,"2020-11-05 10:34:02",150,Rent,Posted,2020-07-16,2020-08-15,wasif.ahmed@alhabib.om
TAG2000671,2020-06-30,"2008-03-31 00:00:00",435402,CPY2020608,2020-08-15,"2020-11-05 10:24:45",770,Rent,Posted,2019-11-01,2020-02-15,wasif.ahmed@alhabib.om
TAG1903187,2020-10-31,"2020-11-04 13:22:02",435271,CPY2020477,2020-10-03,"2020-11-04 16:05:21",200,Rent,Posted,2020-10-01,2020-10-31,salamr@alhabib.om
TAG2001956,2021-05-31,"2008-03-31 00:00:00",435171,CPY2020377,2020-10-03,"2020-11-04 14:37:50",1200,Rent,Posted,2020-10-01,2020-12-31,salamr@alhabib.om
TAG2000575,2020-09-15,"2020-10-11 15:32:50",435137,CPY2020343,2020-10-03,"2020-11-04 12:57:48",222,Rent,Posted,2020-03-17,2020-04-04,salamr@alhabib.om
TAG1903039,2020-09-30,"2020-10-10 11:41:41",435021,CPY2020232,2020-10-03,"2020-11-04 12:06:25",1200,Rent,Posted,2020-07-01,2020-07-28,salamr@alhabib.om
TAG2000232,2020-10-31,"2020-10-12 11:00:23",434994,CPY2020205,2020-10-03,"2020-11-04 12:04:30",150,Rent,Posted,2020-10-01,2020-10-31,salamr@alhabib.om
TAG1900932,2020-06-30,"2020-10-10 11:39:45",434974,CPY2020185,2020-10-07,"2020-11-04 12:03:27",24730,Rent,Posted,2020-03-01,2020-06-30,hatem.alamri@alhabib.om
TAG1900932,2020-06-30,"2020-10-10 11:39:45",434973,CPY2020184,2020-10-07,"2020-11-04 12:01:40",6182.5,Rent,Posted,2020-02-01,2020-02-29,hatem.alamri@alhabib.om
TAG2002454,2020-10-15,"2020-10-27 20:54:40",434946,CPY2020157,2020-10-03,"2020-11-04 11:40:52",650,Rent,Posted,2020-08-16,2020-10-15,salamr@alhabib.om
TAG2001409,2020-10-31,"2020-10-29 15:52:39",434908,CPY2020120,2020-10-03,"2020-11-04 11:18:34",275,Rent,Posted,2020-10-01,2020-10-31,salamr@alhabib.om
TAG1903105,2020-10-31,"2020-10-27 21:02:41",434874,CPY2020086,2020-10-03,"2020-11-04 11:18:33",135,Rent,Posted,2020-10-01,2020-10-31,salamr@alhabib.om
TAG1903248,2020-10-31,"2020-10-27 20:57:31",434873,CPY2020085,2020-10-03,"2020-11-04 11:18:33",375,Rent,Posted,2020-10-01,2020-10-31,salamr@alhabib.om
TAG1903850,2020-06-30,"2020-06-30 00:00:00",434848,CPY2020061,2020-10-01,"2020-11-04 10:35:55",600,Rent,Posted,2020-06-16,2020-06-30,hatem.alamri@alhabib.om
TAG1903848,2020-10-15,"2020-10-15 00:00:00",434844,CPY2020057,2020-10-01,"2020-11-04 10:27:43",480,Rent,Posted,2020-09-16,2020-10-15,hatem.alamri@alhabib.om
TAG2002289,2020-09-30,"2020-10-05 16:09:33",434827,CPY2020040,2020-10-04,"2020-11-04 09:32:30",450,Rent,Posted,2020-08-01,2020-09-30,hatem.alamri@alhabib.om
TAG2002288,2020-09-30,"2020-10-05 16:12:35",434826,CPY2020039,2020-10-04,"2020-11-04 09:31:24",450,Rent,Posted,2020-08-01,2020-09-30,hatem.alamri@alhabib.om
TAG2002287,2020-09-30,"2020-10-05 16:11:50",434825,CPY2020038,2020-10-04,"2020-11-04 09:30:15",450,Rent,Posted,2020-08-01,2020-09-30,hatem.alamri@alhabib.om
TAG2002286,2020-09-30,"2020-10-05 16:12:47",434824,CPY2020037,2020-10-04,"2020-11-04 09:29:02",450,Rent,Posted,2020-08-01,2020-09-30,hatem.alamri@alhabib.om
TAG2002285,2020-09-30,"2020-10-05 16:12:07",434823,CPY2020036,2020-10-04,"2020-11-04 09:26:47",450,Rent,Posted,2020-08-01,2020-09-30,hatem.alamri@alhabib.om
TAG2002284,2020-09-30,"2020-10-05 16:10:38",434822,CPY2020035,2020-10-04,"2020-11-04 09:25:38",450,Rent,Posted,2020-08-01,2020-09-30,hatem.alamri@alhabib.om
TAG2002282,2020-09-30,"2020-10-05 16:12:01",434821,CPY2020034,2020-10-04,"2020-11-04 09:24:25",450,Rent,Posted,2020-08-01,2020-09-30,hatem.alamri@alhabib.om
TAG1903880,2019-12-15,"2008-03-31 00:00:00",434820,CAR2003733,2020-11-03,"2020-11-04 09:22:09",320,General,Posted,,,dbabu@alhabib.om
TAG2002281,2020-09-30,"2020-10-05 16:13:00",434819,CPY2020033,2020-10-01,"2020-11-04 09:13:56",450,Rent,Posted,2020-08-01,2020-09-30,hatem.alamri@alhabib.om
TAG2002280,2020-09-30,"2020-10-10 11:41:01",434817,CPY2020032,2020-11-04,"2020-11-04 09:12:09",450,Rent,Posted,2020-08-01,2020-09-30,hatem.alamri@alhabib.om
TAG1903880,2019-12-15,"2008-03-31 00:00:00",434818,CAR2003732,2020-11-03,"2020-11-04 09:12:09",525,Rent,Posted,2019-10-01,2019-12-31,dbabu@alhabib.om
TAG2002279,2020-09-30,"2020-10-05 16:12:53",434816,CPY2020031,2020-10-04,"2020-11-04 09:10:52",450,Rent,Posted,2020-08-01,2020-09-30,hatem.alamri@alhabib.om
TAG1803357,2019-09-30,"2008-03-31 00:00:00",434815,CAR2003731,2020-11-03,"2020-11-04 09:08:36",285,Rent,Posted,2019-08-13,2019-09-30,dbabu@alhabib.om
TAG1903488,2020-10-15,"2020-10-21 13:06:18",434785,CPY2020010,2020-09-30,"2020-11-03 16:33:44",540,Rent,Posted,2020-09-16,2020-10-15,salamr@alhabib.om
TAG2001859,2020-07-15,"2008-03-31 00:00:00",434731,CPY2019956,2020-09-30,"2020-11-03 16:00:16",210,Rent,Posted,2020-08-16,2020-09-15,salamr@alhabib.om
TAG2001991,2020-12-31,"2008-03-31 00:00:00",434734,CPY2019959,2020-09-30,"2020-11-03 16:00:16",350,Rent,Posted,2020-09-16,2020-10-15,salamr@alhabib.om
TAG1903243,2020-10-10,"2020-10-27 20:58:58",434721,CPY2019946,2020-09-30,"2020-11-03 16:00:15",180,Rent,Posted,2020-09-11,2020-10-10,salamr@alhabib.om
TAG2001270,2020-10-15,"2020-10-27 20:58:02",434709,CPY2019934,2020-09-30,"2020-11-03 16:00:14",200,Rent,Posted,2020-09-16,2020-10-15,salamr@alhabib.om
TAG1903274,2020-10-15,"2020-10-27 20:53:25",434688,CPY2019913,2020-09-30,"2020-11-03 15:33:05",280,Rent,Posted,2020-09-16,2020-10-15,salamr@alhabib.om
TAG1903083,2020-09-30,"2020-10-12 11:00:57",434614,CPY2019839,2020-09-30,"2020-11-03 13:13:16",160,Rent,Posted,2020-09-01,2020-09-30,wasif.ahmed@alhabib.om
TAG1902671,2020-09-30,"2020-10-16 12:34:03",434586,CPY2019811,2020-09-30,"2020-11-03 13:13:14",200,Rent,Posted,2020-09-01,2020-09-30,wasif.ahmed@alhabib.om
TAG2002756,2020-09-30,"2020-10-27 16:28:43",434528,CAR2003719,2020-11-03,"2020-11-03 11:49:39",65.6,General,Posted,,,dbabu@alhabib.om
TAG2001085,2021-05-31,"2008-03-31 00:00:00",434524,CPY2019752,2020-09-30,"2020-11-03 11:42:21",225,Rent,Posted,2020-10-01,2020-10-31,salamr@alhabib.om
TAG2001085,2021-05-31,"2008-03-31 00:00:00",434518,CPY2019746,2020-08-31,"2020-11-03 11:28:02",225,Rent,Posted,2020-09-01,2020-09-30,salamr@alhabib.om
TAG2002756,2020-09-30,"2020-10-27 16:28:43",434516,CAR2003718,2020-11-03,"2020-11-03 11:21:29",30,General,Posted,,,dbabu@alhabib.om
TAG2002756,2020-09-30,"2020-10-27 16:28:43",434499,CAR2003717,2020-11-03,"2020-11-03 11:08:44",300,Rent,Posted,2020-09-01,2020-09-30,dbabu@alhabib.om
TAG2002672,2020-09-19,"2020-10-05 16:10:12",434435,CPY2019665,2020-09-27,"2020-11-03 09:58:45",202.6,Rent,Pending,2020-09-01,2020-09-20,salamr@alhabib.om
TAG1903146,2020-09-30,"2020-10-27 20:49:33",434421,CPY2019651,2020-09-24,"2020-11-02 16:24:39",170,Rent,Posted,2020-09-01,2020-09-30,salamr@alhabib.om
TAG2002630,2020-09-30,"2020-09-25 21:18:56",434418,CPY2019648,2020-09-24,"2020-11-02 16:19:55",900,Rent,Posted,2020-08-01,2020-09-30,salamr@alhabib.om
TAG2000352,2020-09-30,"2020-10-14 12:27:50",434415,CPY2019645,2020-09-24,"2020-11-02 16:13:44",340,Rent,Posted,2020-09-01,2020-09-30,salamr@alhabib.om
TAG2001961,2020-09-15,"2020-09-22 09:39:15",434406,CPY2019636,2020-09-23,"2020-11-02 16:00:35",700,Rent,Posted,2020-05-16,2020-09-15,salamr@alhabib.om
TAG2001977,2020-05-31,"2020-08-11 22:38:46",434390,CPY2019620,2020-08-15,"2020-11-02 15:51:18",900,Rent,Posted,2020-05-01,2020-05-31,wasif.ahmed@alhabib.om
TAG2000352,2020-09-30,"2020-10-14 12:27:50",434380,CPY2019610,2020-09-21,"2020-11-02 15:47:30",340,Rent,Posted,2020-08-01,2020-08-31,hatem.alamri@alhabib.om
TAG1902950,2020-09-30,"2020-10-27 20:48:22",434365,CPY2019595,2020-09-21,"2020-11-02 15:47:29",280,Rent,Posted,2020-08-01,2020-08-31,hatem.alamri@alhabib.om
TAG1902950,2020-09-30,"2020-10-27 20:48:22",434364,CPY2019594,2020-09-21,"2020-11-02 15:47:29",280,Rent,Posted,2020-07-01,2020-07-31,hatem.alamri@alhabib.om
TAG2001986,2020-09-30,"2020-10-20 09:54:07",434362,CPY2019593,2020-09-23,"2020-11-02 15:42:17",750,Rent,Posted,2020-07-01,2020-09-30,salamr@alhabib.om
TAG1903795,2020-11-21,"2008-03-31 00:00:00",434345,CPY2019577,2020-09-21,"2020-11-02 15:32:17",400,Rent,Posted,2020-09-22,2020-10-21,hatem.alamri@alhabib.om
TAG2002599,2020-09-30,"2020-10-01 13:11:48",434326,CPY2019558,2020-09-21,"2020-11-02 15:32:16",600,Rent,Posted,2020-09-01,2020-09-30,hatem.alamri@alhabib.om
TAG1903550,2020-11-19,"2020-10-27 21:04:42",434295,CPY2019528,2020-09-20,"2020-11-02 14:54:54",800,Rent,Posted,2020-09-20,2020-10-19,hatem.alamri@alhabib.om
TAG2000986,2020-10-15,"2020-10-27 16:29:11",434226,CAR2003712,2020-11-02,"2020-11-02 14:24:55",150,General,Posted,,,dbabu@alhabib.om
TAG2000986,2020-10-15,"2020-10-27 16:29:11",434225,CAR2003711,2020-11-02,"2020-11-02 14:20:25",300,Rent,Posted,2020-09-16,2020-10-15,dbabu@alhabib.om
TAG2000986,2020-10-15,"2020-10-27 16:29:11",434224,CAR2003710,2020-11-02,"2020-11-02 14:19:13",300,Rent,Posted,2020-08-16,2020-09-15,dbabu@alhabib.om
TAG2001642,2020-09-05,"2020-09-24 13:54:34",434221,CPY2019460,2020-08-15,"2020-11-02 12:57:43",450,Rent,Posted,2020-06-06,2020-09-05,wasif.ahmed@alhabib.om
TAG2002145,2020-08-31,"2020-09-25 21:16:08",434208,CPY2019453,2020-08-15,"2020-11-02 12:29:04",800,Rent,Posted,2020-08-01,2020-08-31,wasif.ahmed@alhabib.om
TAG2002145,2020-08-31,"2020-09-25 21:16:08",434207,CPY2019452,2020-08-15,"2020-11-02 12:28:53",800,Rent,Posted,2020-07-01,2020-07-31,wasif.ahmed@alhabib.om
TAG2002145,2020-08-31,"2020-09-25 21:16:08",434206,CPY2019451,2020-08-15,"2020-11-02 12:28:35",800,Rent,Posted,2020-06-01,2020-06-30,wasif.ahmed@alhabib.om
TAG2000521,2020-10-15,"2020-10-10 11:40:00",434068,CPY2019316,2020-09-15,"2020-11-02 10:55:25",250,Rent,Posted,2020-09-16,2020-10-15,hatem.alamri@alhabib.om
TAG2000799,2020-10-15,"2020-10-27 20:55:06",434063,CPY2019311,2020-09-15,"2020-11-02 10:55:24",220,Rent,Posted,2020-09-16,2020-10-15,hatem.alamri@alhabib.om
TAG1903143,2020-10-15,"2020-10-27 16:29:19",434031,CPY2019280,2020-09-15,"2020-11-02 10:31:39",115,Rent,Posted,2020-09-16,2020-10-15,hatem.alamri@alhabib.om
TAG1903434,2020-10-31,"2008-03-31 00:00:00",434030,CPY2019279,2020-09-15,"2020-11-02 10:31:39",185,Rent,Posted,2020-08-01,2020-08-31,hatem.alamri@alhabib.om
TAG1902832,2020-10-31,"2020-11-02 09:23:58",434001,CAR2003697,2020-11-01,"2020-11-02 10:28:37",77.9,General,Posted,,,dbabu@alhabib.om
TAG1902615,2020-09-30,"2020-10-29 16:29:32",433996,CPY2019248,2020-09-17,"2020-11-02 10:23:20",100,General,Posted,,,salamr@alhabib.om
TAG2001652,2020-07-31,"2020-08-02 21:23:40",433995,CPY2019247,2020-08-15,"2020-11-02 10:20:16",1200,Rent,Posted,2020-05-01,2020-07-31,wasif.ahmed@alhabib.om
TAG1903235,2020-10-31,"2020-10-29 15:52:15",433967,CAR2003682,2020-11-01,"2020-11-02 09:37:54",1.3,General,Posted,,,dbabu@alhabib.om
TAG1903235,2020-10-31,"2020-10-29 15:52:15",433966,CAR2003681,2020-11-01,"2020-11-02 09:32:48",20,General,Posted,,,dbabu@alhabib.om
TAG2000350,2021-01-31,"2008-03-31 00:00:00",433955,CAR2003670,2020-11-01,"2020-11-02 08:54:02",140,Rent,Posted,2020-11-01,2020-11-30,dbabu@alhabib.om
TAG1902378,2020-09-19,"2020-10-27 20:49:13",433946,CPY2019227,2020-09-10,"2020-11-01 16:45:39",180,Rent,Posted,2020-08-20,2020-09-19,salamr@alhabib.om
TAG1902695,2020-08-31,"2020-09-16 09:40:43",433937,CPY2019218,2020-09-15,"2020-11-01 16:27:11",23.7,General,Posted,,,salamr@alhabib.om
TAG1902694,2020-08-31,"2020-09-19 17:33:40",433936,CPY2019217,2020-09-15,"2020-11-01 16:25:00",44.2,General,Posted,,,salamr@alhabib.om
TAG2001715,2020-07-24,"2020-07-24 20:25:28",433927,CPY2019208,2020-09-13,"2020-11-01 15:37:53",180,Rent,Posted,2020-07-01,2020-07-12,dbabu@alhabib.om
TAG2001275,2021-05-10,"2008-03-31 00:00:00",433885,CPY2019166,2020-09-13,"2020-11-01 15:34:41",250,Rent,Posted,2020-09-11,2020-10-10,salamr@alhabib.om
TAG2000910,2020-10-31,"2020-10-29 15:53:04",433881,CAR2003663,2020-10-28,"2020-11-01 13:45:53",71,General,Posted,,,salamr@alhabib.om
TAG2000910,2020-10-31,"2020-10-29 15:53:04",433880,CAR2003662,2020-10-28,"2020-11-01 13:44:25",10,General,Posted,,,salamr@alhabib.om
TAG2000884,2020-10-31,"2020-10-31 12:57:34",433879,CAR2003661,2020-10-28,"2020-11-01 13:43:08",75,General,Posted,,,salamr@alhabib.om
TAG2000884,2020-10-31,"2020-10-31 12:57:34",433878,CAR2003660,2020-10-28,"2020-11-01 13:42:02",61,General,Posted,,,salamr@alhabib.om
TAG2000884,2020-10-31,"2020-10-31 12:57:34",433877,CAR2003659,2020-10-28,"2020-11-01 13:40:32",275,Rent,Posted,2020-10-01,2020-10-31,salamr@alhabib.om
TAG2003039,2020-10-31,"2020-10-29 15:53:25",433870,CAR2003652,2020-10-28,"2020-11-01 13:32:32",18.8,General,Posted,,,salamr@alhabib.om
TAG2003039,2020-10-31,"2020-10-29 15:53:25",433869,CAR2003651,2020-10-28,"2020-11-01 13:31:24",60,General,Posted,,,salamr@alhabib.om
TAG2003039,2020-10-31,"2020-10-29 15:53:25",433868,CAR2003650,2020-10-28,"2020-11-01 13:30:15",95,Rent,Posted,2020-10-16,2020-10-31,salamr@alhabib.om
TAG1903265,2020-09-30,"2020-10-29 15:51:30",433867,CAR2003649,2020-10-28,"2020-11-01 13:29:20",23,General,Posted,,,salamr@alhabib.om
TAG1903265,2020-09-30,"2020-10-29 15:51:30",433866,CAR2003648,2020-10-28,"2020-11-01 13:28:02",10,General,Posted,,,salamr@alhabib.om
TAG2001419,2020-10-31,"2020-10-29 15:54:07",433864,CAR2003646,2020-10-28,"2020-11-01 13:24:04",112.5,General,Posted,,,salamr@alhabib.om
TAG2001419,2020-10-31,"2020-10-29 15:54:07",433861,CAR2003645,2020-10-28,"2020-11-01 13:21:47",200,Rent,Posted,2020-10-01,2020-10-31,salamr@alhabib.om
TAG2001588,2020-07-31,"2020-08-07 22:09:09",433853,CPY2019161,2020-08-12,"2020-11-01 13:15:44",825,Rent,Posted,2020-05-01,2020-07-31,wasif.ahmed@alhabib.om
TAG2001589,2020-07-31,"2020-08-07 22:09:01",433850,CPY2019160,2020-08-12,"2020-11-01 13:13:25",5400,Rent,Posted,2020-05-01,2020-07-31,wasif.ahmed@alhabib.om
TAG2000923,2020-07-31,"2020-08-02 21:27:29",433847,CPY2019159,2020-08-12,"2020-11-01 13:11:00",450,Rent,Posted,2020-07-01,2020-07-31,wasif.ahmed@alhabib.om
TAG2002040,2020-09-30,"2008-03-31 00:00:00",433836,CPY2019155,2020-08-12,"2020-11-01 12:38:29",360,Rent,Posted,2020-07-01,2020-08-31,wasif.ahmed@alhabib.om
TAG2002040,2020-09-30,"2008-03-31 00:00:00",433835,CPY2019154,2020-08-12,"2020-11-01 12:38:16",180,Rent,Posted,2020-06-01,2020-06-30,wasif.ahmed@alhabib.om
TAG2002365,2020-08-31,"2020-09-08 17:27:44",433821,CPY2019140,2020-09-02,"2020-10-29 15:35:27",200,Rent,Posted,2020-08-01,2020-08-31,wasif.ahmed@alhabib.om
TAG2001991,2020-12-31,"2008-03-31 00:00:00",433763,CPY2019082,2020-09-10,"2020-10-29 14:29:41",350,Rent,Posted,2020-07-16,2020-08-15,hatem.alamri@alhabib.om
TAG2001991,2020-12-31,"2008-03-31 00:00:00",433764,CPY2019083,2020-09-10,"2020-10-29 14:29:41",350,Rent,Posted,2020-08-16,2020-09-15,hatem.alamri@alhabib.om
TAG2000908,2020-09-30,"2020-10-27 16:28:18",433712,CPY2019031,2020-09-13,"2020-10-29 13:37:47",400,Rent,Posted,2020-05-01,2020-06-30,hatem.alamri@alhabib.om
TAG1902968,2020-09-30,"2020-10-11 15:32:27",433694,CPY2019013,2020-09-13,"2020-10-29 13:26:00",110,Rent,Posted,2020-09-01,2020-09-30,hatem.alamri@alhabib.om
TAG1903881,2020-10-31,"2020-10-27 20:55:55",433669,CPY2018988,2020-09-13,"2020-10-29 13:25:16",175,Rent,Posted,2020-09-01,2020-09-30,hatem.alamri@alhabib.om
TAG1902334,2020-05-15,"2020-05-15 00:00:00",433620,CPY2018939,2020-09-01,"2020-10-29 11:30:26",675,Rent,Posted,2020-04-01,2020-05-15,hatem.alamri@alhabib.om
TAG1903096,2020-09-30,"2020-10-27 20:56:17",433607,CPY2018926,2020-09-08,"2020-10-29 11:00:56",150,Rent,Posted,2020-08-01,2020-08-31,hatem.alamri@alhabib.om
TAG1903686,2020-09-15,"2020-09-08 17:27:30",433584,CPY2018903,2020-08-16,"2020-10-28 17:16:47",350,Rent,Posted,2020-08-16,2020-09-15,hatem.alamri@alhabib.om
TAG1903488,2020-10-15,"2020-10-21 13:06:18",433574,CPY2018893,2020-08-16,"2020-10-28 17:16:46",540,Rent,Posted,2020-08-16,2020-09-15,hatem.alamri@alhabib.om
TAG1902916,2020-09-30,"2020-10-05 16:11:13",433535,CPY2018854,2020-09-06,"2020-10-28 17:09:45",270,Rent,Posted,2020-09-01,2020-09-30,salamr@alhabib.om
TAG1902883,2020-09-30,"2020-10-20 09:54:32",433545,CPY2018864,2020-09-06,"2020-10-28 17:09:45",200,Rent,Posted,2020-09-01,2020-09-30,salamr@alhabib.om
TAG2001004,2020-09-15,"2020-09-25 21:14:24",433463,CPY2018782,2020-08-16,"2020-10-28 17:01:12",350,Rent,Posted,2020-08-16,2020-09-15,hatem.alamri@alhabib.om
TAG2000716,2020-09-30,"2020-10-27 20:51:48",433393,CPY2018712,2020-09-06,"2020-10-28 16:45:50",120,Rent,Posted,2020-09-01,2020-09-30,salamr@alhabib.om
TAG2000576,2020-09-30,"2020-10-27 16:27:55",433395,CPY2018714,2020-09-06,"2020-10-28 16:45:50",335,Rent,Posted,2020-09-01,2020-09-30,salamr@alhabib.om
TAG1903666,2020-11-30,"2008-03-31 00:00:00",433403,CPY2018722,2020-09-06,"2020-10-28 16:45:50",250,Rent,Posted,2020-09-01,2020-09-30,salamr@alhabib.om
TAG1903865,2020-10-31,"2020-10-27 20:55:35",433405,CPY2018724,2020-09-06,"2020-10-28 16:45:50",300,Rent,Posted,2020-09-01,2020-09-30,salamr@alhabib.om
TAG2001012,2020-09-30,"2020-10-27 16:37:33",433323,CPY2018642,2020-09-04,"2020-10-28 16:43:14",350,Rent,Posted,2020-09-01,2020-09-30,wasif.ahmed@alhabib.om
TAG2001956,2021-05-31,"2008-03-31 00:00:00",433306,CPY2018625,2020-09-04,"2020-10-28 16:34:00",1200,Rent,Posted,2020-07-01,2020-09-30,wasif.ahmed@alhabib.om
TAG2000447,2021-01-31,"2008-03-31 00:00:00",433290,CPY2018609,2020-09-04,"2020-10-28 16:34:00",230,Rent,Posted,2020-08-01,2020-08-31,wasif.ahmed@alhabib.om
TAG1903593,2020-09-30,"2020-09-30 00:00:00",433287,CPY2018606,2020-09-04,"2020-10-28 16:33:59",460,Rent,Posted,2020-09-01,2020-09-30,wasif.ahmed@alhabib.om
TAG1902784,2020-09-14,"2020-10-01 13:12:39",433262,CPY2018581,2020-08-16,"2020-10-28 16:19:50",225,Rent,Posted,2020-08-15,2020-09-14,hatem.alamri@alhabib.om
TAG2001567,2020-09-15,"2020-09-08 17:31:02",433254,CPY2018573,2020-08-16,"2020-10-28 16:19:50",150,Rent,Posted,2020-08-16,2020-09-15,hatem.alamri@alhabib.om
TAG2001331,2020-09-30,"2020-10-14 12:49:02",433154,CPY2018473,2020-09-06,"2020-10-28 16:01:28",225,Rent,Posted,2020-09-01,2020-09-30,salamr@alhabib.om
TAG1903243,2020-10-10,"2020-10-27 20:58:58",433136,CPY2018455,2020-08-16,"2020-10-28 15:58:46",180,Rent,Posted,2020-08-11,2020-09-10,hatem.alamri@alhabib.om
TAG1902612,2020-09-15,"2020-09-19 17:34:42",433127,CPY2018446,2020-08-16,"2020-10-28 15:58:45",190,Rent,Posted,2020-08-16,2020-09-15,hatem.alamri@alhabib.om
TAG1903000,2020-08-31,"2020-08-18 21:26:03",433124,CPY2018443,2020-08-16,"2020-10-28 15:58:45",210,Rent,Posted,2020-08-01,2020-08-31,hatem.alamri@alhabib.om
TAG2001270,2020-10-15,"2020-10-27 20:58:02",433118,CPY2018437,2020-08-16,"2020-10-28 15:58:45",200,Rent,Posted,2020-08-16,2020-09-15,hatem.alamri@alhabib.om
TAG2000521,2020-10-15,"2020-10-10 11:40:00",433111,CPY2018430,2020-08-16,"2020-10-28 15:58:45",250,Rent,Posted,2020-08-16,2020-09-15,hatem.alamri@alhabib.om
TAG1902755,2020-09-15,"2020-09-19 17:35:37",433133,CPY2018452,2020-08-16,"2020-10-28 15:58:45",250,Rent,Posted,2020-08-16,2020-09-15,hatem.alamri@alhabib.om
TAG2000799,2020-10-15,"2020-10-27 20:55:06",433098,CPY2018417,2020-08-16,"2020-10-28 15:58:44",220,Rent,Posted,2020-08-16,2020-09-15,hatem.alamri@alhabib.om
TAG1902974,2020-09-30,"2020-09-22 11:14:47",433083,CPY2018402,2020-09-06,"2020-10-28 15:46:08",300,Rent,Posted,2020-09-01,2020-09-30,salamr@alhabib.om
TAG1802659,2019-04-30,"2008-03-31 00:00:00",433047,CPY2018366,2020-08-30,"2020-10-28 15:38:46",292,General,Posted,,,wasif.ahmed@alhabib.om
TAG1902913,2020-09-30,"2020-10-27 20:48:40",433005,CPY2018324,2020-09-06,"2020-10-28 15:32:49",265,Rent,Posted,2020-09-01,2020-09-30,salamr@alhabib.om
TAG2002833,2020-11-30,"2020-10-27 16:29:51",433002,CAR2003627,2020-10-27,"2020-10-28 15:09:51",8,General,Posted,,,dbabu@alhabib.om
TAG2002833,2020-11-30,"2020-10-27 16:29:51",433000,CAR2003626,2020-10-27,"2020-10-28 15:08:42",60,General,Posted,,,dbabu@alhabib.om
TAG1902294,2020-07-31,"2020-09-02 11:19:54",432989,CAR2003616,2020-10-27,"2020-10-28 14:56:38",190,Rent,Posted,2020-07-01,2020-07-31,dbabu@alhabib.om
TAG2001559,2020-08-10,"2020-08-12 21:35:36",432987,CPY2018318,2020-08-18,"2020-10-28 11:15:24",185.2,General,Posted,,,wasif.ahmed@alhabib.om
TAG1903116,2020-06-30,"2020-06-30 00:00:00",432974,CPY2018305,2020-08-16,"2020-10-28 11:05:17",400,Rent,Posted,2020-05-01,2020-06-30,hatem.alamri@alhabib.om
TAG1903274,2020-10-15,"2020-10-27 20:53:25",432975,CPY2018306,2020-08-16,"2020-10-28 11:05:17",280,Rent,Posted,2020-08-16,2020-09-15,hatem.alamri@alhabib.om
TAG1903434,2020-10-31,"2008-03-31 00:00:00",432948,CPY2018279,2020-08-16,"2020-10-28 11:05:16",185,Rent,Posted,2020-07-01,2020-07-31,hatem.alamri@alhabib.om
TAG2000283,2020-08-31,"2020-09-02 11:18:48",432965,CPY2018296,2020-08-16,"2020-10-28 11:05:16",250,Rent,Posted,2020-08-01,2020-08-31,hatem.alamri@alhabib.om
TAG1903143,2020-10-15,"2020-10-27 16:29:19",432949,CPY2018280,2020-08-16,"2020-10-28 11:05:16",115,Rent,Posted,2020-08-16,2020-09-15,hatem.alamri@alhabib.om
TAG1902966,2020-09-14,"2020-09-22 10:53:43",432930,CPY2018261,2020-08-16,"2020-10-28 10:40:10",190,Rent,Posted,2020-08-15,2020-09-14,hatem.alamri@alhabib.om
TAG1902928,2020-09-15,"2020-10-11 15:31:05",432898,CPY2018229,2020-08-16,"2020-10-28 10:40:08",200,Rent,Posted,2020-08-16,2020-09-15,hatem.alamri@alhabib.om
TAG1902965,2020-09-15,"2020-10-11 15:30:51",432899,CPY2018230,2020-08-16,"2020-10-28 10:40:08",200,Rent,Posted,2020-08-16,2020-09-15,hatem.alamri@alhabib.om
TAG1902863,2020-08-31,"2020-09-08 17:29:40",432875,CPY2018206,2020-08-12,"2020-10-27 16:46:54",575,Rent,Posted,2020-08-01,2020-08-31,salamr@alhabib.om
TAG1902742,2020-08-31,"2020-08-31 00:00:00",432862,CPY2018193,2020-08-31,"2020-10-27 15:41:51",250,Rent,Posted,2020-08-01,2020-08-31,salamr@alhabib.om
TAG2000437,2020-08-31,"2020-09-25 21:15:32",432852,CPY2018183,2020-08-31,"2020-10-27 15:41:50",100,Rent,Posted,2020-08-01,2020-08-31,salamr@alhabib.om
TAG2000438,2020-08-31,"2020-09-25 21:15:51",432851,CPY2018182,2020-08-31,"2020-10-27 15:41:50",200,Rent,Posted,2020-08-01,2020-08-31,salamr@alhabib.om
TAG2001275,2021-05-10,"2008-03-31 00:00:00",432823,CPY2018154,2020-08-15,"2020-10-27 15:38:01",250,Rent,Posted,2020-08-11,2020-09-10,hatem.alamri@alhabib.om
TAG1902741,2020-07-31,"2020-07-31 00:00:00",432727,CPY2018073,2020-08-15,"2020-10-27 14:49:08",200,Rent,Posted,2020-04-01,2020-04-30,hatem.alamri@alhabib.om
TAG1903052,2020-09-30,"2020-10-10 11:41:09",432740,CPY2018086,2020-08-15,"2020-10-27 14:49:08",225,Rent,Posted,2020-09-01,2020-09-30,hatem.alamri@alhabib.om
TAG1902399,2020-08-31,"2020-09-02 11:21:56",432709,CPY2018055,2020-08-15,"2020-10-27 14:49:07",275,Rent,Posted,2020-08-01,2020-08-31,hatem.alamri@alhabib.om
TAG1902851,2020-08-31,"2020-09-02 11:28:55",432712,CPY2018058,2020-08-15,"2020-10-27 14:49:07",210,Rent,Posted,2020-08-01,2020-08-31,hatem.alamri@alhabib.om
TAG1903458,2019-10-31,"2008-03-31 00:00:00",432694,CAR2003598,2020-10-26,"2020-10-27 14:42:30",318,General,Posted,,,dbabu@alhabib.om
TAG2001722,2020-09-30,"2020-10-11 15:33:09",432686,CAR2003596,2020-10-26,"2020-10-27 14:24:57",150,General,Posted,,,dbabu@alhabib.om
TAG1902674,2020-08-31,"2020-09-02 11:28:47",432646,CPY2017997,2020-08-15,"2020-10-27 12:49:17",100,Rent,Posted,2020-08-01,2020-08-31,hatem.alamri@alhabib.om
TAG1902732,2020-08-31,"2020-09-02 11:27:59",432644,CPY2017995,2020-08-15,"2020-10-27 12:49:17",150,Rent,Posted,2020-07-01,2020-07-31,hatem.alamri@alhabib.om
TAG1903083,2020-09-30,"2020-10-12 11:00:57",432638,CPY2017989,2020-08-15,"2020-10-27 12:49:17",160,Rent,Posted,2020-08-01,2020-08-31,hatem.alamri@alhabib.om
TAG2001859,2020-07-15,"2008-03-31 00:00:00",432635,CPY2017986,2020-07-16,"2020-10-27 12:33:11",210,Rent,Posted,2020-07-16,2020-08-15,wasif.ahmed@alhabib.om
TAG2000428,2020-08-31,"2020-09-02 11:17:35",432603,CPY2017954,2020-08-15,"2020-10-27 12:21:56",310,Rent,Posted,2020-08-01,2020-08-31,hatem.alamri@alhabib.om
TAG1902671,2020-09-30,"2020-10-16 12:34:03",432599,CPY2017950,2020-08-15,"2020-10-27 12:21:56",200,Rent,Posted,2020-08-01,2020-08-31,hatem.alamri@alhabib.om
TAG1902286,2020-09-30,"2020-10-05 16:13:09",432571,CPY2017922,2020-08-15,"2020-10-27 11:50:21",250,Rent,Posted,2020-08-01,2020-08-31,hatem.alamri@alhabib.om
TAG2000809,2020-08-31,"2020-10-05 16:10:29",432527,CPY2017878,2020-08-15,"2020-10-27 11:22:12",350,Rent,Posted,2020-07-01,2020-07-31,hatem.alamri@alhabib.om
TAG2000809,2020-08-31,"2020-10-05 16:10:29",432524,CPY2017875,2020-08-15,"2020-10-27 11:22:12",350,Rent,Posted,2020-06-01,2020-06-30,hatem.alamri@alhabib.om
TAG2000809,2020-08-31,"2020-10-05 16:10:29",432529,CPY2017880,2020-08-15,"2020-10-27 11:22:12",350,Rent,Posted,2020-08-01,2020-08-31,hatem.alamri@alhabib.om
TAG1902589,2020-08-31,"2020-09-25 21:14:38",432519,CPY2017870,2020-08-15,"2020-10-27 11:22:11",185,Rent,Posted,2020-08-01,2020-08-31,hatem.alamri@alhabib.om
TAG1904047,2020-09-15,"2020-09-16 09:34:15",432488,CPY2017839,2020-07-20,"2020-10-27 09:54:57",1680,Rent,Posted,2020-03-16,2020-09-15,wasif.ahmed@alhabib.om
TAG1902190,2020-06-30,"2020-08-02 21:29:20",432474,CPY2017825,2020-08-11,"2020-10-27 08:32:29",50,General,Posted,,,wasif.ahmed@alhabib.om
TAG2001090,2020-07-31,"2020-09-02 11:19:24",432454,CPY2017824,2020-09-03,"2020-10-26 15:55:52",451,General,Posted,,,hatem.alamri@alhabib.om
TAG2000036,2020-06-30,"2008-03-31 00:00:00",432438,CPY2017820,2020-10-26,"2020-10-26 15:31:51",100,Rent,Posted,2020-04-01,2020-04-20,hatem.alamri@alhabib.om
TAG2002981,2020-09-30,"2020-10-24 13:26:45",432437,CAR2003564,2020-10-24,"2020-10-26 15:30:36",57,General,Posted,,,dbabu@alhabib.om
TAG2002408,2020-10-05,"2020-10-05 16:10:54",432389,CPY2017783,2020-10-26,"2020-10-26 10:43:57",140,Rent,Posted,2020-09-06,2020-10-05,hatem.alamri@alhabib.om
TAG2002990,2020-09-15,"2020-10-25 16:36:40",432369,CAR2003552,2020-10-08,"2020-10-25 16:37:51",100,Rent,Posted,2020-09-01,2020-09-15,dbabu@alhabib.om
TAG1902954,2020-09-11,"2020-09-11 00:00:00",432358,CAR2003543,2020-10-13,"2020-10-25 16:10:03",87.5,Rent,Posted,2020-09-01,2020-09-11,dbabu@alhabib.om
TAG2002304,2020-10-31,"2020-10-11 15:32:09",432352,CAR2003537,2020-10-11,"2020-10-25 16:03:56",215,Rent,Posted,2020-10-01,2020-10-15,dbabu@alhabib.om
TAG1903295,2020-09-30,"2020-10-10 11:40:15",432350,CAR2003536,2020-10-11,"2020-10-25 16:02:55",235,Rent,Posted,2020-09-01,2020-09-30,dbabu@alhabib.om
TAG2002149,2020-09-30,"2020-10-10 11:40:29",432345,CAR2003531,2020-10-08,"2020-10-25 15:57:45",300,Rent,Posted,2020-09-01,2020-09-30,dbabu@alhabib.om
TAG1902954,2020-09-11,"2020-09-11 00:00:00",432343,CPY2017760,2020-08-12,"2020-10-25 15:56:06",225,Rent,Posted,2020-08-01,2020-08-31,wasif.ahmed@alhabib.om
TAG2002304,2020-10-31,"2020-10-11 15:32:09",432321,CPY2017756,2020-09-29,"2020-10-25 15:24:38",860,Rent,Posted,2020-08-01,2020-09-30,wasif.ahmed@alhabib.om
TAG2001783,2020-10-05,"2020-10-10 11:42:23",432320,CAR2003511,2020-10-04,"2020-10-25 15:23:57",350,Rent,Posted,2020-09-06,2020-10-05,dbabu@alhabib.om
TAG1903295,2020-09-30,"2020-10-10 11:40:15",432316,CPY2017755,2020-09-13,"2020-10-25 15:17:49",235,Rent,Posted,2020-08-01,2020-08-31,wasif.ahmed@alhabib.om
TAG1903295,2020-09-30,"2020-10-10 11:40:15",432314,CPY2017754,2020-08-12,"2020-10-25 15:17:25",235,Rent,Posted,2020-07-01,2020-07-31,wasif.ahmed@alhabib.om
TAG1903721,2020-10-15,"2020-10-05 16:11:39",432303,CAR2003499,2020-10-22,"2020-10-25 15:05:37",250,Rent,Posted,2020-08-16,2020-09-15,dbabu@alhabib.om
TAG1600341,2020-08-31,"2020-09-16 09:40:35",432272,CPY2017734,2020-08-31,"2020-10-25 10:34:01",350,Rent,Posted,2018-06-30,2018-07-12,salamr@alhabib.om
TAG1600341,2020-08-31,"2020-09-16 09:40:35",432271,CPY2017733,2020-08-31,"2020-10-25 10:33:25",350,Rent,Posted,2018-06-17,2018-06-29,salamr@alhabib.om
TAG1903193,2020-09-30,"2020-10-01 13:10:55",432207,CPY2017669,2020-09-04,"2020-10-25 10:04:39",500,Rent,Posted,2020-09-01,2020-09-30,wasif.ahmed@alhabib.om
TAG1902859,2020-09-30,"2020-10-11 15:32:34",432229,CPY2017691,2020-09-04,"2020-10-25 10:04:39",470,Rent,Posted,2020-09-01,2020-09-30,wasif.ahmed@alhabib.om
TAG1903130,2020-09-30,"2020-10-14 12:49:13",432187,CPY2017649,2020-09-04,"2020-10-25 10:04:38",280,Rent,Posted,2020-09-01,2020-09-30,wasif.ahmed@alhabib.om
TAG1902726,2020-09-30,"2020-10-11 15:33:01",432072,CPY2017534,2020-09-04,"2020-10-24 22:55:01",290,Rent,Posted,2020-09-01,2020-09-30,wasif.ahmed@alhabib.om
TAG2000232,2020-10-31,"2020-10-12 11:00:23",432057,CPY2017519,2020-09-04,"2020-10-24 22:55:00",150,Rent,Posted,2020-09-01,2020-09-30,wasif.ahmed@alhabib.om
TAG2001783,2020-10-05,"2020-10-10 11:42:23",431983,CPY2017445,2020-09-06,"2020-10-22 16:57:45",350,Rent,Posted,2020-08-06,2020-09-05,wasif.ahmed@alhabib.om
TAG1903721,2020-10-15,"2020-10-05 16:11:39",431973,CPY2017435,2020-09-08,"2020-10-22 15:55:45",250,Rent,Posted,2020-07-16,2020-08-15,wasif.ahmed@alhabib.om
TAG2001986,2020-09-30,"2020-10-20 09:54:07",431949,CAR2003477,2020-10-21,"2020-10-22 14:50:39",104.3,General,Posted,,,dbabu@alhabib.om
TAG1902333,2020-07-31,"2020-09-02 11:18:27",431930,CPY2017413,2020-09-01,"2020-10-22 13:38:14",600,Rent,Posted,2020-06-01,2020-06-30,hatem.alamri@alhabib.om
TAG2000195,2021-01-31,"2008-03-31 00:00:00",431924,CPY2017407,2020-08-31,"2020-10-22 12:58:15",3000,Rent,Posted,2020-02-01,2021-01-31,hatem.alamri@alhabib.om
TAG2002315,2020-09-30,"2020-10-04 11:23:09",431923,CPY2017406,2020-09-01,"2020-10-22 12:56:20",360,Rent,Posted,2020-09-01,2020-09-30,hatem.alamri@alhabib.om
TAG1902714,2020-08-31,"2020-10-01 13:11:56",431916,CAR2003457,2020-10-20,"2020-10-21 16:17:33",400,General,Posted,,,dbabu@alhabib.om
TAG1903002,2020-09-30,"2020-10-12 11:01:10",431904,CPY2017403,2020-09-04,"2020-10-21 16:07:59",200,Rent,Posted,2020-09-01,2020-09-30,wasif.ahmed@alhabib.om
TAG2002452,2020-07-31,"2020-09-22 10:54:51",431887,CAR2003446,2020-10-19,"2020-10-21 16:04:35",109,General,Posted,,,dbabu@alhabib.om
TAG2002452,2020-07-31,"2020-09-22 10:54:51",431886,CAR2003445,2020-10-19,"2020-10-21 16:03:39",91,General,Posted,,,dbabu@alhabib.om
TAG2002452,2020-07-31,"2020-09-22 10:54:51",431884,CAR2003444,2020-10-19,"2020-10-21 16:02:32",200,Rent,Posted,2020-05-01,2020-05-15,dbabu@alhabib.om
TAG1903002,2020-09-30,"2020-10-12 11:01:10",431866,CAR2003431,2020-10-18,"2020-10-21 15:38:05",93.3,General,Posted,,,dbabu@alhabib.om
TAG2001722,2020-09-30,"2020-10-11 15:33:09",431811,CPY2017347,2020-08-19,"2020-10-21 11:06:55",4200,Rent,Posted,2020-07-01,2020-09-30,hatem.alamri@alhabib.om
TAG1903052,2020-09-30,"2020-10-10 11:41:09",431794,CPY2017330,2020-08-01,"2020-10-21 09:16:27",225,Rent,Posted,2020-08-01,2020-08-31,hatem.alamri@alhabib.om
TAG2001085,2021-05-31,"2008-03-31 00:00:00",431790,CPY2017326,2020-07-31,"2020-10-21 09:06:01",225,Rent,Posted,2020-08-01,2020-08-31,hatem.alamri@alhabib.om
TAG2001085,2021-05-31,"2008-03-31 00:00:00",431788,CPY2017324,2020-07-31,"2020-10-21 08:38:25",225,Rent,Posted,2020-07-01,2020-07-31,hatem.alamri@alhabib.om
TAG2001085,2021-05-31,"2008-03-31 00:00:00",431787,CPY2017323,2020-06-30,"2020-10-21 08:36:34",225,Rent,Posted,2020-06-01,2020-06-30,wasif.ahmed@alhabib.om
TAG1903442,2020-09-30,"2020-10-01 13:12:32",431776,CPY2017312,2020-08-27,"2020-10-20 23:57:59",1440,Rent,Posted,2020-08-01,2020-09-30,wasif.ahmed@alhabib.om
TAG1903795,2020-11-21,"2008-03-31 00:00:00",431782,CPY2017318,2020-08-27,"2020-10-20 23:57:59",400,Rent,Posted,2020-08-22,2020-09-21,wasif.ahmed@alhabib.om
TAG2000852,2020-08-31,"2020-10-01 13:11:37",431713,CPY2017249,2020-08-28,"2020-10-20 23:11:53",225,Rent,Posted,2020-03-01,2020-03-31,wasif.ahmed@alhabib.om
TAG1902688,2020-09-15,"2020-09-16 09:34:30",431648,CPY2017184,2020-08-23,"2020-10-20 15:41:48",180,Rent,Posted,2020-08-16,2020-09-15,wasif.ahmed@alhabib.om
TAG1902956,2020-09-14,"2020-09-25 21:14:57",431624,CPY2017160,2020-08-29,"2020-10-20 15:34:30",180,Rent,Posted,2020-08-15,2020-09-14,hatem.alamri@alhabib.om
TAG2001990,2020-08-31,"2020-09-02 11:24:37",431578,CPY2017114,2020-08-18,"2020-10-20 12:38:06",500,Rent,Posted,2020-08-01,2020-08-31,hatem.alamri@alhabib.om
TAG1903593,2020-09-30,"2020-09-30 00:00:00",431515,CPY2017051,2020-08-15,"2020-10-20 09:50:36",460,Rent,Posted,2020-08-01,2020-08-31,wasif.ahmed@alhabib.om
TAG2000429,2020-08-31,"2020-09-13 12:38:20",431505,CPY2017041,2020-08-15,"2020-10-20 09:50:35",300,Rent,Posted,2020-08-01,2020-08-31,wasif.ahmed@alhabib.om
TAG2001276,2020-08-31,"2020-09-16 09:34:53",431480,CPY2017016,2020-08-15,"2020-10-20 08:51:08",120,Rent,Posted,2020-08-01,2020-08-31,wasif.ahmed@alhabib.om
TAG2001783,2020-10-05,"2020-10-10 11:42:23",431430,CPY2016966,2020-08-15,"2020-10-19 23:56:01",350,Rent,Posted,2020-06-06,2020-07-05,wasif.ahmed@alhabib.om
TAG2001175,2020-08-31,"2020-09-16 09:38:42",431425,CPY2016961,2020-08-15,"2020-10-19 23:56:01",240,Rent,Posted,2020-08-01,2020-08-31,wasif.ahmed@alhabib.om
TAG2001783,2020-10-05,"2020-10-10 11:42:23",431432,CPY2016968,2020-08-15,"2020-10-19 23:56:01",350,Rent,Posted,2020-07-06,2020-08-05,wasif.ahmed@alhabib.om
TAG1903002,2020-09-30,"2020-10-12 11:01:10",431404,CPY2016940,2020-08-15,"2020-10-19 23:56:00",200,Rent,Posted,2020-08-01,2020-08-31,wasif.ahmed@alhabib.om
TAG1902685,2020-08-31,"2020-09-02 11:20:13",431415,CPY2016951,2020-08-15,"2020-10-19 23:56:00",190,Rent,Posted,2020-08-01,2020-08-31,wasif.ahmed@alhabib.om
TAG1902974,2020-09-30,"2020-09-22 11:14:47",431398,CPY2016934,2020-08-15,"2020-10-19 23:41:06",300,Rent,Posted,2020-08-01,2020-08-31,wasif.ahmed@alhabib.om
TAG1902694,2020-08-31,"2020-09-19 17:33:40",431371,CPY2016907,2020-08-15,"2020-10-19 23:41:05",260,Rent,Posted,2020-08-01,2020-08-31,wasif.ahmed@alhabib.om
TAG1902695,2020-08-31,"2020-09-16 09:40:43",431366,CPY2016902,2020-08-15,"2020-10-19 23:41:05",260,Rent,Posted,2020-08-01,2020-08-31,wasif.ahmed@alhabib.om
TAG2001331,2020-09-30,"2020-10-14 12:49:02",431350,CPY2016886,2020-08-15,"2020-10-19 23:30:52",225,Rent,Posted,2020-08-01,2020-08-31,wasif.ahmed@alhabib.om
TAG2000438,2020-08-31,"2020-09-25 21:15:51",431329,CPY2016865,2020-08-15,"2020-10-19 23:30:51",200,Rent,Posted,2020-07-01,2020-07-31,wasif.ahmed@alhabib.om
TAG2000437,2020-08-31,"2020-09-25 21:15:32",431330,CPY2016866,2020-08-15,"2020-10-19 23:30:51",100,Rent,Posted,2020-07-01,2020-07-31,wasif.ahmed@alhabib.om
TAG1902582,2020-08-31,"2020-09-02 11:21:34",431268,CPY2016804,2020-08-15,"2020-10-19 23:22:26",300,Rent,Posted,2020-08-01,2020-08-31,wasif.ahmed@alhabib.om
TAG2001948,2020-08-31,"2020-09-16 09:35:04",431255,CPY2016791,2020-08-15,"2020-10-19 23:10:01",250,Rent,Posted,2020-08-01,2020-08-31,wasif.ahmed@alhabib.om
TAG2001948,2020-08-31,"2020-09-16 09:35:04",431254,CPY2016790,2020-08-15,"2020-10-19 23:10:01",250,Rent,Posted,2020-07-01,2020-07-31,wasif.ahmed@alhabib.om
TAG2000232,2020-10-31,"2020-10-12 11:00:23",431222,CPY2016758,2020-08-15,"2020-10-19 23:10:00",150,Rent,Posted,2020-08-01,2020-08-31,wasif.ahmed@alhabib.om
TAG2000201,2020-08-31,"2020-09-02 11:21:25",431224,CPY2016760,2020-08-15,"2020-10-19 23:10:00",295,Rent,Posted,2020-08-01,2020-08-31,wasif.ahmed@alhabib.om
TAG2000412,2020-08-31,"2020-09-02 11:17:03",431216,CPY2016752,2020-08-15,"2020-10-19 23:09:59",350,Rent,Posted,2020-08-01,2020-08-31,wasif.ahmed@alhabib.om
TAG2002149,2020-09-30,"2020-10-10 11:40:29",431197,CPY2016733,2020-08-17,"2020-10-19 16:03:08",600,Rent,Posted,2020-07-01,2020-08-31,hatem.alamri@alhabib.om
TAG1902726,2020-09-30,"2020-10-11 15:33:01",431076,CPY2016612,2020-08-15,"2020-10-19 14:56:51",290,Rent,Posted,2020-08-01,2020-08-31,wasif.ahmed@alhabib.om
TAG1902707,2020-08-31,"2020-09-08 17:30:13",431071,CPY2016607,2020-08-15,"2020-10-19 14:56:51",350,Rent,Posted,2020-08-01,2020-08-31,wasif.ahmed@alhabib.om
TAG2000381,2020-08-31,"2020-09-13 12:37:59",431023,CPY2016559,2020-08-15,"2020-10-19 13:20:48",160,Rent,Posted,2020-08-01,2020-08-31,wasif.ahmed@alhabib.om
TAG1902815,2020-08-09,"2020-08-12 21:35:26",430969,CPY2016505,2020-08-15,"2020-10-19 13:00:05",200,Rent,Posted,2020-07-10,2020-08-09,wasif.ahmed@alhabib.om
TAG1903764,2020-08-31,"2020-08-26 22:06:16",430899,CPY2016435,2020-08-15,"2020-10-19 12:07:53",250,Rent,Posted,2020-08-01,2020-08-31,wasif.ahmed@alhabib.om
TAG1903666,2020-11-30,"2008-03-31 00:00:00",430900,CPY2016436,2020-08-15,"2020-10-19 12:07:53",250,Rent,Posted,2020-08-01,2020-08-31,wasif.ahmed@alhabib.om
TAG1903850,2020-06-30,"2020-06-30 00:00:00",430884,CPY2016420,2020-08-01,"2020-10-19 11:52:30",600,Rent,Posted,2020-06-01,2020-06-15,hatem.alamri@alhabib.om
TAG1903848,2020-10-15,"2020-10-15 00:00:00",430875,CPY2016411,2020-08-01,"2020-10-19 11:36:09",480,Rent,Posted,2020-08-16,2020-09-15,hatem.alamri@alhabib.om
TAG2000011,2020-08-31,"2020-09-02 11:28:22",430874,CPY2016410,2020-08-18,"2020-10-19 11:34:38",350,Rent,Posted,2020-08-01,2020-08-31,wasif.ahmed@alhabib.om
TAG1902968,2020-09-30,"2020-10-11 15:32:27",430790,CPY2016326,2020-08-15,"2020-10-19 10:02:04",110,Rent,Posted,2020-08-01,2020-08-31,wasif.ahmed@alhabib.om
TAG1903910,2020-09-30,"2020-09-30 00:00:00",430757,CPY2016293,2020-07-21,"2020-10-19 08:28:00",200,Rent,Posted,2020-06-01,2020-06-30,wasif.ahmed@alhabib.om
TAG1902916,2020-09-30,"2020-10-05 16:11:13",430726,CPY2016262,2020-08-15,"2020-10-18 23:17:08",270,Rent,Posted,2020-08-01,2020-08-31,wasif.ahmed@alhabib.om
TAG2001712,2020-06-29,"2008-03-31 00:00:00",430699,CPY2016235,2020-08-15,"2020-10-18 22:56:13",350,Rent,Posted,2018-04-16,2018-05-15,wasif.ahmed@alhabib.om
TAG1902890,2020-08-31,"2020-09-02 11:25:50",430691,CPY2016227,2020-08-15,"2020-10-18 22:55:33",230,Rent,Posted,2020-08-01,2020-08-31,wasif.ahmed@alhabib.om
TAG1902859,2020-09-30,"2020-10-11 15:32:34",430680,CPY2016216,2020-08-15,"2020-10-18 22:55:32",470,Rent,Posted,2020-08-01,2020-08-31,wasif.ahmed@alhabib.om
TAG1903193,2020-09-30,"2020-10-01 13:10:55",430651,CPY2016187,2020-08-15,"2020-10-18 22:42:04",500,Rent,Posted,2020-08-01,2020-08-31,wasif.ahmed@alhabib.om
TAG1902742,2020-08-31,"2020-08-31 00:00:00",430613,CPY2016149,2020-08-15,"2020-10-18 22:42:02",250,Rent,Posted,2020-07-01,2020-07-31,wasif.ahmed@alhabib.om
TAG1903130,2020-09-30,"2020-10-14 12:49:13",430616,CPY2016152,2020-08-15,"2020-10-18 22:42:02",280,Rent,Posted,2020-08-01,2020-08-31,wasif.ahmed@alhabib.om
TAG2001948,2020-08-31,"2020-09-16 09:35:04",430561,CPY2016097,2020-08-12,"2020-10-18 17:27:58",250,Rent,Posted,2020-06-01,2020-06-30,sandeep.s@alhabib.om
TAG2002617,2020-09-30,"2020-10-11 15:32:20",430533,CAR2003409,2020-10-15,"2020-10-18 16:03:51",115,General,Posted,,,dbabu@alhabib.om
TAG2002617,2020-09-30,"2020-10-11 15:32:20",430532,CAR2003408,2020-06-15,"2020-10-18 16:02:35",50,General,Posted,,,dbabu@alhabib.om
TAG2002617,2020-09-30,"2020-10-11 15:32:20",430531,CAR2003407,2020-10-15,"2020-10-18 16:00:55",360,Rent,Posted,2020-09-01,2020-09-30,dbabu@alhabib.om
TAG1903213,2020-08-17,"2020-10-16 12:33:54",430529,CAR2003405,2020-10-15,"2020-10-18 15:58:33",400,Rent,Posted,2020-07-01,2020-08-17,dbabu@alhabib.om
TAG2002885,2020-07-25,"2020-10-14 12:27:19",430528,CPY2016070,2020-07-22,"2020-10-18 15:57:57",184,Rent,Posted,2020-07-16,2020-07-25,wasif.ahmed@alhabib.om
TAG2001870,2020-07-26,"2020-07-26 21:15:10",430517,CPY2016066,2020-07-26,"2020-10-18 15:43:32",17.5,General,Posted,,,wasif.ahmed@alhabib.om
TAG2001870,2020-07-26,"2020-07-26 21:15:10",430516,CPY2016065,2020-07-26,"2020-10-18 15:41:50",700,Rent,Posted,2020-06-01,2020-07-31,wasif.ahmed@alhabib.om
TAG2001884,2020-08-31,"2020-08-12 21:36:28",430501,CPY2016054,2020-08-10,"2020-10-18 11:21:17",7.5,General,Posted,,,wasif.ahmed@alhabib.om
TAG2001884,2020-08-31,"2020-08-12 21:36:28",430500,CPY2016053,2020-08-10,"2020-10-18 11:19:10",150,Rent,Posted,2020-08-01,2020-08-31,wasif.ahmed@alhabib.om
TAG2001884,2020-08-31,"2020-08-12 21:36:28",430499,CPY2016052,2020-07-19,"2020-10-18 11:17:23",150,Rent,Posted,2020-07-01,2020-07-31,wasif.ahmed@alhabib.om
TAG2002365,2020-08-31,"2020-09-08 17:27:44",430480,CPY2016040,2020-08-10,"2020-10-15 16:50:15",200,Rent,Posted,2020-07-01,2020-07-31,wasif.ahmed@alhabib.om
TAG2002365,2020-08-31,"2020-09-08 17:27:44",430479,CPY2016039,2020-06-18,"2020-10-15 16:48:57",600,Rent,Posted,2020-04-01,2020-06-30,wasif.ahmed@alhabib.om
TAG1902386,2020-08-31,"2020-09-02 11:24:16",430459,CPY2016019,2020-08-06,"2020-10-15 15:11:00",225,Rent,Posted,2020-08-01,2020-08-31,salamr@alhabib.om
TAG2001620,2020-07-31,"2020-08-11 22:43:07",430456,CPY2016016,2020-08-10,"2020-10-15 15:08:37",250,Rent,Posted,2020-07-01,2020-07-31,salamr@alhabib.om
TAG1903963,2019-12-31,"2020-08-11 22:38:05",430445,CPY2016005,2020-08-11,"2020-10-15 14:54:13",520,Rent,Posted,2019-01-01,2019-02-23,hatem.alamri@alhabib.om
TAG2001990,2020-08-31,"2020-09-02 11:24:37",430437,CPY2015997,2020-08-08,"2020-10-15 14:46:17",500,Rent,Posted,2020-07-01,2020-07-31,wasif.ahmed@alhabib.om
TAG2001711,2020-08-31,"2020-09-19 17:31:10",430434,CPY2015994,2020-08-06,"2020-10-15 14:34:32",250,Rent,Posted,2020-08-01,2020-08-31,salamr@alhabib.om
TAG2000023,2020-08-31,"2020-10-12 11:04:14",430410,CPY2015970,2020-08-01,"2020-10-15 13:35:10",120,Rent,Posted,2020-08-01,2020-08-31,wasif.ahmed@alhabib.om
TAG2001557,2021-05-31,"2008-03-31 00:00:00",430407,CPY2015967,2020-08-01,"2020-10-15 13:25:33",125,Rent,Posted,2020-06-01,2020-06-30,hatem.alamri@alhabib.om
TAG2001556,2021-05-31,"2008-03-31 00:00:00",430404,CPY2015964,2020-08-01,"2020-10-15 13:15:09",90,Rent,Posted,2020-06-01,2020-06-30,hatem.alamri@alhabib.om
TAG2001253,2020-05-31,"2008-03-31 00:00:00",430401,CPY2015961,2020-07-05,"2020-10-15 13:11:01",400,Rent,Posted,2020-05-01,2020-05-31,wasif.ahmed@alhabib.om
TAG1902577,2020-08-31,"2020-09-02 11:22:04",430389,CAR2003375,2020-10-14,"2020-10-15 09:34:06",121,General,Posted,,,dbabu@alhabib.om
TAG1902577,2020-08-31,"2020-09-02 11:22:04",430388,CAR2003374,2020-10-14,"2020-10-15 09:31:51",70,General,Posted,,,dbabu@alhabib.om
TAG2000202,2020-08-31,"2020-09-02 11:23:41",430384,CPY2015960,2020-07-29,"2020-10-15 09:24:16",1200,Rent,Posted,2020-06-01,2020-08-31,wasif.ahmed@alhabib.om
TAG2001168,2020-07-31,"2020-08-02 21:30:46",430368,CPY2015945,2020-07-29,"2020-10-15 09:22:13",600,Rent,Posted,2020-05-01,2020-07-31,wasif.ahmed@alhabib.om
TAG1902954,2020-09-11,"2020-09-11 00:00:00",430350,CAR2003352,2020-10-13,"2020-10-15 08:58:44",64.5,General,Posted,,,dbabu@alhabib.om
TAG1902954,2020-09-11,"2020-09-11 00:00:00",430349,CAR2003351,2020-10-13,"2020-10-15 08:57:42",25,General,Posted,,,dbabu@alhabib.om
TAG2001134,2020-09-30,"2020-10-14 12:49:33",430342,CAR2003344,2020-10-12,"2020-10-15 08:28:11",2100,Rent,Pending,2020-04-01,2020-09-30,dbabu@alhabib.om
TAG1903130,2020-09-30,"2020-10-14 12:49:13",430338,CAR2003340,2020-10-12,"2020-10-14 16:39:43",4.5,General,Posted,,,dbabu@alhabib.om
TAG1903130,2020-09-30,"2020-10-14 12:49:13",430337,CAR2003339,2020-10-12,"2020-10-14 16:38:00",20,General,Posted,,,dbabu@alhabib.om
TAG1902333,2020-07-31,"2020-09-02 11:18:27",430325,CPY2015944,2020-08-01,"2020-10-14 16:15:08",600,Rent,Posted,2020-05-01,2020-05-31,hatem.alamri@alhabib.om
TAG1902400,2020-08-31,"2020-09-16 09:34:23",430316,CAR2003321,2020-10-11,"2020-10-14 16:09:55",0.7,General,Posted,,,dbabu@alhabib.om
TAG1902400,2020-08-31,"2020-09-16 09:34:23",430315,CAR2003320,2020-10-11,"2020-10-14 16:08:41",10,General,Posted,,,dbabu@alhabib.om
TAG2002304,2020-10-31,"2020-10-11 15:32:09",430312,CAR2003318,2020-10-11,"2020-10-14 16:06:32",106,General,Posted,,,dbabu@alhabib.om
TAG1903295,2020-09-30,"2020-10-10 11:40:15",430309,CAR2003315,2020-10-11,"2020-10-14 16:02:48",60,General,Posted,,,dbabu@alhabib.om
TAG2002550,2020-09-30,"2020-10-12 11:01:21",430308,CAR2003314,2020-10-11,"2020-10-14 16:00:58",25.6,General,Posted,,,dbabu@alhabib.om
TAG2002550,2020-09-30,"2020-10-12 11:01:21",430307,CAR2003313,2020-10-11,"2020-10-14 15:59:55",70,General,Posted,,,dbabu@alhabib.om
TAG1903306,2020-09-30,"2020-10-11 15:30:40",430303,CAR2003310,2020-10-11,"2020-10-14 15:56:41",8.2,General,Posted,,,dbabu@alhabib.om
TAG1903306,2020-09-30,"2020-10-11 15:30:40",430302,CAR2003309,2020-10-11,"2020-10-14 15:55:40",40,General,Posted,,,dbabu@alhabib.om
TAG1903306,2020-09-30,"2020-10-11 15:30:40",430301,CAR2003308,2020-10-11,"2020-10-14 15:54:34",540,Rent,Posted,2020-07-01,2020-09-30,dbabu@alhabib.om
TAG2002694,2020-09-30,"2020-10-11 15:31:36",430284,CAR2003295,2020-10-08,"2020-10-14 15:36:10",15,General,Posted,,,dbabu@alhabib.om
TAG1903645,2020-08-31,"2020-10-12 11:02:09",430281,CAR2003292,2020-10-08,"2020-10-14 15:32:39",83.9,General,Posted,,,dbabu@alhabib.om
TAG1903645,2020-08-31,"2020-10-12 11:02:09",430280,CAR2003291,2020-10-08,"2020-10-14 15:31:39",60,General,Posted,,,dbabu@alhabib.om
TAG1903645,2020-08-31,"2020-10-12 11:02:09",430279,CAR2003290,2020-10-08,"2020-10-14 15:30:21",200,Rent,Posted,2020-07-26,2020-08-31,dbabu@alhabib.om
TAG2002149,2020-09-30,"2020-10-10 11:40:29",430278,CAR2003289,2020-10-08,"2020-10-14 15:29:24",20,General,Posted,,,dbabu@alhabib.om
TAG2002149,2020-09-30,"2020-10-10 11:40:29",430277,CAR2003288,2020-10-08,"2020-10-14 15:28:17",10,General,Posted,,,dbabu@alhabib.om
TAG2001699,2020-05-31,"2008-03-31 00:00:00",430267,CAR2003279,2020-10-08,"2020-10-14 15:07:21",155,General,Posted,,,dbabu@alhabib.om
TAG2000754,2020-09-30,"2020-10-11 15:31:48",430264,CAR2003276,2020-10-08,"2020-10-14 15:02:54",18,General,Posted,,,dbabu@alhabib.om
TAG2000754,2020-09-30,"2020-10-11 15:31:48",430263,CAR2003275,2020-10-08,"2020-10-14 15:01:39",150,General,Posted,,,dbabu@alhabib.om
TAG2001680,2020-07-31,"2020-08-10 12:47:47",430255,CPY2015930,2020-07-27,"2020-10-14 14:05:04",1700,Rent,Posted,2020-07-01,2020-07-31,hatem.alamri@alhabib.om
TAG2001680,2020-07-31,"2020-08-10 12:47:47",430254,CPY2015929,2020-07-27,"2020-10-14 14:04:11",1700,Rent,Posted,2020-06-01,2020-06-30,hatem.alamri@alhabib.om
TAG2002550,2020-09-30,"2020-10-12 11:01:21",430244,CPY2015919,2020-07-27,"2020-10-14 13:16:21",300,Rent,Posted,2020-09-01,2020-09-30,hatem.alamri@alhabib.om
TAG1903000,2020-08-31,"2020-08-18 21:26:03",430210,CPY2015885,2020-07-26,"2020-10-14 12:24:09",210,Rent,Posted,2020-07-01,2020-07-31,hatem.alamri@alhabib.om
TAG1903721,2020-10-15,"2020-10-05 16:11:39",430217,CPY2015892,2020-07-26,"2020-10-14 12:24:09",250,Rent,Posted,2020-06-16,2020-07-15,hatem.alamri@alhabib.om
TAG1903593,2020-09-30,"2020-09-30 00:00:00",430195,CPY2015870,2020-07-26,"2020-10-14 12:24:08",460,Rent,Posted,2020-07-01,2020-07-31,hatem.alamri@alhabib.om
TAG2000852,2020-08-31,"2020-10-01 13:11:37",430191,CAR2003269,2020-10-08,"2020-10-14 12:03:58",5,General,Posted,,,dbabu@alhabib.om
TAG2000350,2021-01-31,"2008-03-31 00:00:00",430182,CAR2003262,2020-10-08,"2020-10-14 11:49:23",140,Rent,Posted,2020-10-01,2020-10-31,dbabu@alhabib.om
TAG2000521,2020-10-15,"2020-10-10 11:40:00",430160,CAR2003253,2020-10-07,"2020-10-14 11:36:37",206,General,Posted,,,dbabu@alhabib.om
TAG2000521,2020-10-15,"2020-10-10 11:40:00",430155,CAR2003252,2020-10-07,"2020-10-14 11:30:35",80,General,Posted,,,dbabu@alhabib.om
TAG2001359,2020-07-31,"2020-08-11 22:42:09",430151,CPY2015849,2020-07-28,"2020-10-14 11:23:27",750,Rent,Posted,2020-05-01,2020-07-31,wasif.ahmed@alhabib.om
TAG1902726,2020-09-30,"2020-10-11 15:33:01",430150,CAR2003248,2020-10-07,"2020-10-14 11:22:43",13.3,General,Posted,,,dbabu@alhabib.om
TAG1902726,2020-09-30,"2020-10-11 15:33:01",430149,CAR2003247,2020-10-07,"2020-10-14 11:21:29",70,General,Posted,,,dbabu@alhabib.om
TAG1902364,2020-09-15,"2020-09-15 00:00:00",430144,CAR2003243,2020-10-07,"2020-10-14 11:09:35",42.9,General,Posted,,,dbabu@alhabib.om
TAG2001562,2020-05-31,"2008-03-31 00:00:00",430138,CPY2015846,2020-07-28,"2020-10-14 11:02:42",300,Rent,Posted,2019-09-01,2019-10-10,wasif.ahmed@alhabib.om
TAG1903186,2020-09-30,"2020-10-10 11:40:52",430136,CAR2003237,2020-10-06,"2020-10-14 11:01:26",38.6,General,Posted,,,dbabu@alhabib.om
TAG1903186,2020-09-30,"2020-10-10 11:40:52",430134,CAR2003236,2020-10-06,"2020-10-14 10:59:34",50,General,Posted,,,dbabu@alhabib.om
TAG2000972,2020-09-30,"2020-09-22 10:54:25",430131,CPY2015843,2020-07-23,"2020-10-14 10:55:17",2250,Rent,Posted,2020-04-01,2020-09-30,wasif.ahmed@alhabib.om
TAG1902956,2020-09-14,"2020-09-25 21:14:57",430123,CPY2015839,2020-07-28,"2020-10-14 10:43:29",180,Rent,Posted,2020-07-15,2020-08-14,wasif.ahmed@alhabib.om
TAG2001167,2020-06-30,"2008-03-31 00:00:00",430112,CPY2015837,2020-07-27,"2020-10-14 10:24:02",20,General,Posted,,,wasif.ahmed@alhabib.om
TAG2001167,2020-06-30,"2008-03-31 00:00:00",430110,CPY2015836,2020-07-23,"2020-10-14 10:21:37",230,Rent,Posted,2020-04-01,2020-04-30,wasif.ahmed@alhabib.om
TAG1903083,2020-09-30,"2020-10-12 11:00:57",430104,CAR2003215,2020-10-05,"2020-10-14 10:12:28",60,General,Posted,,,dbabu@alhabib.om
TAG1902140,2020-05-31,"2008-03-31 00:00:00",430095,CPY2015834,2020-07-27,"2020-10-14 09:57:24",88,General,Posted,,,wasif.ahmed@alhabib.om
TAG2001680,2020-07-31,"2020-08-10 12:47:47",430089,CPY2015828,2020-07-01,"2020-10-14 09:28:30",850,Rent,Posted,2020-05-16,2020-05-31,wasif.ahmed@alhabib.om
TAG1903704,2020-11-10,"2008-03-31 00:00:00",430076,CAR2003199,2020-10-05,"2020-10-14 08:18:40",620,Rent,Posted,2020-07-11,2020-11-10,dbabu@alhabib.om
TAG1902968,2020-09-30,"2020-10-11 15:32:27",430074,CAR2003197,2020-10-04,"2020-10-13 16:08:44",34,General,Posted,,,dbabu@alhabib.om
TAG1902968,2020-09-30,"2020-10-11 15:32:27",430073,CAR2003196,2020-10-04,"2020-10-13 16:07:39",40,General,Posted,,,dbabu@alhabib.om
TAG2001783,2020-10-05,"2020-10-10 11:42:23",430070,CAR2003193,2020-10-04,"2020-10-13 16:01:51",132.5,General,Posted,,,dbabu@alhabib.om
TAG2001987,2020-09-30,"2020-10-11 15:31:23",430061,CAR2003184,2020-10-04,"2020-10-13 15:45:27",335,General,Posted,,,dbabu@alhabib.om
TAG2001987,2020-09-30,"2020-10-11 15:31:23",430060,CAR2003183,2020-10-04,"2020-10-13 15:43:34",180,Rent,Posted,2020-09-01,2020-09-30,dbabu@alhabib.om
TAG1902916,2020-09-30,"2020-10-05 16:11:13",430056,CAR2003179,2020-10-04,"2020-10-13 15:35:04",160,General,Posted,,,dbabu@alhabib.om
TAG1902916,2020-09-30,"2020-10-05 16:11:13",430055,CAR2003178,2020-10-04,"2020-10-13 15:33:52",50,General,Posted,,,dbabu@alhabib.om
TAG1902286,2020-09-30,"2020-10-05 16:13:09",430036,CAR2003168,2020-10-04,"2020-10-13 15:13:40",143.4,General,Posted,,,dbabu@alhabib.om
TAG1903721,2020-10-15,"2020-10-05 16:11:39",430027,CAR2003164,2020-10-04,"2020-10-13 15:00:00",41.5,General,Posted,,,dbabu@alhabib.om
TAG1903721,2020-10-15,"2020-10-05 16:11:39",430026,CAR2003163,2020-10-04,"2020-10-13 14:58:48",40,General,Posted,,,dbabu@alhabib.om
TAG1903850,2020-06-30,"2020-06-30 00:00:00",430022,CPY2015809,2020-07-01,"2020-10-13 14:48:23",600,Rent,Posted,2020-05-16,2020-05-31,wasif.ahmed@alhabib.om
TAG2001242,2020-07-31,"2020-08-02 21:25:04",430015,CPY2015802,2020-07-20,"2020-10-13 14:28:47",900,Rent,Posted,2020-05-01,2020-07-31,wasif.ahmed@alhabib.om
TAG2001685,2020-07-15,"2020-08-02 21:24:09",430013,CPY2015800,2020-07-23,"2020-10-13 11:49:37",1050,Rent,Posted,2020-04-16,2020-07-15,wasif.ahmed@alhabib.om
TAG2000686,2020-08-15,"2020-10-01 13:11:24",429992,CAR2003159,2020-09-29,"2020-10-12 16:37:24",67.5,General,Posted,,,dbabu@alhabib.om
TAG1903173,2020-09-30,"2020-10-01 13:12:45",429989,CAR2003156,2020-09-29,"2020-10-12 16:31:58",119,General,Posted,,,dbabu@alhabib.om
TAG1903173,2020-09-30,"2020-10-01 13:12:45",429988,CAR2003155,2020-09-29,"2020-10-12 16:30:34",70,General,Posted,,,dbabu@alhabib.om
TAG1903193,2020-09-30,"2020-10-01 13:10:55",429982,CAR2003150,2020-09-29,"2020-10-12 16:20:42",236.3,General,Posted,,,dbabu@alhabib.om
TAG1903110,2020-09-30,"2020-09-19 17:35:07",429978,CAR2003147,2020-09-29,"2020-10-12 16:17:14",158,General,Posted,,,dbabu@alhabib.om
TAG1903110,2020-09-30,"2020-09-19 17:35:07",429977,CAR2003146,2020-09-29,"2020-10-12 16:16:12",20,General,Posted,,,dbabu@alhabib.om
TAG2002315,2020-09-30,"2020-10-04 11:23:09",429973,CAR2003143,2020-09-29,"2020-10-12 16:11:26",50,General,Posted,,,dbabu@alhabib.om
TAG2002486,2020-09-15,"2020-10-11 16:21:41",429966,CAR2003137,2020-09-28,"2020-10-12 16:01:48",424,General,Posted,,,dbabu@alhabib.om
TAG1902898,2020-09-30,"2020-10-01 13:11:12",429964,CAR2003135,2020-09-28,"2020-10-12 15:57:09",43.2,General,Posted,,,dbabu@alhabib.om
TAG1902898,2020-09-30,"2020-10-01 13:11:12",429963,CAR2003134,2020-09-28,"2020-10-12 15:55:14",50,General,Posted,,,dbabu@alhabib.om
TAG2002134,2020-07-31,"2020-09-22 10:54:01",429962,CAR2003133,2020-09-28,"2020-10-12 15:53:24",159.2,General,Posted,,,dbabu@alhabib.om
TAG2001788,2020-08-31,"2020-10-01 13:10:42",429953,CAR2003126,2020-09-28,"2020-10-12 15:36:55",600,Rent,Posted,2020-06-01,2020-08-31,dbabu@alhabib.om
TAG2000438,2020-08-31,"2020-09-25 21:15:51",429947,CAR2003122,2020-09-28,"2020-10-12 15:29:16",4.5,General,Posted,,,dbabu@alhabib.om
TAG2000438,2020-08-31,"2020-09-25 21:15:51",429946,CAR2003121,2020-09-28,"2020-10-12 15:28:06",50,General,Posted,,,dbabu@alhabib.om
TAG2000437,2020-08-31,"2020-09-25 21:15:32",429944,CAR2003120,2020-09-28,"2020-10-12 15:26:29",17.9,General,Posted,,,dbabu@alhabib.om
TAG2000437,2020-08-31,"2020-09-25 21:15:32",429943,CAR2003119,2020-09-28,"2020-10-12 15:25:21",25,General,Posted,,,dbabu@alhabib.om
TAG2001963,2020-07-31,"2020-08-07 22:08:55",429933,CAR2003112,2020-09-27,"2020-10-12 12:13:22",400,General,Posted,,,dbabu@alhabib.om
TAG1903645,2020-08-31,"2020-10-12 11:02:09",429931,CAR2003110,2020-09-27,"2020-10-12 12:08:41",480,Rent,Posted,2020-05-01,2020-07-25,dbabu@alhabib.om
TAG1902784,2020-09-14,"2020-10-01 13:12:39",429925,CAR2003104,2020-09-27,"2020-10-12 11:53:08",66.1,General,Posted,,,dbabu@alhabib.om
TAG1902784,2020-09-14,"2020-10-01 13:12:39",429924,CAR2003103,2020-09-27,"2020-10-12 11:51:47",40,General,Posted,,,dbabu@alhabib.om
TAG2001749,2020-09-30,"2020-09-25 21:17:47",429922,CAR2003101,2020-09-24,"2020-10-12 11:48:10",181.8,General,Posted,,,dbabu@alhabib.om
TAG2002599,2020-09-30,"2020-10-01 13:11:48",429919,CAR2003098,2020-09-24,"2020-10-12 11:43:37",45.5,General,Posted,,,dbabu@alhabib.om
TAG1902804,2020-08-31,"2020-09-19 17:32:11",429918,CAR2003097,2020-09-24,"2020-10-12 11:39:43",120,Rent,Posted,2020-07-16,2020-08-15,dbabu@alhabib.om
TAG1902979,2020-08-31,"2020-09-19 17:33:15",429917,CAR2003096,2020-10-12,"2020-10-12 11:37:28",150,Rent,Posted,2020-07-16,2020-08-15,dbabu@alhabib.om
TAG1902804,2020-08-31,"2020-09-19 17:32:11",429916,CAR2003095,2020-09-24,"2020-10-12 11:35:02",120,Rent,Posted,2020-06-16,2020-07-15,dbabu@alhabib.om
TAG1902979,2020-08-31,"2020-09-19 17:33:15",429915,CAR2003094,2020-09-24,"2020-10-12 11:33:19",150,Rent,Posted,2020-06-16,2020-07-15,dbabu@alhabib.om
TAG1903442,2020-09-30,"2020-10-01 13:12:32",429911,CAR2003090,2020-09-24,"2020-10-12 11:27:18",129.4,General,Posted,,,dbabu@alhabib.om
TAG2002630,2020-09-30,"2020-09-25 21:18:56",429910,CAR2003089,2020-09-24,"2020-10-12 11:25:48",56.2,General,Posted,,,dbabu@alhabib.om
TAG1903173,2020-09-30,"2020-10-01 13:12:45",429909,CAR2003088,2020-09-24,"2020-10-12 11:24:33",1340,Rent,Posted,2020-04-06,2020-09-30,dbabu@alhabib.om
TAG2000382,2022-11-15,"2020-08-24 00:00:00",429899,CAR2003078,2020-09-23,"2020-10-12 11:05:03",450,Rent,Posted,2020-02-01,2020-02-03,dbabu@alhabib.om
TAG2001961,2020-09-15,"2020-09-22 09:39:15",429880,CAR2003059,2020-09-22,"2020-10-12 10:11:55",15,General,Posted,,,dbabu@alhabib.om
TAG2001961,2020-09-15,"2020-09-22 09:39:15",429879,CAR2003058,2020-09-22,"2020-10-12 10:10:48",220,General,Pending,,,dbabu@alhabib.om
TAG2001004,2020-09-15,"2020-09-25 21:14:24",429873,CAR2003052,2020-09-21,"2020-10-12 09:58:13",41.6,General,Posted,,,dbabu@alhabib.om
TAG2001987,2020-09-30,"2020-10-11 15:31:23",429872,CAR2003051,2020-09-21,"2020-10-12 09:56:11",360,Rent,Posted,2020-07-01,2020-08-31,dbabu@alhabib.om
TAG1903173,2020-09-30,"2020-10-01 13:12:45",429866,CAR2003045,2020-09-21,"2020-10-12 09:42:30",500,Rent,Posted,2020-02-01,2020-04-05,dbabu@alhabib.om
TAG1903110,2020-09-30,"2020-09-19 17:35:07",429849,CAR2003033,2020-09-17,"2020-10-11 08:49:11",260,Rent,Posted,2020-09-01,2020-09-30,wasif.ahmed@alhabib.om
TAG1903110,2020-09-30,"2020-09-19 17:35:07",429848,CPY2015762,2020-08-12,"2020-10-11 08:46:32",260,Rent,Posted,2020-08-01,2020-08-31,wasif.ahmed@alhabib.om
TAG2001642,2020-09-05,"2020-09-24 13:54:34",429843,CAR2003029,2020-09-21,"2020-10-08 16:06:33",20,General,Posted,,,dbabu@alhabib.om
TAG1902898,2020-09-30,"2020-10-01 13:11:12",429838,CAR2003024,2020-09-17,"2020-10-08 15:56:51",260,Rent,Posted,2020-09-01,2020-09-30,wasif.ahmed@alhabib.om
TAG1902898,2020-09-30,"2020-10-01 13:11:12",429836,CPY2015760,2020-08-16,"2020-10-08 15:56:00",260,Rent,Posted,2020-08-01,2020-08-31,wasif.ahmed@alhabib.om
TAG1902071,2020-05-31,"2020-08-12 21:34:18",429835,CAR2003022,2020-09-20,"2020-10-08 15:53:22",309.8,General,Posted,,,dbabu@alhabib.om
TAG1902071,2020-05-31,"2020-08-12 21:34:18",429834,CAR2003021,2020-09-20,"2020-10-08 15:49:33",235,Rent,Posted,2020-05-01,2020-05-31,dbabu@alhabib.om
TAG2002597,2020-09-25,"2020-09-22 10:54:11",429831,CAR2003018,2020-09-20,"2020-10-08 15:43:28",290,General,Posted,,,dbabu@alhabib.om
TAG2002597,2020-09-25,"2020-09-22 10:54:11",429830,CAR2003017,2020-09-20,"2020-10-08 15:40:01",60,General,Posted,,,dbabu@alhabib.om
TAG2002597,2020-09-25,"2020-09-22 10:54:11",429829,CAR2003016,2020-09-20,"2020-10-08 15:38:18",180,Rent,Posted,2020-09-11,2020-09-25,dbabu@alhabib.om
TAG1902966,2020-09-14,"2020-09-22 10:53:43",429827,CAR2003014,2020-09-20,"2020-10-08 15:34:41",157,General,Posted,,,dbabu@alhabib.om
TAG1902966,2020-09-14,"2020-09-22 10:53:43",429826,CAR2003013,2020-09-20,"2020-10-08 15:33:15",30,General,Posted,,,dbabu@alhabib.om
TAG1902069,2020-06-30,"2008-03-31 00:00:00",429809,CAR2003000,2020-09-20,"2020-10-08 14:57:05",250,Rent,Posted,2020-06-01,2020-06-30,dbabu@alhabib.om
TAG1902612,2020-09-15,"2020-09-19 17:34:42",429808,CAR2002999,2020-09-17,"2020-10-08 14:53:55",23.3,General,Posted,,,dbabu@alhabib.om
TAG1902612,2020-09-15,"2020-09-19 17:34:42",429806,CAR2002997,2020-09-17,"2020-10-08 14:50:53",60,General,Posted,,,dbabu@alhabib.om
TAG2001980,2020-09-30,"2020-09-19 17:36:05",429805,CAR2002996,2020-09-17,"2020-10-08 14:48:42",175,General,Posted,,,dbabu@alhabib.om
TAG2001980,2020-09-30,"2020-09-19 17:36:05",429803,CAR2002995,2020-09-17,"2020-10-08 14:43:35",600,Rent,Posted,2020-07-01,2020-08-31,dbabu@alhabib.om
TAG2001957,2020-09-30,"2020-09-25 21:14:11",429789,CAR2002982,2020-10-08,"2020-10-08 13:36:47",20.2,General,Posted,,,dbabu@alhabib.om
TAG2001957,2020-09-30,"2020-09-25 21:14:11",429788,CAR2002981,2020-09-17,"2020-10-08 13:35:48",20,General,Posted,,,dbabu@alhabib.om
TAG2002315,2020-09-30,"2020-10-04 11:23:09",429787,CAR2002980,2020-09-17,"2020-10-08 13:34:36",105,General,Posted,,,dbabu@alhabib.om
TAG2000861,2020-09-15,"2020-09-24 13:54:16",429778,CAR2002971,2020-09-16,"2020-10-08 13:17:44",39,General,Posted,,,dbabu@alhabib.om
TAG2000861,2020-09-15,"2020-09-24 13:54:16",429777,CAR2002970,2020-09-16,"2020-10-08 13:16:11",200,Rent,Posted,2020-08-16,2020-09-15,dbabu@alhabib.om
TAG2001385,2020-04-30,"2008-03-31 00:00:00",429773,CAR2002966,2020-09-15,"2020-10-08 13:10:21",140.6,General,Posted,,,dbabu@alhabib.om
TAG2001228,2020-08-31,"2020-09-02 11:23:55",429767,CAR2002962,2020-09-15,"2020-10-08 13:02:39",74,General,Posted,,,dbabu@alhabib.om
TAG2001228,2020-08-31,"2020-09-02 11:23:55",429766,CAR2002961,2020-09-15,"2020-10-08 12:58:27",15,General,Posted,,,dbabu@alhabib.om
TAG2001228,2020-08-31,"2020-09-02 11:23:55",429765,CAR2002960,2020-09-15,"2020-10-08 12:57:06",275,Rent,Pending,2020-08-01,2020-08-31,dbabu@alhabib.om
TAG1902804,2020-08-31,"2020-09-19 17:32:11",429761,CAR2002956,2020-09-15,"2020-10-08 12:51:43",120,Rent,Posted,2020-05-16,2020-06-15,dbabu@alhabib.om
TAG1902979,2020-08-31,"2020-09-19 17:33:15",429760,CAR2002955,2020-09-15,"2020-10-08 12:50:13",150,Rent,Posted,2020-05-16,2020-06-15,dbabu@alhabib.om
TAG2001957,2020-09-30,"2020-09-25 21:14:11",429748,CAR2002943,2020-09-14,"2020-10-08 12:33:43",250,Rent,Posted,2020-09-01,2020-09-30,dbabu@alhabib.om
TAG1903099,2020-07-31,"2020-08-02 21:28:57",429742,CAR2002937,2020-09-13,"2020-10-08 12:25:29",70.6,General,Posted,,,dbabu@alhabib.om
TAG1903099,2020-07-31,"2020-08-02 21:28:57",429741,CAR2002936,2020-09-13,"2020-10-08 12:23:31",75,General,Posted,,,dbabu@alhabib.om
TAG1903001,2020-08-31,"2020-09-19 17:34:24",429734,CAR2002930,2020-09-13,"2020-10-08 12:14:27",92,General,Posted,,,dbabu@alhabib.om
TAG1903001,2020-08-31,"2020-09-19 17:34:24",429733,CAR2002929,2020-09-13,"2020-10-08 12:13:22",40,General,Posted,,,dbabu@alhabib.om
TAG1903001,2020-08-31,"2020-09-19 17:34:24",429732,CAR2002928,2020-09-13,"2020-10-08 12:12:01",150,Rent,Posted,2020-08-01,2020-08-31,dbabu@alhabib.om
TAG2000686,2020-08-15,"2020-10-01 13:11:24",429727,CAR2002923,2020-09-13,"2020-10-08 12:07:25",27.5,General,Posted,,,dbabu@alhabib.om
TAG2002316,2020-09-15,"2020-09-15 15:43:13",429703,CPY2015745,2020-09-01,"2020-10-07 16:23:01",100,Rent,Posted,2020-09-06,2020-09-15,wasif.ahmed@alhabib.om
TAG2000381,2020-08-31,"2020-09-13 12:37:59",429702,CAR2002904,2020-09-10,"2020-10-07 16:21:55",16.2,General,Posted,,,dbabu@alhabib.om
TAG2002316,2020-09-15,"2020-09-15 15:43:13",429701,CAR2002903,2020-09-10,"2020-10-07 16:20:57",200,Rent,Posted,2020-08-16,2020-09-05,wasif.ahmed@alhabib.om
TAG2000381,2020-08-31,"2020-09-13 12:37:59",429700,CAR2002902,2020-09-10,"2020-10-07 16:20:35",40,General,Posted,,,dbabu@alhabib.om
TAG2002316,2020-09-15,"2020-09-15 15:43:13",429699,CPY2015744,2020-07-27,"2020-10-07 16:19:29",200,Rent,Posted,2020-07-26,2020-08-15,wasif.ahmed@alhabib.om
TAG1902589,2020-08-31,"2020-09-25 21:14:38",429695,CAR2002898,2020-09-10,"2020-10-07 16:07:15",2.5,General,Posted,,,dbabu@alhabib.om
TAG2002316,2020-09-15,"2020-09-15 15:43:13",429693,CAR2002896,2020-09-10,"2020-10-07 16:04:04",140,General,Posted,,,dbabu@alhabib.om
TAG2001809,2020-09-15,"2020-09-09 16:18:38",429689,CAR2002893,2020-09-09,"2020-10-07 15:55:49",89.7,General,Posted,,,dbabu@alhabib.om
TAG2001809,2020-09-15,"2020-09-09 16:18:38",429688,CAR2002892,2020-09-09,"2020-10-07 15:53:33",125,Rent,Posted,2020-09-01,2020-09-15,dbabu@alhabib.om
TAG2002316,2020-09-15,"2020-09-15 15:43:13",429687,CAR2002891,2020-09-06,"2020-10-07 15:50:45",82,General,Posted,,,wasif.ahmed@alhabib.om
TAG2001449,2020-05-21,"2020-09-08 17:26:07",429667,CAR2002874,2020-09-08,"2020-10-07 15:30:49",26.4,General,Posted,,,dbabu@alhabib.om
TAG2001449,2020-05-21,"2020-09-08 17:26:07",429666,CAR2002873,2020-09-08,"2020-10-07 15:29:27",53.6,General,Posted,,,dbabu@alhabib.om
TAG2001449,2020-05-21,"2020-09-08 17:26:07",429664,CAR2002871,2020-09-08,"2020-10-07 15:28:07",150,Rent,Posted,2020-05-01,2020-05-21,dbabu@alhabib.om
TAG1903686,2020-09-15,"2020-09-08 17:27:30",429655,CAR2002865,2020-09-08,"2020-10-07 15:20:50",212,General,Posted,,,dbabu@alhabib.om
TAG2001267,2020-08-31,"2020-09-02 11:19:16",429651,CAR2002861,2020-09-08,"2020-10-07 15:10:07",28,General,Posted,,,dbabu@alhabib.om
TAG2001267,2020-08-31,"2020-09-02 11:19:16",429650,CAR2002860,2020-09-08,"2020-10-07 15:08:58",10,General,Posted,,,dbabu@alhabib.om
TAG1900512,2019-02-28,"2008-03-31 00:00:00",429645,CAR2002855,2020-09-07,"2020-10-07 14:58:30",202,General,Posted,,,dbabu@alhabib.om
TAG1900512,2019-02-28,"2008-03-31 00:00:00",429644,CAR2002854,2020-09-07,"2020-10-07 14:56:04",550,Rent,Posted,2019-01-01,2019-02-28,dbabu@alhabib.om
TAG2002451,2020-08-31,"2020-09-08 17:40:14",429643,CAR2002853,2020-09-07,"2020-10-07 14:53:49",1.9,General,Posted,,,dbabu@alhabib.om
TAG2002451,2020-08-31,"2020-09-08 17:40:14",429642,CAR2002852,2020-09-07,"2020-10-07 14:52:30",20,General,Posted,,,dbabu@alhabib.om
TAG2000391,2020-07-31,"2020-07-20 20:40:13",429641,CAR2002851,2020-09-07,"2020-10-07 14:50:18",90,Rent,Posted,2020-07-16,2020-07-31,dbabu@alhabib.om
TAG2002162,2020-08-31,"2020-09-15 15:43:24",429627,CAR2002839,2020-09-07,"2020-10-07 14:25:17",540,Rent,Posted,2020-06-01,2020-08-31,dbabu@alhabib.om
TAG2002205,2020-08-17,"2020-08-24 16:26:04",429618,CAR2002833,2020-08-24,"2020-10-07 12:18:48",270,Rent,Posted,2020-08-03,2020-08-17,wasif.ahmed@alhabib.om
TAG2001711,2020-08-31,"2020-09-19 17:31:10",429603,CAR2002822,2020-09-06,"2020-10-07 11:51:07",15,General,Posted,,,dbabu@alhabib.om
TAG1902294,2020-07-31,"2020-09-02 11:19:54",429591,CAR2002812,2020-09-06,"2020-10-07 11:34:46",40,General,Posted,,,dbabu@alhabib.om
TAG1903764,2020-08-31,"2020-08-26 22:06:16",429583,CAR2002805,2020-08-25,"2020-10-07 11:25:34",45,General,Posted,,,wasif.ahmed@alhabib.om
TAG1902333,2020-07-31,"2020-09-02 11:18:27",429582,CAR2002804,2020-09-03,"2020-10-07 11:23:10",10,General,Posted,,,dbabu@alhabib.om
TAG2000350,2021-01-31,"2008-03-31 00:00:00",429574,CAR2002796,2020-09-03,"2020-10-07 11:07:54",140,Rent,Posted,2020-09-01,2020-09-30,dbabu@alhabib.om
TAG1903135,2020-08-31,"2020-09-02 11:23:13",429568,CAR2002791,2020-08-31,"2020-10-07 10:56:18",400,Rent,Posted,2020-08-01,2020-08-31,wasif.ahmed@alhabib.om
TAG1903135,2020-08-31,"2020-09-02 11:23:13",429567,CAR2002790,2020-08-31,"2020-10-07 10:55:44",400,Rent,Posted,2020-07-01,2020-07-31,wasif.ahmed@alhabib.om
TAG1903135,2020-08-31,"2020-09-02 11:23:13",429566,CAR2002789,2020-08-31,"2020-10-07 10:54:35",400,Rent,Posted,2020-06-01,2020-06-30,wasif.ahmed@alhabib.om
TAG1903135,2020-08-31,"2020-09-02 11:23:13",429565,CAR2002788,2020-08-31,"2020-10-07 10:53:31",400,Rent,Posted,2020-05-01,2020-05-31,wasif.ahmed@alhabib.om
TAG2000017,2020-03-31,"2020-03-31 00:00:00",429563,CAR2002786,2020-09-02,"2020-10-07 10:48:03",7,General,Posted,,,dbabu@alhabib.om
TAG2000017,2020-03-31,"2020-03-31 00:00:00",429562,CAR2002785,2020-09-02,"2020-10-07 10:47:02",100,General,Posted,,,dbabu@alhabib.om
TAG2002275,2020-08-31,"2020-09-02 11:24:06",429559,CAR2002782,2020-09-02,"2020-10-07 10:40:40",13.3,General,Posted,,,dbabu@alhabib.om
TAG2002275,2020-08-31,"2020-09-02 11:24:06",429558,CAR2002781,2020-09-02,"2020-10-07 10:38:48",50,General,Posted,,,dbabu@alhabib.om
TAG2002275,2020-08-31,"2020-09-02 11:24:06",429557,CAR2002780,2020-09-02,"2020-10-07 10:37:07",250,Rent,Posted,2020-08-01,2020-08-31,dbabu@alhabib.om
TAG2001090,2020-07-31,"2020-09-02 11:19:24",429554,CAR2002777,2020-09-02,"2020-10-07 10:33:07",350,General,Posted,,,dbabu@alhabib.om
TAG2000547,2020-07-31,"2020-08-11 22:35:27",429540,CAR2002763,2020-09-02,"2020-10-07 10:09:38",9.7,General,Posted,,,dbabu@alhabib.om
TAG2002203,2020-08-31,"2020-09-02 11:18:58",429539,CAR2002762,2020-09-02,"2020-10-07 10:08:20",9.1,General,Posted,,,dbabu@alhabib.om
TAG1902863,2020-08-31,"2020-09-08 17:29:40",429534,CAR2002757,2020-09-01,"2020-10-07 10:01:57",113.6,General,Posted,,,dbabu@alhabib.om
TAG1902674,2020-08-31,"2020-09-02 11:28:47",429533,CAR2002756,2020-09-01,"2020-10-07 09:56:11",89.5,General,Posted,,,dbabu@alhabib.om
TAG2002026,2020-09-10,"2020-09-16 09:34:06",429531,CAR2002754,2020-09-01,"2020-10-07 09:52:05",550,Rent,Posted,2020-07-11,2020-09-10,dbabu@alhabib.om
TAG1903135,2020-08-31,"2020-09-02 11:23:13",429526,CPY2015723,2020-08-15,"2020-10-06 16:36:21",400,Rent,Posted,2020-04-01,2020-04-30,wasif.ahmed@alhabib.om
TAG1902577,2020-08-31,"2020-09-02 11:22:04",429521,CAR2002745,2020-08-31,"2020-10-06 16:18:11",720,Rent,Posted,2020-05-01,2020-08-31,dbabu@alhabib.om
TAG1903880,2019-12-15,"2008-03-31 00:00:00",429519,CAR2002743,2020-08-30,"2020-10-06 16:15:35",147,General,Posted,,,dbabu@alhabib.om
TAG1803357,2019-09-30,"2008-03-31 00:00:00",429518,CAR2002742,2020-08-31,"2020-10-06 16:13:56",153,Rent,Posted,2019-07-18,2019-08-12,dbabu@alhabib.om
TAG1901939,2020-07-31,"2020-08-11 22:37:39",429517,CAR2002741,2020-08-31,"2020-10-06 16:11:20",25.9,General,Posted,,,wasif.ahmed@alhabib.om
TAG1901939,2020-07-31,"2020-08-11 22:37:39",429516,CAR2002740,2020-08-31,"2020-10-06 16:09:59",100,General,Posted,,,wasif.ahmed@alhabib.om
TAG1902646,2020-08-31,"2020-09-02 11:21:09",429509,CAR2002733,2020-08-30,"2020-10-06 15:52:47",7.3,General,Posted,,,dbabu@alhabib.om
TAG1902646,2020-08-31,"2020-09-02 11:21:09",429508,CAR2002732,2020-08-30,"2020-10-06 15:51:27",45,General,Posted,,,dbabu@alhabib.om
TAG1902399,2020-08-31,"2020-09-02 11:21:56",429506,CAR2002730,2020-08-30,"2020-10-06 15:47:16",28.7,General,Posted,,,dbabu@alhabib.om
TAG1902399,2020-08-31,"2020-09-02 11:21:56",429505,CAR2002729,2020-08-30,"2020-10-06 15:45:27",40,General,Posted,,,dbabu@alhabib.om
TAG1903230,2020-07-20,"2020-07-26 21:14:35",429504,CAR2002728,2020-08-30,"2020-10-06 15:43:41",27,General,Posted,,,dbabu@alhabib.om
TAG1903230,2020-07-20,"2020-07-26 21:14:35",429503,CAR2002727,2020-08-30,"2020-10-06 15:42:11",73,General,Posted,,,dbabu@alhabib.om
TAG1902582,2020-08-31,"2020-09-02 11:21:34",429501,CAR2002725,2020-08-30,"2020-10-06 15:36:16",3.2,General,Posted,,,dbabu@alhabib.om
TAG1902582,2020-08-31,"2020-09-02 11:21:34",429500,CAR2002724,2020-08-30,"2020-10-06 15:34:07",10,General,Posted,,,dbabu@alhabib.om
TAG1900948,2020-03-31,"2008-03-31 00:00:00",429497,CAR2002721,2020-08-27,"2020-10-06 15:22:38",200,Rent,Posted,2020-03-01,2020-03-31,dbabu@alhabib.om
TAG1900948,2020-03-31,"2008-03-31 00:00:00",429496,CAR2002720,2020-08-27,"2020-10-06 15:21:37",41.2,General,Posted,,,dbabu@alhabib.om
TAG2001990,2020-08-31,"2020-09-02 11:24:37",429495,CAR2002719,2020-08-27,"2020-10-06 15:19:35",180.6,General,Posted,,,dbabu@alhabib.om
TAG2000283,2020-08-31,"2020-09-02 11:18:48",429493,CAR2002717,2020-08-27,"2020-10-06 15:15:52",151.5,General,Posted,,,dbabu@alhabib.om
TAG2000428,2020-08-31,"2020-09-02 11:17:35",429489,CAR2002713,2020-08-27,"2020-10-06 15:03:54",7.4,General,Posted,,,dbabu@alhabib.om
TAG2002649,2020-08-31,"2020-09-25 21:16:30",429488,CAR2002712,2020-08-27,"2020-10-06 15:02:30",25,General,Posted,,,dbabu@alhabib.om
TAG2002649,2020-08-31,"2020-09-25 21:16:30",429487,CAR2002711,2020-08-27,"2020-10-06 15:00:43",255,General,Posted,,,dbabu@alhabib.om
TAG2002649,2020-08-31,"2020-09-25 21:16:30",429486,CAR2002710,2020-08-27,"2020-10-06 14:58:17",350,Rent,Posted,2020-08-01,2020-08-31,dbabu@alhabib.om
TAG1902685,2020-08-31,"2020-09-02 11:20:13",429480,CAR2002704,2020-08-27,"2020-10-06 14:50:37",184,General,Posted,,,dbabu@alhabib.om
TAG1902685,2020-08-31,"2020-09-02 11:20:13",429479,CAR2002703,2020-08-27,"2020-10-06 14:36:53",60,General,Posted,,,dbabu@alhabib.om
TAG2002233,2020-08-30,"2020-08-26 22:04:58",429477,CAR2002701,2020-08-26,"2020-10-06 14:34:28",100,Rent,Posted,2020-08-16,2020-08-24,wasif.ahmed@alhabib.om
TAG2000746,2020-08-10,"2020-08-12 21:34:28",429475,CAR2002699,2020-08-26,"2020-10-06 14:30:27",20.5,General,Posted,,,dbabu@alhabib.om
TAG2000746,2020-08-10,"2020-08-12 21:34:28",429474,CAR2002698,2020-08-26,"2020-10-06 14:28:31",60,General,Posted,,,dbabu@alhabib.om
TAG1903764,2020-08-31,"2020-08-26 22:06:16",429466,CAR2002690,2020-08-25,"2020-10-06 13:53:01",42.8,General,Posted,,,wasif.ahmed@alhabib.om
TAG2001591,2020-08-05,"2020-08-12 21:34:39",429460,CAR2002684,2020-08-25,"2020-10-06 13:40:57",59,General,Posted,,,dbabu@alhabib.om
TAG2001567,2020-09-15,"2020-09-08 17:31:02",429452,CAR2002677,2020-08-25,"2020-10-06 13:19:34",442,General,Posted,,,dbabu@alhabib.om
TAG2002205,2020-08-17,"2020-08-24 16:26:04",429446,CAR2002672,2020-08-24,"2020-10-06 13:02:01",195.5,General,Posted,,,wasif.ahmed@alhabib.om
TAG2001417,2020-08-31,"2020-09-16 09:41:02",429445,CAR2002671,2020-08-24,"2020-10-06 12:53:19",160,Rent,Posted,2020-08-01,2020-08-31,dbabu@alhabib.om
TAG2000686,2020-08-15,"2020-10-01 13:11:24",429442,CAR2002668,2020-08-24,"2020-10-06 12:49:38",200,Rent,Posted,2020-06-16,2020-08-15,wasif.ahmed@alhabib.om
TAG1902765,2020-08-31,"2020-09-08 17:26:31",429438,CAR2002664,2020-08-24,"2020-10-06 12:34:52",200,Rent,Posted,2020-08-01,2020-08-31,wasif.ahmed@alhabib.om
TAG2000928,2020-07-31,"2020-08-02 21:26:41",429421,CAR2002649,2020-08-20,"2020-10-06 11:02:54",370,Rent,Posted,2020-06-01,2020-07-31,dbabu@alhabib.om
TAG1902577,2020-08-31,"2020-09-02 11:22:04",429411,CAR2002641,2020-08-19,"2020-10-06 10:39:43",720,Rent,Posted,2020-01-01,2020-04-30,dbabu@alhabib.om
TAG1902577,2020-08-31,"2020-09-02 11:22:04",429410,CPY2015716,2020-08-10,"2020-10-06 10:38:24",180,Rent,Posted,2019-12-01,2019-12-31,wasif.ahmed@alhabib.om
TAG2001167,2020-06-30,"2008-03-31 00:00:00",429409,CAR2002640,2020-08-19,"2020-10-06 10:24:57",300,General,Posted,,,dbabu@alhabib.om
TAG1902477,2020-07-31,"2020-08-03 20:28:47",429408,CAR2002639,2020-08-19,"2020-10-06 10:23:33",97.6,General,Posted,,,dbabu@alhabib.om
TAG1902477,2020-07-31,"2020-08-03 20:28:47",429407,CAR2002638,2020-08-19,"2020-10-06 10:21:43",45,General,Posted,,,dbabu@alhabib.om
TAG1902140,2020-05-31,"2008-03-31 00:00:00",429406,CAR2002637,2020-08-19,"2020-10-06 10:20:04",15,General,Posted,,,dbabu@alhabib.om
TAG2000931,2020-08-15,"2020-08-24 16:26:29",429404,CAR2002635,2020-08-19,"2020-10-06 10:13:39",53.7,General,Posted,,,dbabu@alhabib.om
TAG2000931,2020-08-15,"2020-08-24 16:26:29",429403,CAR2002634,2020-08-19,"2020-10-06 10:11:22",100,General,Posted,,,dbabu@alhabib.om
TAG2002649,2020-08-31,"2020-09-25 21:16:30",429399,CAR2002630,2020-07-23,"2020-10-05 11:26:34",350,Rent,Posted,2020-07-01,2020-07-31,wasif.ahmed@alhabib.om
TAG2002023,2020-08-09,"2020-08-12 14:50:05",429376,CAR2002618,2020-08-13,"2020-10-04 17:29:52",26.4,General,Posted,,,wasif.ahmed@alhabib.om
TAG2002023,2020-08-09,"2020-08-12 14:50:05",429375,CAR2002617,2020-08-13,"2020-10-04 17:28:36",30,General,Posted,,,wasif.ahmed@alhabib.om
TAG2002023,2020-08-09,"2020-08-12 14:50:05",429374,CAR2002616,2020-07-28,"2020-10-04 17:26:21",200,Rent,Posted,2020-07-10,2020-08-09,wasif.ahmed@alhabib.om
TAG2001884,2020-08-31,"2020-08-12 21:36:28",429373,CAR2002615,2020-08-13,"2020-10-04 16:55:16",67.6,General,Posted,,,wasif.ahmed@alhabib.om
TAG1903409,2020-07-31,"2020-08-11 22:42:51",429361,CAR2002604,2020-08-12,"2020-10-04 10:25:30",21,General,Posted,,,wasif.ahmed@alhabib.om
TAG2001387,2020-07-31,"2020-08-07 22:09:16",429360,CAR2002603,2020-08-12,"2020-10-04 10:22:13",3,General,Posted,,,wasif.ahmed@alhabib.om
TAG2001387,2020-07-31,"2020-08-07 22:09:16",429359,CAR2002602,2020-08-12,"2020-10-04 10:20:53",50,Rent,Posted,2020-07-22,2020-07-31,wasif.ahmed@alhabib.om
TAG2001387,2020-07-31,"2020-08-07 22:09:16",429358,CAR2002601,2020-08-12,"2020-10-04 10:11:46",20,General,Posted,,,wasif.ahmed@alhabib.om
TAG2001495,2020-07-15,"2020-08-03 20:28:28",429357,CAR2002600,2020-08-12,"2020-10-04 10:04:03",17.4,General,Posted,,,wasif.ahmed@alhabib.om
TAG2001261,2020-07-31,"2020-08-12 21:33:53",429356,CAR2002599,2020-08-12,"2020-10-04 09:15:06",205.8,General,Posted,,,wasif.ahmed@alhabib.om
TAG1902526,2020-07-31,"2020-08-12 21:33:44",429355,CAR2002598,2020-08-12,"2020-10-04 09:07:59",35.6,General,Posted,,,wasif.ahmed@alhabib.om
TAG1902526,2020-07-31,"2020-08-12 21:33:44",429354,CAR2002597,2020-08-12,"2020-10-04 09:05:44",45,General,Posted,,,wasif.ahmed@alhabib.om
TAG1901709,2020-07-31,"2020-08-07 22:08:46",429351,CAR2002595,2020-08-12,"2020-10-04 08:51:44",38,General,Posted,,,wasif.ahmed@alhabib.om
TAG1901709,2020-07-31,"2020-08-07 22:08:46",429350,CAR2002594,2020-08-12,"2020-10-04 08:49:53",10,General,Posted,,,wasif.ahmed@alhabib.om
TAG2001206,2020-07-31,"2020-08-03 20:12:30",429343,CAR2002587,2020-08-11,"2020-10-01 16:15:16",125,General,Posted,,,wasif.ahmed@alhabib.om
TAG1902550,2020-07-31,"2020-08-11 22:42:32",429342,CAR2002586,2020-08-11,"2020-10-01 16:11:13",38,General,Posted,,,wasif.ahmed@alhabib.om
TAG1902550,2020-07-31,"2020-08-11 22:42:32",429341,CAR2002585,2020-08-11,"2020-10-01 16:09:19",15,General,Posted,,,wasif.ahmed@alhabib.om
TAG2001964,2020-07-31,"2020-08-02 21:33:17",429333,CAR2002580,2020-08-10,"2020-10-01 15:33:25",172,General,Posted,,,wasif.ahmed@alhabib.om
TAG2001168,2020-07-31,"2020-08-02 21:30:46",429332,CAR2002579,2020-08-10,"2020-10-01 15:27:19",40,General,Posted,,,wasif.ahmed@alhabib.om
TAG2000132,2020-07-31,"2020-07-31 00:00:00",429328,CAR2002575,2020-08-10,"2020-10-01 13:30:20",20,General,Posted,,,wasif.ahmed@alhabib.om
TAG2002316,2020-09-15,"2020-09-15 15:43:13",429313,CAR2002560,2020-07-27,"2020-09-28 17:08:41",100,Rent,Posted,2020-07-16,2020-07-25,wasif.ahmed@alhabib.om
TAG2000474,2020-04-04,"2008-03-31 00:00:00",429308,CPY2015703,2020-07-21,"2020-09-24 09:13:52",89.2,General,Posted,,,wasif.ahmed@alhabib.om
TAG2001526,2020-06-30,"2020-06-30 00:00:00",429307,CPY2015702,2020-07-10,"2020-09-23 16:41:39",275,Rent,Posted,2020-06-01,2020-06-30,wasif.ahmed@alhabib.om
TAG2000217,2020-08-15,"2020-09-07 10:10:10",429305,CPY2015700,2020-07-16,"2020-09-23 12:51:40",1455,Rent,Posted,2020-05-16,2020-08-15,wasif.ahmed@alhabib.om
TAG1903686,2020-09-15,"2020-09-08 17:27:30",429298,CPY2015693,2020-07-16,"2020-09-23 12:07:36",350,Rent,Posted,2020-07-16,2020-08-15,wasif.ahmed@alhabib.om
TAG1902786,2020-04-30,"2020-07-20 12:16:35",429270,CPY2015665,2020-07-21,"2020-09-22 10:47:03",90,General,Posted,,,salamr@alhabib.om
TAG2001925,2020-07-31,"2020-08-02 21:31:22",429268,CPY2015663,2020-07-21,"2020-09-22 10:40:47",200,Rent,Posted,2020-07-01,2020-07-31,salamr@alhabib.om
TAG2001848,2020-08-09,"2020-08-02 21:27:43",429258,CPY2015653,2020-07-20,"2020-09-17 15:40:40",600,Rent,Posted,2020-06-10,2020-08-09,salamr@alhabib.om
TAG1903795,2020-11-21,"2008-03-31 00:00:00",429257,CPY2015652,2020-07-21,"2020-09-16 15:47:01",400,Rent,Posted,2020-07-22,2020-08-21,salamr@alhabib.om
TAG1902688,2020-09-15,"2020-09-16 09:34:30",429225,CPY2015620,2020-08-20,"2020-09-16 15:34:53",180,Rent,Posted,2020-07-16,2020-08-15,salamr@alhabib.om
TAG1903283,2020-07-26,"2020-07-26 22:07:47",429142,CPY2015537,2020-07-16,"2020-09-16 11:54:30",130,Rent,Posted,2020-07-01,2020-07-31,salamr@alhabib.om
TAG2001567,2020-09-15,"2020-09-08 17:31:02",429152,CPY2015547,2020-07-16,"2020-09-16 11:54:30",150,Rent,Posted,2020-07-16,2020-08-15,salamr@alhabib.om
TAG1902470,2020-08-15,"2020-08-18 21:25:11",429133,CPY2015528,2020-07-16,"2020-09-16 11:54:29",150,Rent,Posted,2020-07-16,2020-08-15,salamr@alhabib.om
TAG1903000,2020-08-31,"2020-08-18 21:26:03",429062,CAR2002550,2020-08-18,"2020-09-15 10:34:27",23.8,General,Posted,,,wasif.ahmed@alhabib.om
TAG1903000,2020-08-31,"2020-08-18 21:26:03",429061,CAR2002549,2020-08-18,"2020-09-15 10:32:28",10,General,Posted,,,salamr@alhabib.om
TAG2002451,2020-08-31,"2020-09-08 17:40:14",429050,CAR2002540,2020-08-17,"2020-09-14 14:52:02",300,Rent,Posted,2020-08-01,2020-08-31,salamr@alhabib.om
TAG2000647,2020-07-31,"2020-08-03 20:28:39",429048,CAR2002538,2020-08-17,"2020-09-14 14:45:20",4.4,General,Posted,,,salamr@alhabib.om
TAG1902470,2020-08-15,"2020-08-18 21:25:11",429044,CAR2002534,2020-08-16,"2020-09-14 12:11:14",46,General,Posted,,,dbabu@alhabib.om
TAG1902470,2020-08-15,"2020-08-18 21:25:11",429043,CAR2002533,2020-08-16,"2020-09-14 12:07:16",40,General,Posted,,,dbabu@alhabib.om
TAG2001273,2020-07-31,"2020-08-02 21:27:02",429042,CAR2002532,2020-08-16,"2020-09-14 11:58:52",70,General,Posted,,,dbabu@alhabib.om
TAG2001115,2020-07-31,"2020-08-02 21:20:18",429041,CAR2002531,2020-08-16,"2020-09-14 11:56:27",550,General,Posted,,,dbabu@alhabib.om
TAG2001115,2020-07-31,"2020-08-02 21:20:18",429040,CAR2002530,2020-08-16,"2020-09-14 11:54:36",60,General,Posted,,,dbabu@alhabib.om
TAG2001115,2020-07-31,"2020-08-02 21:20:18",429039,CAR2002529,2020-08-16,"2020-09-14 11:51:54",270,Rent,Posted,2020-07-01,2020-07-31,dbabu@alhabib.om
TAG1902219,2020-07-31,"2020-08-02 21:28:15",429032,CAR2002522,2020-08-16,"2020-09-14 11:35:43",42.3,General,Posted,,,dbabu@alhabib.om
TAG1902219,2020-07-31,"2020-08-02 21:28:15",429031,CAR2002521,2020-08-16,"2020-09-14 11:34:02",40,General,Posted,,,dbabu@alhabib.om
TAG1902434,2020-07-31,"2020-08-07 22:09:23",429029,CAR2002519,2020-08-16,"2020-09-14 11:25:11",23.7,General,Posted,,,dbabu@alhabib.om
TAG1902434,2020-07-31,"2020-08-07 22:09:23",429028,CAR2002518,2020-08-16,"2020-09-14 11:11:12",20,General,Posted,,,dbabu@alhabib.om
TAG2001620,2020-07-31,"2020-08-11 22:43:07",429023,CAR2002513,2020-08-16,"2020-09-14 10:45:32",15,General,Posted,,,dbabu@alhabib.om
TAG2001620,2020-07-31,"2020-08-11 22:43:07",429022,CAR2002512,2020-08-16,"2020-09-14 10:42:43",80,General,Posted,,,dbabu@alhabib.om
TAG2001829,2020-07-14,"2020-07-23 12:20:46",429003,CPY2015447,2020-07-15,"2020-09-14 10:09:35",250,Rent,Posted,2020-06-15,2020-07-14,samajid@alhabib.om
TAG1904052,2020-07-31,"2020-07-31 00:00:00",428994,CPY2015438,2020-07-15,"2020-09-14 10:09:34",230,Rent,Posted,2020-07-01,2020-07-31,samajid@alhabib.om
TAG1902487,2020-07-31,"2020-08-02 21:27:17",428984,CPY2015428,2020-07-15,"2020-09-14 09:17:33",180,Rent,Posted,2020-07-01,2020-07-31,samajid@alhabib.om
TAG2001591,2020-08-05,"2020-08-12 21:34:39",428943,CPY2015387,2020-07-15,"2020-09-13 17:41:21",250,Rent,Posted,2020-07-06,2020-08-05,samajid@alhabib.om
TAG1903434,2020-10-31,"2008-03-31 00:00:00",428909,CPY2015353,2020-07-15,"2020-09-13 17:28:06",185,Rent,Posted,2020-06-01,2020-06-30,samajid@alhabib.om
TAG2001265,2020-07-31,"2020-08-11 22:39:47",428873,CPY2015317,2020-07-14,"2020-09-13 16:14:44",250,Rent,Posted,2020-07-01,2020-07-31,samajid@alhabib.om
TAG2001559,2020-08-10,"2020-08-12 21:35:36",428839,CAR2002506,2020-08-16,"2020-09-10 15:19:59",265,Rent,Posted,2020-07-11,2020-08-10,nehal.alrawahi@alhabib.om
TAG2001206,2020-07-31,"2020-08-03 20:12:30",428794,CAR2002461,2020-08-11,"2020-09-08 12:51:34",262.5,Rent,Posted,2020-07-16,2020-07-31,dbabu@alhabib.om
TAG1903602,2020-07-31,"2020-08-11 16:32:16",428781,CAR2002448,2020-08-11,"2020-09-08 11:45:13",600,Rent,Posted,2020-05-01,2020-07-31,dbabu@alhabib.om
TAG1902644,2020-07-31,"2020-08-12 14:49:19",428756,CPY2015277,2020-07-12,"2020-09-07 10:44:13",150,Rent,Posted,2020-07-01,2020-07-31,samajid@alhabib.om
TAG1902583,2020-06-30,"2008-03-31 00:00:00",428748,CPY2015269,2020-07-12,"2020-09-07 10:44:12",340,Rent,Posted,2020-07-01,2020-07-31,samajid@alhabib.om
TAG2001712,2020-06-29,"2008-03-31 00:00:00",428738,CPY2015259,2020-07-12,"2020-09-07 10:42:48",350,Rent,Posted,2018-03-16,2018-04-15,samajid@alhabib.om
TAG1300331,2014-02-15,"2008-03-31 00:00:00",175709,CPY1314836,2013-06-18,"2020-09-02 15:12:00",400,Rent,Posted,2013-05-16,2013-06-15,amishd@imtac.com
TAG1202423,2015-02-15,"2008-03-31 00:00:00",188637,CAR1300925,2013-11-11,"2020-09-02 15:12:00",300,Rent,Posted,2013-02-01,2013-03-31,amishd@imtac.com
TAG1202420,2015-02-15,"2008-03-31 00:00:00",188638,CAR1300926,2013-11-11,"2020-09-02 15:12:00",300,Rent,Posted,2013-02-01,2013-03-31,amishd@imtac.com
TAG1302741,2014-07-14,"2008-03-31 00:00:00",191875,CAR1301555,2013-12-22,"2020-09-02 15:12:00",70,Rent,Posted,2013-07-15,2013-07-27,amishd@imtac.com
TAG1202420,2015-02-15,"2008-03-31 00:00:00",193227,CAR1400020,2014-01-02,"2020-09-02 15:12:00",300,Rent,Posted,2013-04-01,2013-05-31,amishd@imtac.com
TAG1202423,2015-02-15,"2008-03-31 00:00:00",193228,CAR1400021,2014-01-02,"2020-09-02 15:12:00",150,Rent,Posted,2013-04-01,2013-04-30,amishd@imtac.com
TAG1304166,2014-06-15,"2008-03-31 00:00:00",193274,CAR1400059,2014-01-05,"2020-09-02 15:12:00",475,Deposit,Posted,2014-01-05,2014-01-05,amishd@imtac.com
TAG1400003,2013-12-31,"2008-03-31 00:00:00",193298,CAR1400080,2014-01-06,"2020-09-02 15:12:00",200,Rent,Posted,2013-01-01,2013-01-23,amishd@imtac.com
TAG1304046,2018-10-31,"2008-03-31 00:00:00",194847,CAR1400329,2014-01-20,"2020-09-02 15:12:00",4050,Deposit,Posted,2014-01-20,2014-01-20,amishd@imtac.com
TAG1202423,2015-02-15,"2008-03-31 00:00:00",195475,CAR1400348,2014-01-21,"2020-09-02 15:12:00",150,Rent,Posted,2013-05-01,2013-05-31,amishd@imtac.com
TAG1102516,2012-08-15,"2008-03-31 00:00:00",195835,CAR1400470,2014-01-29,"2020-09-02 15:12:00",2800,Rent,Posted,2012-03-16,2013-01-14,amishd@imtac.com
TAG1203464,2013-12-07,"2008-03-31 00:00:00",198431,CAR1400834,2014-02-20,"2020-09-02 15:12:00",130,Rent,Posted,2013-11-07,2013-11-20,amishd@imtac.com
TAG1302741,2014-07-14,"2008-03-31 00:00:00",200718,CAR1401228,2014-03-13,"2020-09-02 15:12:00",100,Rent,Posted,2013-07-28,2013-08-14,amishd@imtac.com
TAG1401045,2014-02-15,"2008-03-31 00:00:00",201439,CAR1401359,2014-03-27,"2020-09-02 15:12:00",2750,Rent,Posted,2013-03-16,2013-11-29,amishd@imtac.com
TAG1302588,2015-01-31,"2008-03-31 00:00:00",208536,CAR1402555,2014-06-11,"2020-09-02 15:12:00",1350,Rent,Posted,2013-12-15,2014-05-14,amishd@imtac.com
TAG1302588,2015-01-31,"2008-03-31 00:00:00",208537,CAR1402556,2014-06-11,"2020-09-02 15:12:00",170,Rent,Posted,2014-05-15,2014-06-03,amishd@imtac.com
TAG1400003,2013-12-31,"2008-03-31 00:00:00",209365,CAR1402640,2014-06-17,"2020-09-02 15:12:00",60,Rent,Posted,2014-01-24,2014-01-31,amishd@imtac.com
TAG1400003,2013-12-31,"2008-03-31 00:00:00",209366,CAR1402641,2014-06-17,"2020-09-02 15:12:00",840,Rent,Posted,2014-02-01,2013-05-07,amishd@imtac.com
TAG1302588,2015-01-31,"2008-03-31 00:00:00",210093,CAR1402912,2014-07-06,"2020-09-02 15:12:00",100,Rent,Posted,2014-06-04,2014-06-14,amishd@imtac.com
TAG1302741,2014-07-14,"2008-03-31 00:00:00",215200,CAR1403612,2014-08-31,"2020-09-02 15:12:00",850,Rent,Posted,2013-10-15,2014-03-14,amishd@imtac.com
TAG1302741,2014-07-14,"2008-03-31 00:00:00",215201,CAR1403613,2014-08-31,"2020-09-02 15:12:00",120,Rent,Posted,2014-03-15,2014-04-05,amishd@imtac.com
TAG1303952,2013-10-31,"2008-03-31 00:00:00",217625,CAR1403958,2014-09-18,"2020-09-02 15:12:00",800,Rent,Posted,2013-04-01,2013-05-31,amishd@imtac.com
TAG1401379,2014-08-31,"2008-03-31 00:00:00",224985,CAR1405221,2014-12-13,"2020-09-02 15:12:00",210,Rent,Posted,2014-05-01,2014-05-25,amishd@imtac.com
TAG1403913,2014-11-30,"2008-03-31 00:00:00",228555,CAR1500253,2015-01-20,"2020-09-02 15:12:00",6500,Rent,Posted,2014-05-01,2014-08-07,amishd@imtac.com
TAG1303952,2013-10-31,"2008-03-31 00:00:00",229393,CAR1500332,2015-01-28,"2020-09-02 15:12:00",2400,Rent,Posted,2013-05-01,2013-10-31,amishd@imtac.com
TAG1403913,2014-11-30,"2008-03-31 00:00:00",232470,CAR1500915,2015-03-02,"2020-09-02 15:12:00",3500,Rent,Posted,2014-08-08,2014-09-30,amishd@imtac.com
TAG1403913,2014-11-30,"2008-03-31 00:00:00",232486,CAR1500931,2015-03-02,"2020-09-02 15:12:00",200,Rent,Posted,2014-10-01,2014-10-03,amishd@imtac.com
TAG1300926,2015-02-28,"2008-03-31 00:00:00",237473,CAR1501649,2015-04-19,"2020-09-02 15:12:00",4800,Rent,Posted,2012-09-01,2013-04-30,amishd@imtac.com
TAG1502244,2015-12-10,"2008-03-31 00:00:00",244290,CAR1502820,2015-07-05,"2020-09-02 15:12:00",235,Rent,Posted,2015-07-01,2015-07-31,amishd@imtac.com
TAG1300926,2015-02-28,"2008-03-31 00:00:00",245848,CAR1503031,2015-07-22,"2020-09-02 15:12:00",500,Rent,Posted,2013-06-21,2013-07-15,amishd@imtac.com
TAG1502244,2015-12-10,"2008-03-31 00:00:00",247045,CAR1503149,2015-08-02,"2020-09-02 15:12:00",235,Rent,Posted,2015-08-01,2015-08-31,amishd@imtac.com
TAG1502244,2015-12-10,"2008-03-31 00:00:00",254350,CAR1504245,2015-10-07,"2020-09-02 15:12:00",235,Rent,Posted,2015-09-01,2015-09-30,amishd@imtac.com
TAG1503378,2016-08-31,"2008-03-31 00:00:00",255480,CAR1504319,2015-10-12,"2020-09-02 15:12:00",375,Rent,Posted,2015-09-01,2015-09-30,amishd@imtac.com
TAG1401198,2015-05-14,"2008-03-31 00:00:00",255657,CAR1504385,2015-10-18,"2020-09-02 15:12:00",3600,Rent,Posted,2014-05-15,2015-02-14,amishd@imtac.com
TAG1503378,2016-08-31,"2008-03-31 00:00:00",257271,CAR1504713,2015-11-08,"2020-09-02 15:12:00",375,Rent,Posted,2015-10-01,2015-10-31,amishd@imtac.com
TAG1302588,2015-01-31,"2008-03-31 00:00:00",259233,CAR1504893,2015-11-18,"2020-09-02 15:12:00",810,Rent,Posted,2014-06-15,2014-09-14,amishd@imtac.com
TAG1302588,2015-01-31,"2008-03-31 00:00:00",259234,CAR1504894,2015-11-18,"2020-09-02 15:12:00",190,Rent,Posted,2014-09-15,2014-10-06,amishd@imtac.com
TAG1300926,2015-02-28,"2008-03-31 00:00:00",261595,CAR1505283,2015-12-15,"2020-09-02 15:12:00",500,Rent,Posted,2013-10-06,2013-10-31,amishd@imtac.com
TAG1302588,2015-01-31,"2008-03-31 00:00:00",262733,CAR1505507,2015-12-30,"2020-09-02 15:12:00",300,Rent,Posted,2014-10-07,2014-11-09,amishd@imtac.com
TAG1600213,2016-12-31,"2008-03-31 00:00:00",264966,CAR1600261,2016-01-17,"2020-09-02 15:12:00",430,Rent,Posted,2016-01-01,2016-02-29,amishd@imtac.com
TAG1304198,2015-01-31,"2008-03-31 00:00:00",265244,CAR1600332,2016-01-25,"2020-09-02 15:12:00",2000,Rent,Posted,2014-02-01,2014-04-23,amishd@imtac.com
TAG1403554,2015-07-31,"2008-03-31 00:00:00",268644,CAR1600781,2016-02-23,"2020-09-02 15:12:00",302.5,Rent,Posted,2015-01-01,2015-01-19,amishd@imtac.com
TAG1302588,2015-01-31,"2008-03-31 00:00:00",269229,CAR1600957,2016-03-02,"2020-09-02 15:12:00",270,Rent,Posted,2014-11-10,2014-12-09,amishd@imtac.com
TAG1302588,2015-01-31,"2008-03-31 00:00:00",275659,CAR1602023,2016-05-01,"2020-09-02 15:12:00",150,Rent,Posted,2014-12-10,2014-12-26,amishd@imtac.com
TAG1601632,2017-04-30,"2008-03-31 00:00:00",278425,CAR1602409,2016-05-24,"2020-09-02 15:12:00",200,Rent,Posted,2016-05-01,2016-05-31,amishd@imtac.com
TAG1602483,2017-01-31,"2008-03-31 00:00:00",282443,CAR1603155,2016-07-18,"2020-09-02 15:12:00",975,Rent,Posted,2016-05-01,2016-07-31,amishd@imtac.com
TAG1601632,2017-04-30,"2008-03-31 00:00:00",284607,CAR1603239,2016-07-26,"2020-09-02 15:12:00",400,Rent,Posted,2016-06-01,2016-07-31,amishd@imtac.com
TAG1603425,2017-02-15,"2008-03-31 00:00:00",293215,CAR1604430,2016-10-13,"2020-09-02 15:12:00",260,Rent,Posted,2016-07-01,2016-07-31,amishd@imtac.com
TAG1603335,2016-08-23,"2008-03-31 00:00:00",294381,CAR1604765,2016-11-06,"2020-09-02 15:12:00",450,Rent,Posted,2016-07-01,2016-07-31,amishd@imtac.com
TAG1601632,2017-04-30,"2008-03-31 00:00:00",294397,CAR1604780,2016-11-07,"2020-09-02 15:12:00",200,Rent,Posted,2016-09-01,2016-09-30,amishd@imtac.com
TAG1501375,2016-09-30,"2008-03-31 00:00:00",294426,CAR1604809,2016-11-07,"2020-09-02 15:12:00",1050,Rent,Posted,2015-04-01,2015-06-30,amishd@imtac.com
TAG1603780,2016-12-14,"2008-03-31 00:00:00",295171,CAR1604873,2016-11-10,"2020-09-02 15:12:00",540,Rent,Posted,2016-06-01,2016-07-31,amishd@imtac.com
TAG1601521,2016-11-07,"2008-03-31 00:00:00",296622,CAR1604983,2016-11-16,"2020-09-02 15:12:00",105,Rent,Posted,2016-05-21,2016-05-31,amishd@imtac.com
TAG1501375,2016-09-30,"2008-03-31 00:00:00",297296,CAR1605095,2016-11-29,"2020-09-02 15:12:00",1050,Rent,Posted,2015-07-01,2015-09-30,amishd@imtac.com
TAG1603833,2018-02-15,"2008-03-31 00:00:00",297325,CAR1605124,2016-11-30,"2020-09-02 15:12:00",500,Rent,Posted,2016-02-16,2016-04-05,amishd@imtac.com
TAG1602223,2017-05-31,"2008-03-31 00:00:00",297411,CAR1605160,2016-12-04,"2020-09-02 15:12:00",315,Rent,Posted,2016-07-01,2016-07-31,amishd@imtac.com
TAG1603780,2016-12-14,"2008-03-31 00:00:00",298530,CAR1605294,2016-12-08,"2020-09-02 15:12:00",810,Rent,Posted,2016-08-01,2016-10-31,amishd@imtac.com
TAG1603833,2018-02-15,"2008-03-31 00:00:00",299516,CAR1605366,2016-12-14,"2020-09-02 15:12:00",220,Rent,Posted,2016-04-06,2016-04-27,amishd@imtac.com
TAG1602223,2017-05-31,"2008-03-31 00:00:00",301269,CAR1700132,2017-01-08,"2020-09-02 15:12:00",315,Rent,Posted,2016-08-01,2016-08-31,amishd@imtac.com
TAG1700079,2016-12-31,"2008-03-31 00:00:00",301590,CAR1700168,2017-01-09,"2020-09-02 15:12:00",1575,Rent,Posted,2016-01-01,2016-01-31,amishd@imtac.com
TAG1700079,2016-12-31,"2008-03-31 00:00:00",301591,CAR1700169,2017-01-09,"2020-09-02 15:12:00",740,Rent,Posted,2016-02-01,2016-02-14,amishd@imtac.com
TAG1304198,2015-01-31,"2008-03-31 00:00:00",301767,CAR1700182,2017-01-09,"2020-09-02 15:12:00",200,Rent,Posted,2014-05-11,2014-05-18,amishd@imtac.com
TAG1601743,2017-05-15,"2008-03-31 00:00:00",301925,CAR1700212,2017-01-10,"2020-09-02 15:12:00",820,Rent,Posted,2016-09-16,2016-11-15,amishd@imtac.com
TAG1603833,2018-02-15,"2008-03-31 00:00:00",302629,CAR1700265,2017-01-15,"2020-09-02 15:12:00",720,Rent,Posted,2016-04-28,2016-07-09,amishd@imtac.com
TAG1700094,2017-12-15,"2008-03-31 00:00:00",303154,CAR1700394,2017-01-24,"2020-09-02 15:12:00",325,Rent,Posted,2017-01-16,2017-02-15,amishd@imtac.com
TAG1700078,2017-01-15,"2008-03-31 00:00:00",304796,CAR1700787,2017-02-14,"2020-09-02 15:12:00",8400,Rent,Posted,2016-04-16,2016-11-15,amishd@imtac.com
TAG1300926,2015-02-28,"2008-03-31 00:00:00",304869,CAR1700789,2017-02-14,"2020-09-02 15:12:00",500,Rent,Posted,2014-08-15,2014-09-10,amishd@imtac.com
TAG1700094,2017-12-15,"2008-03-31 00:00:00",308139,CAR1701255,2017-03-16,"2020-09-02 15:12:00",325,Rent,Posted,2017-02-16,2017-03-15,amishd@imtac.com
TAG1701277,2018-03-31,"2008-03-31 00:00:00",309630,CAR1701373,2017-03-30,"2020-09-02 15:12:00",550,Rent,Posted,2017-04-01,2017-04-30,amishd@imtac.com
TAG1701277,2018-03-31,"2008-03-31 00:00:00",309631,CAR1701374,2017-03-30,"2020-09-02 15:12:00",550,Deposit,Posted,2017-03-30,2017-03-30,amishd@imtac.com
TAG1700079,2016-12-31,"2008-03-31 00:00:00",309786,CAR1701437,2017-04-02,"2020-09-02 15:12:00",565,Rent,Posted,2016-07-02,2016-07-11,amishd@imtac.com
TAG1700094,2017-12-15,"2008-03-31 00:00:00",311908,CAR1701697,2017-04-13,"2020-09-02 15:12:00",325,Rent,Posted,2017-03-16,2017-04-15,amishd@imtac.com
TAG1601743,2017-05-15,"2008-03-31 00:00:00",312081,CAR1701756,2017-04-20,"2020-09-02 15:12:00",1230,Rent,Posted,2014-11-16,2017-02-15,amishd@imtac.com
TAG1603833,2018-02-15,"2008-03-31 00:00:00",312755,CAR1701837,2017-04-27,"2020-09-02 15:12:00",720,Rent,Posted,2016-07-10,2016-09-20,amishd@imtac.com
TAG1701277,2018-03-31,"2008-03-31 00:00:00",313131,CAR1701989,2017-05-07,"2020-09-02 15:12:00",550,Rent,Posted,2017-05-01,2017-05-31,amishd@imtac.com
TAG1701897,2018-04-30,"2008-03-31 00:00:00",314315,CAR1702191,2017-05-18,"2020-09-02 15:12:00",550,Rent,Posted,2017-05-01,2017-05-31,amishd@imtac.com
TAG1602826,2017-08-31,"2008-03-31 00:00:00",318801,CAR1702705,2017-06-22,"2020-09-02 15:12:00",2400,Rent,Posted,2017-03-01,2017-05-31,amishd@imtac.com
TAG1700079,2016-12-31,"2008-03-31 00:00:00",318810,CAR1702714,2017-06-22,"2020-09-02 15:12:00",1293,Rent,Posted,2016-07-20,2016-08-13,amishd@imtac.com
TAG1703004,2018-03-26,"2008-03-31 00:00:00",325131,CAR1703625,2017-08-27,"2020-09-02 15:12:00",240,Deposit,Posted,2018-12-17,2018-12-17,amishd@imtac.com
TAG1703004,2018-03-26,"2008-03-31 00:00:00",325132,CAR1703626,2017-08-27,"2020-09-02 15:12:00",240,Rent,Posted,2017-08-01,2017-08-31,amishd@imtac.com
TAG1402148,2015-06-30,"2008-03-31 00:00:00",326391,CAR1703866,2017-09-13,"2020-09-02 15:12:00",2850,Rent,Posted,2014-07-01,2014-12-31,amishd@imtac.com
TAG1203149,2013-10-31,"2008-03-31 00:00:00",332471,CAR1704896,2017-11-15,"2020-09-02 15:12:00",2000,Rent,Posted,2012-11-15,2013-02-10,amishd@imtac.com
TAG1702037,2018-02-28,"2008-03-31 00:00:00",337664,CAR1800111,2018-01-07,"2020-09-02 15:12:00",700,Rent,Posted,2017-08-01,2017-09-30,amishd@imtac.com
TAG1704109,2018-11-30,"2008-03-31 00:00:00",337720,CAR1800145,2018-01-08,"2020-09-02 15:12:00",270,Rent,Posted,2017-12-01,2017-12-31,amishd@imtac.com
TAG1704110,2018-11-30,"2008-03-31 00:00:00",337721,CAR1800146,2018-01-08,"2020-09-02 15:12:00",270,Rent,Posted,2017-12-01,2017-12-31,amishd@imtac.com
TAG1700079,2016-12-31,"2008-03-31 00:00:00",337753,CAR1800168,2018-01-09,"2020-09-02 15:12:00",731.5,Rent,Posted,2016-07-07,2016-07-20,amishd@imtac.com
TAG1704109,2018-11-30,"2008-03-31 00:00:00",338659,CAR1800310,2018-01-17,"2020-09-02 15:12:00",270,Rent,Posted,2018-01-01,2018-01-31,amishd@imtac.com
TAG1704110,2018-11-30,"2008-03-31 00:00:00",338660,CAR1800311,2018-01-17,"2020-09-02 15:12:00",270,Rent,Posted,2018-01-01,2018-01-31,amishd@imtac.com
TAG1703004,2018-03-26,"2008-03-31 00:00:00",340007,CAR1800429,2018-01-29,"2020-09-02 15:12:00",720,Rent,Posted,2017-09-01,2017-11-30,amishd@imtac.com
TAG1704435,2017-11-30,"2008-03-31 00:00:00",340210,CAR1800484,2018-01-31,"2020-09-02 15:12:00",315,Rent,Posted,2016-10-01,2016-10-31,amishd@imtac.com
TAG1600932,2017-01-19,"2008-03-31 00:00:00",340963,CAR1800709,2018-02-11,"2020-09-02 15:12:00",500,Rent,Posted,2016-01-20,2016-04-05,amishd@imtac.com
TAG1702037,2018-02-28,"2008-03-31 00:00:00",342724,CAR1800856,2018-02-22,"2020-09-02 15:12:00",700,Rent,Posted,2017-10-01,2017-11-30,amishd@imtac.com
TAG1704435,2017-11-30,"2008-03-31 00:00:00",343374,CAR1801017,2018-03-04,"2020-09-02 15:12:00",315,Rent,Posted,2016-11-01,2016-11-30,amishd@imtac.com
TAG1700079,2016-12-31,"2008-03-31 00:00:00",344982,CAR1801232,2018-03-12,"2020-09-02 15:12:00",1050,Rent,Posted,2016-07-21,2016-08-09,amishd@imtac.com
TAG1800418,2019-01-31,"2008-03-31 00:00:00",345183,CAR1801248,2018-03-13,"2020-09-02 15:12:00",325,Rent,Posted,2018-02-01,2018-02-28,amishd@imtac.com
TAG1800417,2018-04-30,"2008-03-31 00:00:00",345184,CAR1801249,2018-03-13,"2020-09-02 15:12:00",260,Rent,Posted,2018-02-01,2018-02-28,amishd@imtac.com
TAG1703004,2018-03-26,"2008-03-31 00:00:00",346044,CAR1801382,2018-03-21,"2020-09-02 15:12:00",720,Rent,Posted,2017-12-01,2018-02-28,amishd@imtac.com
TAG1704435,2017-11-30,"2008-03-31 00:00:00",346862,CAR1801636,2018-04-05,"2020-09-02 15:12:00",315,Rent,Posted,2016-12-01,2016-12-31,amishd@imtac.com
TAG1702301,2017-10-31,"2008-03-31 00:00:00",348114,CAR1801769,2018-04-12,"2020-09-02 15:12:00",415,Rent,Posted,2017-05-01,2017-05-31,amishd@imtac.com
TAG1203149,2013-10-31,"2008-03-31 00:00:00",349532,CAR1801928,2018-04-24,"2020-09-02 15:12:00",700,Rent,Posted,2013-02-11,2013-03-10,amishd@imtac.com
TAG1600932,2017-01-19,"2008-03-31 00:00:00",349980,CAR1802116,2018-05-03,"2020-09-02 15:12:00",200,Rent,Posted,2016-04-06,2016-05-05,amishd@imtac.com
TAG1704435,2017-11-30,"2008-03-31 00:00:00",350045,CAR1802172,2018-05-07,"2020-09-02 15:12:00",315,Rent,Posted,2017-01-01,2017-01-31,amishd@imtac.com
TAG1704109,2018-11-30,"2008-03-31 00:00:00",350763,CAR1802229,2018-05-09,"2020-09-02 15:12:00",270,Rent,Posted,2018-02-01,2018-02-28,amishd@imtac.com
TAG1704110,2018-11-30,"2008-03-31 00:00:00",350764,CAR1802230,2018-05-09,"2020-09-02 15:12:00",270,Rent,Posted,2018-02-01,2018-02-28,amishd@imtac.com
TAG1301437,2014-04-30,"2008-03-31 00:00:00",351735,CAR1802342,2018-05-17,"2020-09-02 15:12:00",87.6,Rent,Posted,2013-06-01,2013-06-11,amishd@imtac.com
TAG1704109,2018-11-30,"2008-03-31 00:00:00",352921,CAR1802543,2018-06-03,"2020-09-02 15:12:00",810,Rent,Posted,2018-03-01,2018-05-31,amishd@imtac.com
TAG1704110,2018-11-30,"2008-03-31 00:00:00",352923,CAR1802544,2018-06-03,"2020-09-02 15:12:00",810,Rent,Posted,2018-02-01,2018-05-31,amishd@imtac.com
TAG1703002,2018-06-30,"2008-03-31 00:00:00",356003,CAR1802966,2018-07-02,"2020-09-02 15:12:00",470,Rent,Posted,2017-12-01,2017-12-30,amishd@imtac.com
TAG1704435,2017-11-30,"2008-03-31 00:00:00",358136,CAR1803262,2018-07-18,"2020-09-02 15:12:00",315,Rent,Posted,2017-02-01,2017-02-28,amishd@imtac.com
TAG1802508,2019-06-30,"2008-03-31 00:00:00",358729,CAR1803336,2018-07-25,"2020-09-02 15:12:00",250,Rent,Posted,2018-07-01,2018-07-31,amishd@imtac.com
TAG1802508,2019-06-30,"2008-03-31 00:00:00",358730,CAR1803337,2018-07-25,"2020-09-02 15:12:00",250,Deposit,Posted,2018-07-25,2018-07-25,amishd@imtac.com
TAG1801898,2019-05-31,"2008-03-31 00:00:00",358898,CAR1803379,2018-07-29,"2020-09-02 15:12:00",400,Rent,Posted,2018-07-01,2018-07-18,amishd@imtac.com
TAG1801898,2019-05-31,"2008-03-31 00:00:00",358927,CAR1803405,2018-07-30,"2020-09-02 15:12:00",260,Rent,Posted,2018-07-19,2018-07-31,amishd@imtac.com
TAG1802917,2018-07-31,"2008-03-31 00:00:00",360693,CAR1803720,2018-08-15,"2020-09-02 15:12:00",6000,Rent,Posted,2017-09-01,2018-02-21,amishd@imtac.com
TAG1803084,2019-09-30,"2008-03-31 00:00:00",362190,CAR1804006,2018-09-06,"2020-09-02 15:12:00",290,Rent,Posted,2018-10-01,2018-10-31,amishd@imtac.com
TAG1803084,2019-09-30,"2008-03-31 00:00:00",362191,CAR1804007,2018-09-06,"2020-09-02 15:12:00",290,Deposit,Posted,2018-11-06,2018-11-06,amishd@imtac.com
TAG1803357,2019-09-30,"2008-03-31 00:00:00",365096,CAR1804460,2018-10-03,"2020-09-02 15:12:00",175,Deposit,Posted,2018-10-03,2018-10-03,amishd@imtac.com
TAG1803357,2019-09-30,"2008-03-31 00:00:00",365202,CAR1804539,2018-10-08,"2020-09-02 15:12:00",175,Rent,Posted,2018-10-01,2018-10-31,amishd@imtac.com
TAG1503686,2017-12-31,"2008-03-31 00:00:00",365702,CAR1804639,2018-10-11,"2020-09-02 15:12:00",690,Rent,Posted,2017-05-31,2017-05-31,amishd@imtac.com
TAG1700592,2017-03-13,"2008-03-31 00:00:00",365717,CAR1804654,2018-10-14,"2020-09-02 15:12:00",67.4,Rent,Posted,2017-01-01,2017-01-03,amishd@imtac.com
TAG1702037,2018-02-28,"2008-03-31 00:00:00",368907,CAR1805262,2018-11-19,"2020-09-02 15:12:00",100,Rent,Posted,2017-12-01,2017-12-08,amishd@imtac.com
TAG1801472,2018-03-31,"2008-03-31 00:00:00",371038,CAR1805383,2018-12-02,"2020-09-02 15:12:00",700,Rent,Posted,2017-07-01,2017-08-22,amishd@imtac.com
TAG1801472,2018-03-31,"2008-03-31 00:00:00",371073,CAR1805404,2018-12-02,"2020-09-02 15:12:00",64.6,Rent,Posted,2017-08-22,2017-08-22,amishd@imtac.com
TAG1804087,2019-02-28,"2008-03-31 00:00:00",371227,CAR1805495,2018-12-05,"2020-09-02 15:12:00",1980,Rent,Posted,2018-03-01,2018-08-15,amishd@imtac.com
TAG1704435,2017-11-30,"2008-03-31 00:00:00",371928,CAR1805568,2018-12-10,"2020-09-02 15:12:00",500,Rent,Posted,2017-03-01,2017-04-18,amishd@imtac.com
TAG1700592,2017-03-13,"2008-03-31 00:00:00",372375,CAR1805599,2018-12-11,"2020-09-02 15:12:00",700,Rent,Posted,2017-01-04,2017-02-03,amishd@imtac.com
TAG1701277,2018-03-31,"2008-03-31 00:00:00",372657,CAR1805659,2018-12-16,"2020-09-02 15:12:00",370.8,Rent,Posted,2017-06-01,2017-06-20,amishd@imtac.com
TAG1501375,2016-09-30,"2008-03-31 00:00:00",372660,CAR1805662,2018-12-16,"2020-09-02 15:12:00",229.2,Rent,Posted,2015-12-13,2016-01-03,amishd@imtac.com
TAG1703004,2018-03-26,"2008-03-31 00:00:00",373181,CAR1805683,2018-12-17,"2020-09-02 15:12:00",208,Rent,Posted,2018-03-01,2018-03-26,amishd@imtac.com
TAG1804400,2020-02-29,"2008-03-31 00:00:00",374123,CAR1805858,2018-12-31,"2020-09-02 15:12:00",120,Deposit,Posted,2018-12-31,2018-12-31,amishd@imtac.com
TAG1704215,2019-10-31,"2008-03-31 00:00:00",374245,CAR1900017,2019-01-01,"2020-09-02 15:12:00",1700,Rent,Posted,2018-08-16,2018-10-15,amishd@imtac.com
TAG1702301,2017-10-31,"2008-03-31 00:00:00",374422,CAR1900105,2019-01-06,"2020-09-02 15:12:00",500,Rent,Posted,2017-06-01,2017-07-06,amishd@imtac.com
TAG1801898,2019-05-31,"2008-03-31 00:00:00",374430,CAR1900113,2019-01-07,"2020-09-02 15:12:00",345,Rent,Posted,2018-11-01,2018-11-15,amishd@imtac.com
TAG1702301,2017-10-31,"2008-03-31 00:00:00",374459,CAR1900142,2019-01-08,"2020-09-02 15:12:00",125,Rent,Posted,2017-07-07,2017-07-15,amishd@imtac.com
TAG1703002,2018-06-30,"2008-03-31 00:00:00",375643,CAR1900234,2019-01-13,"2020-09-02 15:12:00",650,Rent,Posted,2018-02-10,2018-03-15,amishd@imtac.com
TAG1700592,2017-03-13,"2008-03-31 00:00:00",376244,CAR1900280,2019-01-15,"2020-09-02 15:12:00",150,Rent,Posted,2017-02-04,2017-02-09,amishd@imtac.com
TAG1703002,2018-06-30,"2008-03-31 00:00:00",376256,CAR1900292,2019-01-16,"2020-09-02 15:12:00",1000,Rent,Posted,2018-03-16,2018-05-18,amishd@imtac.com
TAG1704435,2017-11-30,"2008-03-31 00:00:00",376952,CAR1900390,2019-01-23,"2020-09-02 15:12:00",600,Rent,Posted,2017-04-19,2017-06-15,amishd@imtac.com
TAG1801116,2018-03-15,"2008-03-31 00:00:00",377490,CAR1900702,2019-02-10,"2020-09-02 15:12:00",677,Rent,Posted,2017-05-01,2017-07-03,amishd@imtac.com
TAG1804087,2019-02-28,"2008-03-31 00:00:00",380862,CAR1901178,2019-03-12,"2020-09-02 15:12:00",2880,Rent,Posted,2018-08-16,2019-04-15,amishd@imtac.com
TAG1602483,2017-01-31,"2008-03-31 00:00:00",380871,CAR1901181,2019-03-12,"2020-09-02 15:12:00",300,Rent,Posted,2016-08-01,2016-08-28,amishd@imtac.com
TAG1704435,2017-11-30,"2008-03-31 00:00:00",382777,CAR1901376,2019-03-25,"2020-09-02 15:12:00",300,Rent,Posted,2017-06-16,2017-07-14,amishd@imtac.com
TAG1704435,2017-11-30,"2008-03-31 00:00:00",385446,CAR1901785,2019-04-18,"2020-09-02 15:12:00",300,Rent,Posted,2017-07-15,2017-08-13,amishd@imtac.com
TAG1804400,2020-02-29,"2008-03-31 00:00:00",386143,CAR1901880,2019-04-25,"2020-09-02 15:12:00",240,Rent,Posted,2018-12-01,2019-01-31,amishd@imtac.com
TAG1702301,2017-10-31,"2008-03-31 00:00:00",386193,CAR1901916,2019-04-28,"2020-09-02 15:12:00",1000,Rent,Posted,2017-07-16,2017-09-27,amishd@imtac.com
TAG1802917,2018-07-31,"2008-03-31 00:00:00",387331,CAR1902239,2019-05-13,"2020-09-02 15:12:00",1000,Rent,Posted,2018-04-19,2018-05-17,amishd@imtac.com
TAG1804400,2020-02-29,"2008-03-31 00:00:00",390199,CAR1902654,2019-06-11,"2020-09-02 15:12:00",240,Rent,Posted,2019-02-01,2019-03-31,amishd@imtac.com
TAG1900262,2019-05-31,"2008-03-31 00:00:00",390269,CAR1902658,2019-06-11,"2020-09-02 15:12:00",525,Rent,Posted,2019-03-01,2019-03-31,amishd@imtac.com
TAG1802917,2018-07-31,"2008-03-31 00:00:00",391104,CAR1902746,2019-06-17,"2020-09-02 15:12:00",500,Rent,Posted,2018-05-18,2018-05-31,amishd@imtac.com
TAG1704435,2017-11-30,"2008-03-31 00:00:00",392145,CAR1902823,2019-06-25,"2020-09-02 15:12:00",800,Rent,Posted,2017-08-12,2017-10-27,amishd@imtac.com
TAG1802917,2018-07-31,"2008-03-31 00:00:00",392499,CAR1902917,2019-06-30,"2020-09-02 15:12:00",500,Rent,Posted,2018-06-01,2018-06-14,amishd@imtac.com
TAG1704435,2017-11-30,"2008-03-31 00:00:00",392838,CAR1903076,2019-07-04,"2020-09-02 15:12:00",250,Rent,Posted,2017-10-28,2017-11-21,amishd@imtac.com
TAG1804400,2020-02-29,"2008-03-31 00:00:00",393358,CAR1903127,2019-07-09,"2020-09-02 15:12:00",360,Rent,Posted,2019-04-01,2019-06-30,amishd@imtac.com
TAG1802917,2018-07-31,"2008-03-31 00:00:00",395617,CAR1903432,2019-07-31,"2020-09-02 15:12:00",500,Rent,Posted,2018-06-15,2019-06-28,amishd@imtac.com
TAG1900262,2019-05-31,"2008-03-31 00:00:00",398253,CAR1903766,2019-08-25,"2020-09-02 15:12:00",525,Rent,Posted,2019-04-01,2019-04-30,amishd@imtac.com
TAG1602483,2017-01-31,"2008-03-31 00:00:00",398302,CAR1903795,2019-08-27,"2020-09-02 15:12:00",50,Rent,Posted,2016-08-29,2016-09-02,amishd@imtac.com
TAG1802917,2018-07-31,"2008-03-31 00:00:00",398442,CAR1903841,2019-08-29,"2020-09-02 15:12:00",550,Rent,Posted,2018-06-29,2018-07-13,amishd@imtac.com
TAG1703002,2018-06-30,"2008-03-31 00:00:00",398519,CAR1903880,2019-09-02,"2020-09-02 15:12:00",500,Rent,Posted,2018-05-19,2018-06-19,amishd@imtac.com
TAG1902920,2019-07-31,"2008-03-31 00:00:00",401543,CAR1904269,2019-09-29,"2020-09-02 15:12:00",627.5,Rent,Posted,2019-04-16,2019-06-07,amishd@imtac.com
TAG1804400,2020-02-29,"2008-03-31 00:00:00",405735,CAR1905042,2019-11-12,"2020-09-02 15:12:00",240,Rent,Posted,2019-07-01,2019-08-31,amishd@imtac.com
TAG1803357,2019-09-30,"2008-03-31 00:00:00",409446,CAR1905564,2019-12-17,"2020-09-02 15:12:00",1500,Rent,Posted,2018-11-01,2019-07-17,amishd@imtac.com
TAG1701897,2018-04-30,"2008-03-31 00:00:00",410823,CAR1905743,2019-12-31,"2020-09-02 15:12:00",171.5,Rent,Posted,2017-12-01,2017-12-09,amishd@imtac.com
TAG1903068,2019-09-30,"2008-03-31 00:00:00",415272,CAR2000746,2020-02-13,"2020-09-02 15:12:00",1525,Rent,Posted,2019-03-01,2019-05-19,amishd@imtac.com
TAG1801873,2020-02-17,"2008-03-31 00:00:00",418328,CAR2001254,2020-03-11,"2020-09-02 15:12:00",173,Rent,Posted,2017-12-01,2017-12-01,amishd@imtac.com
TAG1801873,2020-02-17,"2008-03-31 00:00:00",418330,CAR2001256,2020-03-11,"2020-09-02 15:12:00",127,Rent,Posted,2017-12-01,2017-12-24,amishd@imtac.com
TAG1801116,2018-03-15,"2008-03-31 00:00:00",418972,CAR2001359,2020-03-19,"2020-09-02 15:12:00",75,Rent,Posted,2017-07-04,2017-07-10,amishd@imtac.com
TAG1304046,2018-10-31,"2008-03-31 00:00:00",420748,CAR2001486,2020-03-18,"2020-09-02 15:12:00",11796.565,Rent,Posted,2018-01-07,2018-03-31,amishd@imtac.com
TAG0701904,2008-03-31,"2008-03-31 00:00:00",41926,CPY0712456,2007-07-29,"2020-09-02 15:12:00",140,Rent,Posted,2007-08-01,2007-08-31,amishd@imtac.com
TAG0701904,2008-03-31,"2008-03-31 00:00:00",41927,CPY0712457,2007-07-29,"2020-09-02 15:12:00",140,Deposit,Posted,2007-08-11,2007-08-11,amishd@imtac.com
TAG0701904,2008-03-31,"2008-03-31 00:00:00",46318,CPY0716841,2007-09-05,"2020-09-02 15:12:00",140,Rent,Posted,2007-09-01,2007-09-30,amishd@imtac.com
TAG0701904,2008-03-31,"2008-03-31 00:00:00",48594,CPY0719117,2007-10-22,"2020-09-02 15:12:00",140,Rent,Posted,2007-10-01,2007-10-31,amishd@imtac.com
TAG0701904,2008-03-31,"2008-03-31 00:00:00",54650,CPY0802047,2008-02-11,"2020-09-02 15:12:00",420,Rent,Posted,2007-11-01,2008-01-31,amishd@imtac.com
TAG0701904,2008-03-31,"2008-03-31 00:00:00",58513,CPY0805903,2008-04-16,"2020-09-02 15:12:00",280,Rent,Posted,2008-02-01,2008-03-31,amishd@imtac.com
TAG1002695,2019-10-31,"2008-03-31 00:00:00",105103,CPY1014870,2010-10-04,"2020-09-02 15:12:00",280,Rent,Posted,2010-09-16,2010-10-15,amishd@imtac.com
TAG1002695,2019-10-31,"2008-03-31 00:00:00",106348,CPY1016115,2010-10-25,"2020-09-02 15:12:00",280,Rent,Posted,2010-10-16,2010-11-15,amishd@imtac.com
TAG1002695,2019-10-31,"2008-03-31 00:00:00",109344,CPY1019111,2010-12-19,"2020-09-02 15:12:00",280,Rent,Posted,2010-11-16,2010-12-15,amishd@imtac.com
TAG1002695,2019-10-31,"2008-03-31 00:00:00",111013,CPY1101039,2011-01-20,"2020-09-02 15:12:00",280,Rent,Posted,2010-12-16,2011-01-15,amishd@imtac.com
TAG1002695,2019-10-31,"2008-03-31 00:00:00",111915,CPY1101935,2011-02-05,"2020-09-02 15:12:00",280,Rent,Posted,2011-01-16,2011-02-15,amishd@imtac.com
TAG1002695,2019-10-31,"2008-03-31 00:00:00",115090,CPY1105110,2011-03-17,"2020-09-02 15:12:00",280,Rent,Posted,2011-02-16,2011-03-15,amishd@imtac.com
TAG1002695,2019-10-31,"2008-03-31 00:00:00",115836,CPY1105856,2011-04-11,"2020-09-02 15:12:00",280,Rent,Posted,2011-03-16,2011-04-15,amishd@imtac.com
TAG1102337,2010-11-04,"2008-03-31 00:00:00",124944,CPY1114964,2011-09-01,"2020-09-02 15:12:00",1200,Rent,Posted,2010-06-05,2010-10-14,amishd@imtac.com
TAG1102516,2012-08-15,"2008-03-31 00:00:00",125350,CPY1115370,2011-09-17,"2020-09-02 15:12:00",560,Rent,Posted,2011-08-16,2011-10-15,amishd@imtac.com
TAG1102321,2011-09-30,"2011-09-30 00:00:00",126048,CPY1116068,2011-09-25,"2020-09-02 15:12:00",2400,Rent,Posted,2011-04-01,2011-09-30,amishd@imtac.com
TAG1103500,2011-06-19,"2008-03-31 00:00:00",132918,CPY1122936,2011-12-25,"2020-09-02 15:12:00",550,Rent,Posted,2010-09-20,2010-11-19,amishd@imtac.com
TAG1103500,2011-06-19,"2008-03-31 00:00:00",132924,CPY1122942,2011-12-25,"2020-09-02 15:12:00",1650,Rent,Posted,2011-11-20,2011-05-19,amishd@imtac.com
TAG1200530,2012-08-31,"2008-03-31 00:00:00",138461,CPY1205103,2012-03-05,"2020-09-02 15:12:00",800,Rent,Posted,2012-03-01,2012-03-31,amishd@imtac.com
TAG1200579,2011-11-19,"2008-03-31 00:00:00",139795,CPY1206437,2012-04-01,"2020-09-02 15:12:00",400,Rent,Posted,2011-01-01,2011-03-15,amishd@imtac.com
TAG1200579,2011-11-19,"2008-03-31 00:00:00",139905,CPY1206547,2012-04-05,"2020-09-02 15:12:00",160,Rent,Posted,2011-03-16,2011-04-15,amishd@imtac.com
TAG1102516,2012-08-15,"2008-03-31 00:00:00",143414,CPY1210053,2012-05-22,"2020-09-02 15:12:00",840,Rent,Posted,2011-10-16,2012-01-15,amishd@imtac.com
TAG1102516,2012-08-15,"2008-03-31 00:00:00",144431,CPY1211070,2012-06-03,"2020-09-02 15:12:00",560,Rent,Posted,2012-01-16,2012-03-15,amishd@imtac.com
TAG1100986,2010-12-31,"2008-03-31 00:00:00",146337,CPY1212974,2012-06-12,"2020-09-02 15:12:00",1480,Rent,Posted,2009-12-01,2010-12-10,amishd@imtac.com
TAG1102184,2011-07-31,"2008-03-31 00:00:00",147080,CPY1213717,2012-07-09,"2020-09-02 15:12:00",720,Rent,Posted,2011-04-01,2011-06-30,amishd@imtac.com
TAG1102184,2011-07-31,"2008-03-31 00:00:00",147081,CPY1213718,2012-07-09,"2020-09-02 15:12:00",50,Rent,Posted,2011-07-01,2011-07-06,amishd@imtac.com
TAG1202423,2015-02-15,"2008-03-31 00:00:00",151169,CPY1217804,2012-08-26,"2020-09-02 15:12:00",150,Rent,Posted,2012-08-01,2012-08-31,amishd@imtac.com
TAG1202420,2015-02-15,"2008-03-31 00:00:00",151170,CPY1217805,2012-08-26,"2020-09-02 15:12:00",150,Rent,Posted,2012-08-01,2012-08-31,amishd@imtac.com
TAG1103305,2011-12-31,"2008-03-31 00:00:00",152239,CPY1218874,2012-09-17,"2020-09-02 15:12:00",100,Rent,Posted,2011-11-01,2011-11-12,amishd@imtac.com
TAG1202420,2015-02-15,"2008-03-31 00:00:00",156488,CPY1223123,2012-11-11,"2020-09-02 15:12:00",150,Rent,Posted,2012-09-01,2012-09-30,amishd@imtac.com
TAG1202423,2015-02-15,"2008-03-31 00:00:00",156489,CPY1223124,2012-11-11,"2020-09-02 15:12:00",150,Rent,Posted,2012-09-01,2012-09-30,amishd@imtac.com
TAG1203464,2013-12-07,"2008-03-31 00:00:00",159774,CPY1226408,2012-12-11,"2020-09-02 15:12:00",275,Rent,Posted,2012-12-08,2013-01-07,amishd@imtac.com
TAG1201429,2012-04-30,"2008-03-31 00:00:00",160722,CPY1227356,2012-12-30,"2020-09-02 15:12:00",430,Rent,Posted,2012-02-01,2012-04-16,amishd@imtac.com
TAG1203464,2013-12-07,"2008-03-31 00:00:00",161827,CPY1300972,2013-01-06,"2020-09-02 15:12:00",275,Deposit,Posted,2013-01-08,2013-01-08,amishd@imtac.com
TAG1203464,2013-12-07,"2008-03-31 00:00:00",161854,CPY1300999,2013-01-06,"2020-09-02 15:12:00",275,Deposit,Posted,2013-01-08,2013-01-08,amishd@imtac.com
TAG1203464,2013-12-07,"2008-03-31 00:00:00",162136,CPY1301281,2013-01-08,"2020-09-02 15:12:00",275,Rent,Posted,2013-01-08,2013-02-07,amishd@imtac.com
TAG1202420,2015-02-15,"2008-03-31 00:00:00",164736,CPY1303879,2013-02-11,"2020-09-02 15:12:00",150,Rent,Posted,2012-10-01,2012-10-31,amishd@imtac.com
TAG1202423,2015-02-15,"2008-03-31 00:00:00",164737,CPY1303880,2013-02-11,"2020-09-02 15:12:00",150,Rent,Posted,2012-10-01,2012-10-31,amishd@imtac.com
TAG1203464,2013-12-07,"2008-03-31 00:00:00",164812,CPY1303955,2013-02-10,"2020-09-02 15:12:00",275,Rent,Posted,2013-02-08,2013-03-07,amishd@imtac.com
TAG1402911,2014-08-31,"2008-03-31 00:00:00",165183,CPY1304325,2013-02-17,"2020-09-02 15:12:00",400,Deposit,Posted,2015-02-18,2015-02-18,amishd@imtac.com
TAG1300331,2014-02-15,"2008-03-31 00:00:00",165184,CPY1304326,2013-02-17,"2020-09-02 15:12:00",400,Rent,Posted,2013-02-16,2013-03-15,amishd@imtac.com
TAG1300140,2014-01-31,"2008-03-31 00:00:00",165784,CPY1304926,2013-02-21,"2020-09-02 15:12:00",475,Rent,Posted,2013-02-01,2013-02-28,amishd@imtac.com
TAG1203464,2013-12-07,"2008-03-31 00:00:00",167485,CPY1306627,2013-03-11,"2020-09-02 15:12:00",275,Rent,Posted,2013-03-08,2013-04-07,amishd@imtac.com
TAG1300331,2014-02-15,"2008-03-31 00:00:00",169770,CPY1308898,2013-04-09,"2020-09-02 15:12:00",400,Rent,Posted,2013-03-16,2013-04-15,amishd@imtac.com
TAG1203464,2013-12-07,"2008-03-31 00:00:00",169821,CPY1308949,2013-04-09,"2020-09-02 15:12:00",275,Rent,Posted,2013-04-08,2013-05-07,amishd@imtac.com
TAG1300331,2014-02-15,"2008-03-31 00:00:00",171022,CPY1310149,2013-04-23,"2020-09-02 15:12:00",400,Rent,Posted,2013-04-16,2013-05-15,amishd@imtac.com
TAG1103500,2011-06-19,"2008-03-31 00:00:00",171101,CPY1310228,2013-04-25,"2020-09-02 15:12:00",275,Rent,Posted,2011-05-20,2011-06-19,amishd@imtac.com
TAG1301437,2014-04-30,"2008-03-31 00:00:00",172166,CPY1311293,2013-05-09,"2020-09-02 15:12:00",240,Rent,Posted,2013-05-01,2013-05-31,amishd@imtac.com
TAG1202420,2015-02-15,"2008-03-31 00:00:00",174834,CPY1313961,2013-06-12,"2020-09-02 15:12:00",300,Rent,Posted,2012-11-01,2012-12-31,amishd@imtac.com
TAG1202423,2015-02-15,"2008-03-31 00:00:00",174835,CPY1313962,2013-06-12,"2020-09-02 15:12:00",300,Rent,Posted,2012-11-01,2012-12-31,amishd@imtac.com
TAG1203464,2013-12-07,"2008-03-31 00:00:00",175343,CPY1314470,2013-06-09,"2020-09-02 15:12:00",275,Rent,Posted,2013-05-08,2013-06-07,amishd@imtac.com
TAG1202420,2015-02-15,"2008-03-31 00:00:00",176103,CPY1315230,2013-06-20,"2020-09-02 15:12:00",150,Rent,Posted,2013-01-01,2013-01-31,amishd@imtac.com
TAG1202423,2015-02-15,"2008-03-31 00:00:00",176104,CPY1315231,2013-06-20,"2020-09-02 15:12:00",150,Rent,Posted,2013-01-01,2013-01-31,amishd@imtac.com
TAG1300331,2014-02-15,"2008-03-31 00:00:00",176373,CPY1315500,2013-06-20,"2020-09-02 15:12:00",400,Rent,Posted,2013-06-16,2013-07-15,amishd@imtac.com
TAG1203464,2013-12-07,"2008-03-31 00:00:00",177914,CPY1317041,2013-07-08,"2020-09-02 15:12:00",275,Rent,Posted,2013-06-08,2013-07-07,amishd@imtac.com
TAG1300331,2014-02-15,"2008-03-31 00:00:00",179128,CPY1318255,2013-07-21,"2020-09-02 15:12:00",400,Rent,Posted,2013-07-16,2013-08-15,amishd@imtac.com
TAG1200530,2012-08-31,"2008-03-31 00:00:00",179162,CPY1318289,2013-07-21,"2020-09-02 15:12:00",3045,Rent,Posted,2012-04-01,2012-07-25,amishd@imtac.com
TAG1203464,2013-12-07,"2008-03-31 00:00:00",180721,CPY1319848,2013-08-13,"2020-09-02 15:12:00",275,Rent,Posted,2013-07-08,2013-08-07,amishd@imtac.com
TAG1302588,2015-01-31,"2008-03-31 00:00:00",180997,CPY1320124,2013-08-20,"2020-09-02 15:12:00",270,Deposit,Posted,2013-08-20,2013-08-20,amishd@imtac.com
TAG1203464,2013-12-07,"2008-03-31 00:00:00",183499,CPY1322625,2013-09-08,"2020-09-02 15:12:00",275,Rent,Posted,2013-08-08,2013-09-07,amishd@imtac.com
TAG1302588,2015-01-31,"2008-03-31 00:00:00",184336,CPY1323392,2013-09-16,"2020-09-02 15:12:00",270,Rent,Posted,2013-09-15,2013-10-14,amishd@imtac.com
TAG1203464,2013-12-07,"2008-03-31 00:00:00",186267,CPY1324963,2013-10-08,"2020-09-02 15:12:00",275,Rent,Posted,2013-09-08,2013-10-07,amishd@imtac.com
TAG1303647,2014-07-31,"2008-03-31 00:00:00",189327,CPY1327452,2013-11-11,"2020-09-02 15:12:00",190,Rent,Posted,2013-11-01,2013-11-30,amishd@imtac.com
TAG1203464,2013-12-07,"2008-03-31 00:00:00",189552,CPY1327636,2013-11-11,"2020-09-02 15:12:00",275,Rent,Posted,2013-10-08,2013-11-07,amishd@imtac.com
TAG1302588,2015-01-31,"2008-03-31 00:00:00",189933,CPY1327987,2013-11-17,"2020-09-02 15:12:00",270,Rent,Posted,2013-10-15,2013-11-14,amishd@imtac.com
TAG1304046,2018-10-31,"2008-03-31 00:00:00",191028,CPY1328648,2013-11-30,"2020-09-02 15:12:00",12150,Rent,Posted,2014-02-01,2014-04-30,amishd@imtac.com
TAG1303647,2014-07-31,"2008-03-31 00:00:00",192128,CPY1329673,2013-12-10,"2020-09-02 15:12:00",190,Rent,Posted,2013-12-01,2013-12-31,amishd@imtac.com
TAG1303647,2014-07-31,"2008-03-31 00:00:00",195093,CPY1401532,2014-01-12,"2020-09-02 15:12:00",190,Rent,Posted,2014-01-01,2014-01-31,amishd@imtac.com
TAG1303647,2014-07-31,"2008-03-31 00:00:00",197553,CPY1403614,2014-02-10,"2020-09-02 15:12:00",190,Rent,Posted,2014-02-01,2014-02-28,amishd@imtac.com
TAG1303647,2014-07-31,"2008-03-31 00:00:00",200453,CPY1406038,2014-03-10,"2020-09-02 15:12:00",190,Rent,Posted,2014-03-01,2014-03-31,amishd@imtac.com
TAG1302588,2015-01-31,"2008-03-31 00:00:00",200917,CPY1406436,2014-03-16,"2020-09-02 15:12:00",270,Rent,Posted,2013-11-15,2013-12-14,amishd@imtac.com
TAG1302741,2014-07-14,"2008-03-31 00:00:00",201210,CPY1406693,2014-03-20,"2020-09-02 15:12:00",170,Rent,Posted,2013-08-15,2013-09-14,amishd@imtac.com
TAG1401045,2014-02-15,"2008-03-31 00:00:00",201435,CPY1406850,2014-03-27,"2020-09-02 15:12:00",2925,Rent,Posted,2012-06-16,2013-03-15,amishd@imtac.com
TAG1302741,2014-07-14,"2008-03-31 00:00:00",203833,CPY1408862,2014-04-20,"2020-09-02 15:12:00",170,Rent,Posted,2013-09-15,2013-10-14,amishd@imtac.com
TAG1304046,2018-10-31,"2008-03-31 00:00:00",214424,CPY1417718,2014-06-30,"2020-09-02 15:12:00",6075,Rent,Posted,2014-05-01,2014-06-15,amishd@imtac.com
TAG1304046,2018-10-31,"2008-03-31 00:00:00",214425,CPY1417719,2014-07-17,"2020-09-02 15:12:00",6075,Rent,Posted,2014-06-16,2014-07-31,amishd@imtac.com
TAG1304046,2018-10-31,"2008-03-31 00:00:00",215012,CPY1418212,2014-08-25,"2020-09-02 15:12:00",8100,Rent,Posted,2014-08-01,2014-09-30,amishd@imtac.com
TAG1304046,2018-10-31,"2008-03-31 00:00:00",220054,CPY1422465,2014-10-14,"2020-09-02 15:12:00",12150,Rent,Posted,2014-10-01,2014-12-31,amishd@imtac.com
TAG1403554,2015-07-31,"2008-03-31 00:00:00",223109,CPY1424993,2014-11-11,"2020-09-02 15:12:00",460,Rent,Posted,2014-10-01,2014-10-31,amishd@imtac.com
TAG1403554,2015-07-31,"2008-03-31 00:00:00",225631,CPY1427125,2014-12-05,"2020-09-02 15:12:00",460,Rent,Posted,2014-11-01,2014-11-30,amishd@imtac.com
TAG1403554,2015-07-31,"2008-03-31 00:00:00",226516,CPY1427869,2014-12-01,"2020-09-02 15:12:00",460,Rent,Posted,2014-12-01,2014-12-31,amishd@imtac.com
TAG1304046,2018-10-31,"2008-03-31 00:00:00",226944,CPY1500134,2015-01-05,"2020-09-02 15:12:00",12150,Rent,Posted,2015-01-01,2015-03-31,amishd@imtac.com
TAG1102464,2011-08-31,"2008-03-31 00:00:00",232321,CPY1504737,2015-02-24,"2020-09-02 15:12:00",1925,Rent,Posted,2011-02-15,2011-07-31,amishd@imtac.com
TAG1102464,2011-08-31,"2008-03-31 00:00:00",232324,CPY1504738,2015-02-24,"2020-09-02 15:12:00",362,Rent,Posted,2011-07-31,2011-07-31,amishd@imtac.com
TAG1304046,2018-10-31,"2008-03-31 00:00:00",236310,CPY1508093,2015-04-05,"2020-09-02 15:12:00",12150,Rent,Posted,2015-04-01,2015-06-30,amishd@imtac.com
TAG1501482,2016-02-22,"2008-03-31 00:00:00",239263,CPY1510578,2015-05-06,"2020-09-02 15:12:00",390,Rent,Posted,2015-05-01,2015-05-31,amishd@imtac.com
TAG1300926,2015-02-28,"2008-03-31 00:00:00",240450,CPY1511669,2015-05-14,"2020-09-02 15:12:00",500,Rent,Posted,2013-05-01,2013-05-25,amishd@imtac.com
TAG1501482,2016-02-22,"2008-03-31 00:00:00",242435,CPY1513224,2015-06-08,"2020-09-02 15:12:00",390,Rent,Posted,2015-06-01,2015-06-30,amishd@imtac.com
TAG1300926,2015-02-28,"2008-03-31 00:00:00",243633,CPY1514317,2015-06-16,"2020-09-02 15:12:00",500,Rent,Posted,2013-05-26,2013-06-20,amishd@imtac.com
TAG1501482,2016-02-22,"2008-03-31 00:00:00",245231,CPY1515597,2015-07-06,"2020-09-02 15:12:00",390,Rent,Posted,2015-07-01,2015-07-31,amishd@imtac.com
TAG1300926,2015-02-28,"2008-03-31 00:00:00",249971,CPY1519683,2015-08-26,"2020-09-02 15:12:00",500,Rent,Posted,2013-07-16,2013-08-10,amishd@imtac.com
TAG1304046,2018-10-31,"2008-03-31 00:00:00",250063,CPY1519757,2015-08-11,"2020-09-02 15:12:00",12150,Rent,Posted,2015-07-01,2015-09-30,amishd@imtac.com
TAG1300926,2015-02-28,"2008-03-31 00:00:00",252635,CPY1521920,2015-09-15,"2020-09-02 15:12:00",500,Rent,Posted,2013-08-11,2013-09-05,amishd@imtac.com
TAG1304046,2018-10-31,"2008-03-31 00:00:00",254417,CPY1523415,2015-10-05,"2020-09-02 15:12:00",12150,Rent,Posted,2015-10-01,2015-12-31,amishd@imtac.com
TAG1300926,2015-02-28,"2008-03-31 00:00:00",255855,CPY1524678,2015-10-18,"2020-09-02 15:12:00",500,Rent,Posted,2013-09-06,2013-09-30,amishd@imtac.com
TAG1300926,2015-02-28,"2008-03-31 00:00:00",259697,CPY1527911,2015-11-29,"2020-09-02 15:12:00",100,Rent,Posted,2013-10-01,2013-10-05,amishd@imtac.com
TAG1503378,2016-08-31,"2008-03-31 00:00:00",259733,CPY1527944,2015-12-01,"2020-09-02 15:12:00",375,Rent,Posted,2015-11-01,2015-11-30,amishd@imtac.com
TAG1300926,2015-02-28,"2008-03-31 00:00:00",262762,CPY1530491,2015-12-15,"2020-09-02 15:12:00",500,Rent,Posted,2013-11-01,2013-11-25,amishd@imtac.com
TAG1503686,2017-12-31,"2008-03-31 00:00:00",264016,CPY1601017,2016-01-06,"2020-09-02 15:12:00",1175,Rent,Posted,2016-01-01,2016-01-31,amishd@imtac.com
TAG1304046,2018-10-31,"2008-03-31 00:00:00",264020,CPY1601021,2016-01-06,"2020-09-02 15:12:00",12150,Rent,Posted,2016-01-01,2016-03-31,amishd@imtac.com
TAG1503378,2016-08-31,"2008-03-31 00:00:00",264586,CPY1601541,2016-01-10,"2020-09-02 15:12:00",375,Rent,Posted,2015-12-01,2015-12-31,amishd@imtac.com
TAG1300926,2015-02-28,"2008-03-31 00:00:00",265434,CPY1602243,2016-01-21,"2020-09-02 15:12:00",400,Rent,Posted,2013-11-26,2013-12-15,amishd@imtac.com
TAG1401198,2015-05-14,"2008-03-31 00:00:00",265480,CPY1602282,2016-01-20,"2020-09-02 15:12:00",895,Rent,Posted,2015-02-15,2015-04-21,amishd@imtac.com
TAG1503686,2017-12-31,"2008-03-31 00:00:00",267108,CPY1603621,2016-02-07,"2020-09-02 15:12:00",1175,Rent,Posted,2016-02-01,2016-02-29,amishd@imtac.com
TAG1503378,2016-08-31,"2008-03-31 00:00:00",267809,CPY1604292,2016-02-11,"2020-09-02 15:12:00",375,Rent,Posted,2016-01-01,2016-01-31,amishd@imtac.com
TAG1300926,2015-02-28,"2008-03-31 00:00:00",268843,CPY1605190,2016-02-17,"2020-09-02 15:12:00",500,Rent,Posted,2013-12-16,2014-01-10,amishd@imtac.com
TAG1503686,2017-12-31,"2008-03-31 00:00:00",269983,CPY1606096,2016-03-07,"2020-09-02 15:12:00",1175,Rent,Posted,2016-03-01,2016-03-31,amishd@imtac.com
TAG1503378,2016-08-31,"2008-03-31 00:00:00",270699,CPY1606702,2016-03-10,"2020-09-02 15:12:00",375,Rent,Posted,2016-02-01,2016-02-29,amishd@imtac.com
TAG1300926,2015-02-28,"2008-03-31 00:00:00",272038,CPY1607881,2016-03-23,"2020-09-02 15:12:00",500,Rent,Posted,2014-01-11,2014-02-05,amishd@imtac.com
TAG1503686,2017-12-31,"2008-03-31 00:00:00",273487,CPY1608930,2016-04-05,"2020-09-02 15:12:00",1175,Rent,Posted,2016-04-01,2016-04-30,amishd@imtac.com
TAG1304046,2018-10-31,"2008-03-31 00:00:00",273958,CPY1609376,2016-04-06,"2020-09-02 15:12:00",12150,Rent,Posted,2016-04-01,2016-06-30,amishd@imtac.com
TAG1600213,2016-12-31,"2008-03-31 00:00:00",274241,CPY1609638,2016-04-10,"2020-09-02 15:12:00",215,Rent,Posted,2016-03-01,2016-03-31,amishd@imtac.com
TAG1300926,2015-02-28,"2008-03-31 00:00:00",275307,CPY1610587,2016-04-21,"2020-09-02 15:12:00",500,Rent,Posted,2014-03-01,2014-03-25,amishd@imtac.com
TAG1300926,2015-02-28,"2008-03-31 00:00:00",275310,CPY1610589,2016-04-21,"2020-09-02 15:12:00",500,Rent,Posted,2014-02-06,2014-02-28,amishd@imtac.com
TAG1601521,2016-11-07,"2008-03-31 00:00:00",276611,CPY1611538,2016-05-08,"2020-09-02 15:12:00",300,Rent,Posted,2016-04-21,2016-05-20,amishd@imtac.com
TAG1503686,2017-12-31,"2008-03-31 00:00:00",277642,CPY1612510,2016-05-09,"2020-09-02 15:12:00",1175,Rent,Posted,2016-05-01,2016-05-31,amishd@imtac.com
TAG1601743,2017-05-15,"2008-03-31 00:00:00",278303,CPY1613107,2016-05-16,"2020-09-02 15:12:00",410,Deposit,Posted,2016-05-19,2016-05-19,amishd@imtac.com
TAG1601743,2017-05-15,"2008-03-31 00:00:00",278324,CPY1613128,2016-05-18,"2020-09-02 15:12:00",410,Rent,Posted,2016-05-16,2016-06-15,amishd@imtac.com
TAG1601743,2017-05-15,"2008-03-31 00:00:00",279892,CPY1614236,2016-06-16,"2020-09-02 15:12:00",410,Rent,Posted,2016-06-16,2016-07-15,amishd@imtac.com
TAG1503686,2017-12-31,"2008-03-31 00:00:00",280514,CPY1614857,2016-06-06,"2020-09-02 15:12:00",1175,Rent,Posted,2016-06-01,2016-06-30,amishd@imtac.com
TAG1600387,2017-01-31,"2008-03-31 00:00:00",281737,CPY1615989,2016-06-29,"2020-09-02 15:12:00",400,Rent,Posted,2016-02-01,2016-02-29,amishd@imtac.com
TAG1600387,2017-01-31,"2008-03-31 00:00:00",281738,CPY1615990,2016-06-29,"2020-09-02 15:12:00",400,Rent,Posted,2016-03-01,2016-03-31,amishd@imtac.com
TAG1503378,2016-08-31,"2008-03-31 00:00:00",283274,CPY1617228,2016-07-12,"2020-09-02 15:12:00",375,Rent,Posted,2016-03-01,2016-03-31,amishd@imtac.com
TAG1503686,2017-12-31,"2008-03-31 00:00:00",283481,CPY1617425,2016-07-11,"2020-09-02 15:12:00",1175,Rent,Posted,2016-07-01,2016-07-31,amishd@imtac.com
TAG1304046,2018-10-31,"2008-03-31 00:00:00",284164,CPY1618101,2016-07-12,"2020-09-02 15:12:00",12150,Rent,Posted,2016-07-01,2016-09-30,amishd@imtac.com
TAG1503686,2017-12-31,"2008-03-31 00:00:00",286117,CPY1619730,2016-08-08,"2020-09-02 15:12:00",1175,Rent,Posted,2016-08-01,2016-08-31,amishd@imtac.com
TAG1601632,2017-04-30,"2008-03-31 00:00:00",286632,CPY1620199,2016-08-10,"2020-09-02 15:12:00",200,Rent,Posted,2016-08-01,2016-08-31,amishd@imtac.com
TAG1600213,2016-12-31,"2008-03-31 00:00:00",286800,CPY1620364,2016-08-10,"2020-09-02 15:12:00",215,Rent,Posted,2016-04-01,2016-04-30,amishd@imtac.com
TAG1302588,2015-01-31,"2008-03-31 00:00:00",287017,CPY1620546,2016-08-11,"2020-09-02 15:12:00",1930,Rent,Posted,2014-12-27,2015-07-26,amishd@imtac.com
TAG1300926,2015-02-28,"2008-03-31 00:00:00",287256,CPY1620754,2016-08-25,"2020-09-02 15:12:00",1000,Rent,Posted,2014-03-26,2014-05-14,amishd@imtac.com
TAG1601743,2017-05-15,"2008-03-31 00:00:00",287619,CPY1621105,2016-08-21,"2020-09-02 15:12:00",410,Rent,Posted,2016-07-16,2016-08-15,amishd@imtac.com
TAG1602223,2017-05-31,"2008-03-31 00:00:00",287667,CPY1621151,2016-08-22,"2020-09-02 15:12:00",315,Rent,Posted,2016-06-01,2016-06-30,amishd@imtac.com
TAG1602826,2017-08-31,"2008-03-31 00:00:00",288211,CPY1621554,2016-09-04,"2020-09-02 15:12:00",2400,Rent,Posted,2016-09-01,2016-11-30,amishd@imtac.com
TAG1503686,2017-12-31,"2008-03-31 00:00:00",289135,CPY1622328,2016-09-06,"2020-09-02 15:12:00",1175,Rent,Posted,2016-09-01,2016-09-30,amishd@imtac.com
TAG1300926,2015-02-28,"2008-03-31 00:00:00",290177,CPY1623252,2016-09-19,"2020-09-02 15:12:00",500,Rent,Posted,2014-05-15,2014-06-14,amishd@imtac.com
TAG1601743,2017-05-15,"2008-03-31 00:00:00",290650,CPY1623720,2016-09-19,"2020-09-02 15:12:00",410,Rent,Posted,2016-08-16,2016-09-15,amishd@imtac.com
TAG1600387,2017-01-31,"2008-03-31 00:00:00",291022,CPY1624013,2016-09-29,"2020-09-02 15:12:00",400,Rent,Posted,2016-04-01,2016-04-30,amishd@imtac.com
TAG1304046,2018-10-31,"2008-03-31 00:00:00",291534,CPY1624339,2016-10-05,"2020-09-02 15:12:00",12150,Rent,Posted,2016-10-01,2016-12-31,amishd@imtac.com
TAG1503686,2017-12-31,"2008-03-31 00:00:00",292453,CPY1625201,2016-10-06,"2020-09-02 15:12:00",1175,Rent,Posted,2016-10-01,2016-10-31,amishd@imtac.com
TAG1503686,2017-12-31,"2008-03-31 00:00:00",295534,CPY1627751,2016-11-06,"2020-09-02 15:12:00",1175,Rent,Posted,2016-11-01,2016-11-30,amishd@imtac.com
TAG1600387,2017-01-31,"2008-03-31 00:00:00",296322,CPY1628508,2016-11-14,"2020-09-02 15:12:00",400,Rent,Posted,2016-05-01,2016-05-31,amishd@imtac.com
TAG1600387,2017-01-31,"2008-03-31 00:00:00",296326,CPY1628512,2016-11-14,"2020-09-02 15:12:00",400,Rent,Posted,2016-06-01,2016-06-30,amishd@imtac.com
TAG1300926,2015-02-28,"2008-03-31 00:00:00",296601,CPY1628778,2016-11-15,"2020-09-02 15:12:00",400,Rent,Posted,2014-06-15,2014-07-14,amishd@imtac.com
TAG1304198,2015-01-31,"2008-03-31 00:00:00",297258,CPY1629344,2016-11-28,"2020-09-02 15:12:00",400,Rent,Posted,2014-04-24,2014-05-23,amishd@imtac.com
TAG1503686,2017-12-31,"2008-03-31 00:00:00",298470,CPY1630340,2016-12-07,"2020-09-02 15:12:00",1175,Rent,Posted,2016-12-01,2016-12-31,amishd@imtac.com
TAG1603335,2016-08-23,"2008-03-31 00:00:00",298934,CPY1630783,2016-12-11,"2020-09-02 15:12:00",200,Rent,Posted,2016-08-01,2016-08-14,amishd@imtac.com
TAG1300926,2015-02-28,"2008-03-31 00:00:00",299685,CPY1631453,2016-12-18,"2020-09-02 15:12:00",500,Rent,Posted,2014-07-15,2014-08-14,amishd@imtac.com
TAG1600387,2017-01-31,"2008-03-31 00:00:00",300063,CPY1631742,2016-12-20,"2020-09-02 15:12:00",2400,Rent,Posted,2016-07-01,2016-12-31,amishd@imtac.com
TAG1602826,2017-08-31,"2008-03-31 00:00:00",301305,CPY1700679,2017-01-05,"2020-09-02 15:12:00",2400,Rent,Posted,2016-12-01,2017-02-28,amishd@imtac.com
TAG1603335,2016-08-23,"2008-03-31 00:00:00",301367,CPY1700735,2017-01-08,"2020-09-02 15:12:00",150,Rent,Posted,2016-08-14,2016-08-23,amishd@imtac.com
TAG1304046,2018-10-31,"2008-03-31 00:00:00",301405,CPY1700770,2017-01-08,"2020-09-02 15:12:00",12150,Rent,Posted,2017-01-01,2017-03-31,amishd@imtac.com
TAG1503686,2017-12-31,"2008-03-31 00:00:00",301406,CPY1700771,2017-01-08,"2020-09-02 15:12:00",1175,Rent,Posted,2017-01-01,2017-01-31,amishd@imtac.com
TAG1603169,2017-09-30,"2008-03-31 00:00:00",302675,CPY1701896,2017-01-11,"2020-09-02 15:12:00",4734,Rent,Posted,2016-10-01,2017-03-31,amishd@imtac.com
TAG1503378,2016-08-31,"2008-03-31 00:00:00",302685,CPY1701906,2016-12-31,"2020-09-02 15:12:00",375,Rent,Posted,2016-04-01,2016-04-30,amishd@imtac.com
TAG1501375,2016-09-30,"2008-03-31 00:00:00",303690,CPY1702694,2017-01-31,"2020-09-02 15:12:00",850,Rent,Posted,2015-10-01,2015-12-13,amishd@imtac.com
TAG1700107,2018-01-31,"2008-03-31 00:00:00",304569,CPY1703320,2017-02-06,"2020-09-02 15:12:00",250,Rent,Posted,2017-02-01,2017-02-28,amishd@imtac.com
TAG1601521,2016-11-07,"2008-03-31 00:00:00",304706,CPY1703450,2017-02-05,"2020-09-02 15:12:00",300,Rent,Posted,2016-06-01,2016-06-30,amishd@imtac.com
TAG1603335,2016-08-23,"2008-03-31 00:00:00",304977,CPY1703692,2017-02-07,"2020-09-02 15:12:00",150,Rent,Posted,2016-08-24,2016-08-23,amishd@imtac.com
TAG1700079,2016-12-31,"2008-03-31 00:00:00",301913,CPY1701218,2016-12-31,"2020-09-02 15:12:00",1280,Rent,Pending,2016-02-15,2016-03-09,amishd@imtac.com
TAG1503686,2017-12-31,"2008-03-31 00:00:00",305049,CPY1703760,2017-02-07,"2020-09-02 15:12:00",1175,Rent,Posted,2017-02-01,2017-02-28,amishd@imtac.com
TAG1300926,2015-02-28,"2008-03-31 00:00:00",306062,CPY1704699,2017-02-16,"2020-09-02 15:12:00",500,Rent,Posted,2014-09-11,2014-10-10,amishd@imtac.com
TAG1700079,2016-12-31,"2008-03-31 00:00:00",306464,CPY1705074,2017-02-19,"2020-09-02 15:12:00",435,Rent,Posted,2016-03-10,2016-03-17,amishd@imtac.com
TAG1304198,2015-01-31,"2008-03-31 00:00:00",306545,CPY1705120,2017-02-27,"2020-09-02 15:12:00",100,Rent,Posted,2014-05-19,2014-05-22,amishd@imtac.com
TAG1700079,2016-12-31,"2008-03-31 00:00:00",306699,CPY1705204,2017-03-01,"2020-09-02 15:12:00",325,Rent,Posted,2016-03-18,2016-06-23,amishd@imtac.com
TAG1503686,2017-12-31,"2008-03-31 00:00:00",307481,CPY1705856,2017-03-05,"2020-09-02 15:12:00",1175,Rent,Posted,2017-03-01,2017-03-31,amishd@imtac.com
TAG1700107,2018-01-31,"2008-03-31 00:00:00",307828,CPY1706187,2017-03-06,"2020-09-02 15:12:00",250,Rent,Posted,2017-03-01,2017-03-31,amishd@imtac.com
TAG1700079,2016-12-31,"2008-03-31 00:00:00",308067,CPY1706392,2017-03-06,"2020-09-02 15:12:00",200,Rent,Posted,2016-06-24,2016-06-27,amishd@imtac.com
TAG1700079,2016-12-31,"2008-03-31 00:00:00",308153,CPY1706402,2017-03-14,"2020-09-02 15:12:00",235,Rent,Posted,2016-06-28,2016-07-01,amishd@imtac.com
TAG1503686,2017-12-31,"2008-03-31 00:00:00",310628,CPY1708609,2017-04-05,"2020-09-02 15:12:00",1175,Rent,Posted,2017-04-01,2017-04-30,amishd@imtac.com
TAG1700107,2018-01-31,"2008-03-31 00:00:00",310853,CPY1708826,2017-04-06,"2020-09-02 15:12:00",250,Rent,Posted,2017-04-01,2017-04-30,amishd@imtac.com
TAG1603335,2016-08-23,"2008-03-31 00:00:00",310966,CPY1708936,2017-04-05,"2020-09-02 15:12:00",150,Rent,Posted,2016-08-24,2016-08-23,amishd@imtac.com
TAG1300926,2015-02-28,"2008-03-31 00:00:00",312483,CPY1710219,2017-04-16,"2020-09-02 15:12:00",500,Rent,Posted,2014-10-11,2014-11-10,amishd@imtac.com
TAG1203149,2013-10-31,"2008-03-31 00:00:00",312772,CPY1710441,2017-04-27,"2020-09-02 15:12:00",565.542,Rent,Posted,2012-10-21,2012-11-14,amishd@imtac.com
TAG1700107,2018-01-31,"2008-03-31 00:00:00",313936,CPY1711324,2017-05-08,"2020-09-02 15:12:00",250,Rent,Posted,2017-05-01,2017-05-31,amishd@imtac.com
TAG1603470,2017-12-31,"2008-03-31 00:00:00",314187,CPY1711527,2017-05-07,"2020-09-02 15:12:00",2700,Rent,Posted,2017-01-01,2017-03-31,amishd@imtac.com
TAG1503686,2017-12-31,"2008-03-31 00:00:00",314253,CPY1711593,2017-05-07,"2020-09-02 15:12:00",1175,Rent,Posted,2017-05-01,2017-05-31,amishd@imtac.com
TAG1700079,2016-12-31,"2008-03-31 00:00:00",314298,CPY1711628,2017-05-11,"2020-09-02 15:12:00",435,Rent,Posted,2016-07-12,2016-07-19,amishd@imtac.com
TAG1603335,2016-08-23,"2008-03-31 00:00:00",314396,CPY1711718,2017-05-08,"2020-09-02 15:12:00",150,Rent,Posted,2016-08-24,2016-08-23,amishd@imtac.com
TAG1300926,2015-02-28,"2008-03-31 00:00:00",315263,CPY1712541,2017-05-16,"2020-09-02 15:12:00",500,Rent,Posted,2014-11-11,2014-12-10,amishd@imtac.com
TAG1700107,2018-01-31,"2008-03-31 00:00:00",317021,CPY1713989,2017-06-08,"2020-09-02 15:12:00",250,Rent,Posted,2017-06-01,2017-06-30,amishd@imtac.com
TAG1702037,2018-02-28,"2008-03-31 00:00:00",318511,CPY1715369,2017-06-18,"2020-09-02 15:12:00",350,Rent,Posted,2017-06-01,2017-06-30,amishd@imtac.com
TAG1300926,2015-02-28,"2008-03-31 00:00:00",318548,CPY1715406,2017-06-18,"2020-09-02 15:12:00",500,Rent,Posted,2014-12-11,2015-01-10,amishd@imtac.com
TAG1700107,2018-01-31,"2008-03-31 00:00:00",320295,CPY1716830,2017-07-06,"2020-09-02 15:12:00",250,Rent,Posted,2017-07-01,2017-07-31,amishd@imtac.com
TAG1702037,2018-02-28,"2008-03-31 00:00:00",321038,CPY1717563,2017-07-12,"2020-09-02 15:12:00",350,Rent,Posted,2017-07-01,2017-07-31,amishd@imtac.com
TAG1702481,2018-06-09,"2008-03-31 00:00:00",321081,CPY1717604,2017-07-12,"2020-09-02 15:12:00",200,Rent,Posted,2017-06-10,2017-07-09,amishd@imtac.com
TAG1702481,2018-06-09,"2008-03-31 00:00:00",321094,CPY1717617,2017-07-12,"2020-09-02 15:12:00",200,Rent,Posted,2017-07-10,2017-08-09,amishd@imtac.com
TAG1700107,2018-01-31,"2008-03-31 00:00:00",322856,CPY1718953,2017-08-09,"2020-09-02 15:12:00",250,Rent,Posted,2017-08-01,2017-08-31,amishd@imtac.com
TAG1702481,2018-06-09,"2008-03-31 00:00:00",324711,CPY1720684,2017-08-15,"2020-09-02 15:12:00",200,Rent,Posted,2017-08-10,2017-09-09,amishd@imtac.com
TAG1700079,2016-12-31,"2008-03-31 00:00:00",324849,CPY1720803,2017-08-01,"2020-09-02 15:12:00",435,Rent,Posted,2016-08-14,2016-08-21,amishd@imtac.com
TAG1700079,2016-12-31,"2008-03-31 00:00:00",325136,CPY1721023,2017-08-15,"2020-09-02 15:12:00",435,Rent,Posted,2016-08-22,2016-08-29,amishd@imtac.com
TAG1702868,2019-03-31,"2008-03-31 00:00:00",325553,CPY1721226,2017-09-05,"2020-09-02 15:12:00",280,Rent,Posted,2017-09-01,2017-09-30,amishd@imtac.com
TAG1702868,2019-03-31,"2008-03-31 00:00:00",325563,CPY1721236,2017-09-05,"2020-09-02 15:12:00",280,Deposit,Posted,2017-09-12,2017-09-12,amishd@imtac.com
TAG1700107,2018-01-31,"2008-03-31 00:00:00",325757,CPY1721430,2017-09-06,"2020-09-02 15:12:00",250,Rent,Posted,2017-09-01,2017-09-30,amishd@imtac.com
TAG1700079,2016-12-31,"2008-03-31 00:00:00",326305,CPY1721955,2017-09-05,"2020-09-02 15:12:00",435,Rent,Posted,2016-08-30,2016-09-06,amishd@imtac.com
TAG1700079,2016-12-31,"2008-03-31 00:00:00",326306,CPY1721956,2017-09-11,"2020-09-02 15:12:00",435,Rent,Posted,2016-09-07,2016-09-14,amishd@imtac.com
TAG1702037,2018-02-28,"2008-03-31 00:00:00",326465,CPY1722113,2017-09-11,"2020-09-02 15:12:00",175,Deposit,Posted,2017-09-13,2017-09-13,amishd@imtac.com
TAG1703140,2018-07-31,"2008-03-31 00:00:00",327199,CPY1722796,2017-09-13,"2020-09-02 15:12:00",360,Rent,Posted,2017-09-01,2017-09-30,amishd@imtac.com
TAG1700079,2016-12-31,"2008-03-31 00:00:00",327889,CPY1723440,2017-09-20,"2020-09-02 15:12:00",900,Rent,Posted,2016-07-06,2016-07-06,amishd@imtac.com
TAG1702868,2019-03-31,"2008-03-31 00:00:00",328712,CPY1724058,2017-10-01,"2020-09-02 15:12:00",280,Rent,Posted,2017-10-01,2017-10-31,amishd@imtac.com
TAG1703140,2018-07-31,"2008-03-31 00:00:00",329293,CPY1724532,2017-10-08,"2020-09-02 15:12:00",360,Rent,Posted,2017-10-01,2017-10-31,amishd@imtac.com
TAG1700107,2018-01-31,"2008-03-31 00:00:00",329778,CPY1724983,2017-10-09,"2020-09-02 15:12:00",250,Rent,Posted,2017-10-01,2017-10-31,amishd@imtac.com
TAG1703260,2018-08-31,"2008-03-31 00:00:00",331447,CPY1726374,2017-10-29,"2020-09-02 15:12:00",550,Rent,Posted,2017-09-01,2017-09-30,amishd@imtac.com
TAG1702868,2019-03-31,"2008-03-31 00:00:00",331999,CPY1726719,2017-11-04,"2020-09-02 15:12:00",280,Rent,Posted,2017-11-01,2017-11-30,amishd@imtac.com
TAG1703002,2018-06-30,"2008-03-31 00:00:00",332347,CPY1727045,2017-11-04,"2020-09-02 15:12:00",475,Rent,Posted,2017-07-01,2017-07-31,amishd@imtac.com
TAG1703260,2018-08-31,"2008-03-31 00:00:00",333260,CPY1727843,2017-11-19,"2020-09-02 15:12:00",550,Deposit,Posted,2017-11-20,2017-11-20,amishd@imtac.com
TAG1703140,2018-07-31,"2008-03-31 00:00:00",336257,CPY1730421,2017-12-14,"2020-09-02 15:12:00",360,Rent,Posted,2017-11-01,2017-11-30,amishd@imtac.com
TAG1704215,2019-10-31,"2008-03-31 00:00:00",336654,CPY1730751,2017-12-24,"2020-09-02 15:12:00",850,Rent,Posted,2017-11-16,2017-12-15,amishd@imtac.com
TAG1704299,2018-08-31,"2008-03-31 00:00:00",337499,CPY1731491,2017-12-31,"2020-09-02 15:12:00",300,Rent,Posted,2017-09-01,2017-10-15,amishd@imtac.com
TAG1703002,2018-06-30,"2008-03-31 00:00:00",338314,CPY1800581,2018-01-07,"2020-09-02 15:12:00",475,Rent,Posted,2017-08-01,2017-08-31,amishd@imtac.com
TAG1700559,2018-04-30,"2008-03-31 00:00:00",324125,CPY1720142,2017-01-01,"2020-09-02 15:12:00",325,Rent,Pending,2016-01-01,2016-01-31,amishd@imtac.com
TAG1702868,2019-03-31,"2008-03-31 00:00:00",338484,CPY1800657,2018-01-01,"2020-09-02 15:12:00",280,Rent,Posted,2017-12-01,2017-12-31,amishd@imtac.com
TAG1703140,2018-07-31,"2008-03-31 00:00:00",338760,CPY1800896,2018-01-10,"2020-09-02 15:12:00",360,Rent,Posted,2017-12-01,2017-12-31,amishd@imtac.com
TAG1703260,2018-08-31,"2008-03-31 00:00:00",339149,CPY1801266,2018-01-17,"2020-09-02 15:12:00",550,Rent,Posted,2017-10-01,2017-10-31,amishd@imtac.com
TAG1703260,2018-08-31,"2008-03-31 00:00:00",339152,CPY1801269,2018-01-17,"2020-09-02 15:12:00",550,Rent,Posted,2017-11-01,2017-11-30,amishd@imtac.com
TAG1703260,2018-08-31,"2008-03-31 00:00:00",339747,CPY1801800,2018-01-24,"2020-09-02 15:12:00",550,Rent,Posted,2017-12-01,2017-12-31,amishd@imtac.com
TAG1704299,2018-08-31,"2008-03-31 00:00:00",340190,CPY1802174,2018-01-26,"2020-09-02 15:12:00",700,Rent,Posted,2017-10-16,2018-02-15,amishd@imtac.com
TAG1704451,2019-01-14,"2008-03-31 00:00:00",340374,CPY1802246,2018-01-31,"2020-09-02 15:12:00",260,Rent,Posted,2018-01-15,2018-02-14,amishd@imtac.com
TAG1703140,2018-07-31,"2008-03-31 00:00:00",341248,CPY1802945,2018-02-09,"2020-09-02 15:12:00",360,Rent,Posted,2018-01-01,2018-01-31,amishd@imtac.com
TAG1702868,2019-03-31,"2008-03-31 00:00:00",341752,CPY1803442,2018-02-05,"2020-09-02 15:12:00",280,Rent,Posted,2018-01-01,2018-01-31,amishd@imtac.com
TAG1704451,2019-01-14,"2008-03-31 00:00:00",342565,CPY1804195,2018-02-18,"2020-09-02 15:12:00",260,Rent,Posted,2018-02-15,2018-03-14,amishd@imtac.com
TAG1704215,2019-10-31,"2008-03-31 00:00:00",343005,CPY1804571,2018-02-24,"2020-09-02 15:12:00",850,Rent,Posted,2017-12-16,2018-01-15,amishd@imtac.com
TAG1703260,2018-08-31,"2008-03-31 00:00:00",343026,CPY1804592,2018-02-24,"2020-09-02 15:12:00",550,Rent,Posted,2018-01-01,2018-01-31,amishd@imtac.com
TAG1702868,2019-03-31,"2008-03-31 00:00:00",343220,CPY1804711,2018-02-01,"2020-09-02 15:12:00",280,Rent,Posted,2018-02-01,2018-02-28,amishd@imtac.com
TAG1703002,2018-06-30,"2008-03-31 00:00:00",343604,CPY1805001,2018-02-05,"2020-09-02 15:12:00",475,Rent,Posted,2017-09-01,2017-09-30,amishd@imtac.com
TAG1703002,2018-06-30,"2008-03-31 00:00:00",343948,CPY1805287,2018-03-07,"2020-09-02 15:12:00",475,Rent,Posted,2017-10-01,2017-10-31,amishd@imtac.com
TAG1700078,2017-01-15,"2008-03-31 00:00:00",339679,CPY1801758,2017-12-31,"2020-09-02 15:12:00",1200,Rent,Pending,2016-11-16,2016-12-15,amishd@imtac.com
TAG1703140,2018-07-31,"2008-03-31 00:00:00",344598,CPY1805841,2018-03-11,"2020-09-02 15:12:00",360,Rent,Posted,2018-02-01,2018-02-28,amishd@imtac.com
TAG1704451,2019-01-14,"2008-03-31 00:00:00",345872,CPY1806969,2018-03-17,"2020-09-02 15:12:00",260,Rent,Posted,2018-03-15,2018-04-14,amishd@imtac.com
TAG1703260,2018-08-31,"2008-03-31 00:00:00",346419,CPY1807435,2018-03-25,"2020-09-02 15:12:00",550,Rent,Posted,2018-02-01,2018-02-28,amishd@imtac.com
TAG1701897,2018-04-30,"2008-03-31 00:00:00",346563,CPY1807525,2018-03-27,"2020-09-02 15:12:00",3300,Rent,Posted,2017-06-01,2017-11-30,amishd@imtac.com
TAG1703140,2018-07-31,"2008-03-31 00:00:00",347703,CPY1808412,2018-04-05,"2020-09-02 15:12:00",360,Rent,Posted,2018-03-01,2018-03-31,amishd@imtac.com
TAG1702868,2019-03-31,"2008-03-31 00:00:00",348305,CPY1808917,2018-04-01,"2020-09-02 15:12:00",280,Rent,Posted,2018-03-01,2018-03-31,amishd@imtac.com
TAG1704451,2019-01-14,"2008-03-31 00:00:00",349261,CPY1809816,2018-04-19,"2020-09-02 15:12:00",260,Rent,Posted,2018-04-15,2018-05-14,amishd@imtac.com
TAG1703260,2018-08-31,"2008-03-31 00:00:00",349638,CPY1810107,2018-04-26,"2020-09-02 15:12:00",550,Rent,Posted,2018-03-01,2018-03-31,amishd@imtac.com
TAG1603470,2017-12-31,"2008-03-31 00:00:00",349668,CPY1810137,2018-04-26,"2020-09-02 15:12:00",2025,Rent,Posted,2017-04-01,2017-06-07,amishd@imtac.com
TAG1703140,2018-07-31,"2008-03-31 00:00:00",350889,CPY1811070,2018-05-10,"2020-09-02 15:12:00",360,Rent,Posted,2018-04-01,2018-04-30,amishd@imtac.com
TAG1700079,2016-12-31,"2008-03-31 00:00:00",351385,CPY1811512,2018-05-14,"2020-09-02 15:12:00",265,Rent,Posted,2016-08-10,2016-08-15,amishd@imtac.com
TAG1304046,2018-10-31,"2008-03-31 00:00:00",351386,CPY1811513,2018-05-14,"2020-09-02 15:12:00",5970.349,Rent,Posted,2017-04-01,2017-05-14,amishd@imtac.com
TAG1704299,2018-08-31,"2008-03-31 00:00:00",351533,CPY1811655,2018-05-10,"2020-09-02 15:12:00",200,Rent,Posted,2018-02-16,2018-03-15,amishd@imtac.com
TAG1704451,2019-01-14,"2008-03-31 00:00:00",352464,CPY1812483,2018-05-15,"2020-09-02 15:12:00",260,Rent,Posted,2018-05-15,2018-06-14,amishd@imtac.com
TAG1703260,2018-08-31,"2008-03-31 00:00:00",352583,CPY1812596,2018-05-23,"2020-09-02 15:12:00",550,Rent,Posted,2018-04-01,2018-04-30,amishd@imtac.com
TAG1603470,2017-12-31,"2008-03-31 00:00:00",352727,CPY1812718,2018-05-26,"2020-09-02 15:12:00",2025,Rent,Posted,2017-06-08,2017-08-15,amishd@imtac.com
TAG1704215,2019-10-31,"2008-03-31 00:00:00",352738,CPY1812729,2018-05-26,"2020-09-02 15:12:00",175,Rent,Posted,2018-01-16,2018-01-21,amishd@imtac.com
TAG1704215,2019-10-31,"2008-03-31 00:00:00",352918,CPY1812830,2018-05-28,"2020-09-02 15:12:00",1075,Rent,Posted,2018-01-22,2018-02-28,amishd@imtac.com
TAG1704215,2019-10-31,"2008-03-31 00:00:00",352976,CPY1812880,2018-05-31,"2020-09-02 15:12:00",850,Rent,Posted,2018-03-01,2018-03-30,amishd@imtac.com
TAG1704215,2019-10-31,"2008-03-31 00:00:00",353351,CPY1813039,2018-06-05,"2020-09-02 15:12:00",1075,Rent,Posted,2018-04-01,2018-05-08,amishd@imtac.com
TAG1402148,2015-06-30,"2008-03-31 00:00:00",353420,CPY1813061,2018-06-21,"2020-09-02 15:12:00",2000,Rent,Posted,2015-01-01,2015-05-06,amishd@imtac.com
TAG1703140,2018-07-31,"2008-03-31 00:00:00",353495,CPY1813135,2018-06-05,"2020-09-02 15:12:00",360,Rent,Posted,2018-05-01,2018-05-31,amishd@imtac.com
TAG1801668,2018-04-30,"2008-03-31 00:00:00",354006,CPY1813646,2018-06-05,"2020-09-02 15:12:00",2700,Rent,Posted,2018-01-01,2018-03-31,amishd@imtac.com
TAG1703260,2018-08-31,"2008-03-31 00:00:00",354253,CPY1813874,2018-06-24,"2020-09-02 15:12:00",550,Rent,Posted,2018-05-01,2018-05-31,amishd@imtac.com
TAG1704451,2019-01-14,"2008-03-31 00:00:00",354325,CPY1813945,2018-06-24,"2020-09-02 15:12:00",260,Rent,Posted,2018-06-15,2018-07-14,amishd@imtac.com
TAG1801898,2019-05-31,"2008-03-31 00:00:00",355285,CPY1814867,2018-06-26,"2020-09-02 15:12:00",660,Rent,Posted,2018-06-01,2018-06-30,amishd@imtac.com
TAG1702868,2019-03-31,"2008-03-31 00:00:00",355320,CPY1814902,2018-06-26,"2020-09-02 15:12:00",280,Rent,Posted,2018-04-01,2018-04-30,amishd@imtac.com
TAG1703002,2018-06-30,"2008-03-31 00:00:00",355557,CPY1815136,2018-06-26,"2020-09-02 15:12:00",475,Rent,Posted,2017-11-01,2017-11-30,amishd@imtac.com
TAG1800604,2018-10-31,"2008-03-31 00:00:00",355909,CPY1815433,2018-06-28,"2020-09-02 15:12:00",795,Rent,Posted,2018-02-01,2018-02-28,amishd@imtac.com
TAG1702868,2019-03-31,"2008-03-31 00:00:00",356220,CPY1815605,2018-07-06,"2020-09-02 15:12:00",280,Rent,Posted,2018-05-01,2018-05-31,amishd@imtac.com
TAG1704215,2019-10-31,"2008-03-31 00:00:00",358275,CPY1817416,2018-07-01,"2020-09-02 15:12:00",1075,Rent,Posted,2018-05-09,2018-06-15,amishd@imtac.com
TAG1704451,2019-01-14,"2008-03-31 00:00:00",358358,CPY1817495,2018-07-19,"2020-09-02 15:12:00",260,Rent,Posted,2018-07-15,2018-08-14,amishd@imtac.com
TAG1704215,2019-10-31,"2008-03-31 00:00:00",358783,CPY1817864,2018-07-25,"2020-09-02 15:12:00",850,Rent,Posted,2018-06-16,2018-07-15,amishd@imtac.com
TAG1603470,2017-12-31,"2008-03-31 00:00:00",358839,CPY1817920,2018-07-25,"2020-09-02 15:12:00",2025,Rent,Posted,2017-08-16,2017-10-22,amishd@imtac.com
TAG1801898,2019-05-31,"2008-03-31 00:00:00",359295,CPY1818188,2018-08-06,"2020-09-02 15:12:00",660,Rent,Posted,2018-08-01,2018-08-31,amishd@imtac.com
TAG1702868,2019-03-31,"2008-03-31 00:00:00",359321,CPY1818214,2018-08-06,"2020-09-02 15:12:00",280,Rent,Posted,2018-06-01,2018-06-30,amishd@imtac.com
TAG1704215,2019-10-31,"2008-03-31 00:00:00",361762,CPY1820343,2018-08-27,"2020-09-02 15:12:00",850,Rent,Posted,2018-07-16,2018-08-15,amishd@imtac.com
TAG1800604,2018-10-31,"2008-03-31 00:00:00",361998,CPY1820543,2018-08-31,"2020-09-02 15:12:00",795,Rent,Posted,2018-03-01,2018-03-31,amishd@imtac.com
TAG1801898,2019-05-31,"2008-03-31 00:00:00",362359,CPY1820696,2018-09-07,"2020-09-02 15:12:00",660,Deposit,Posted,2018-09-12,2018-09-12,amishd@imtac.com
TAG1802917,2018-07-31,"2008-03-31 00:00:00",365324,CPY1823157,2018-10-03,"2020-09-02 15:12:00",500,Rent,Posted,2018-02-22,2018-03-21,amishd@imtac.com
TAG1700079,2016-12-31,"2008-03-31 00:00:00",365487,CPY1823309,2018-10-07,"2020-09-02 15:12:00",465,Rent,Posted,2016-08-16,2016-08-24,amishd@imtac.com
TAG1703002,2018-06-30,"2008-03-31 00:00:00",365488,CPY1823310,2018-10-07,"2020-09-02 15:12:00",543.14,Rent,Posted,2017-12-31,2018-02-03,amishd@imtac.com
TAG1801898,2019-05-31,"2008-03-31 00:00:00",365534,CPY1823352,2018-10-05,"2020-09-02 15:12:00",660,Rent,Posted,2018-09-01,2018-09-30,amishd@imtac.com
TAG1700079,2016-12-31,"2008-03-31 00:00:00",367989,CPY1825577,2018-10-26,"2020-09-02 15:12:00",990,Rent,Posted,2019-08-25,2016-09-12,amishd@imtac.com
TAG1803442,2018-12-04,"2008-03-31 00:00:00",368088,CPY1825649,2018-10-28,"2020-09-02 15:12:00",300,Rent,Posted,2018-09-05,2018-10-04,amishd@imtac.com
TAG1802917,2018-07-31,"2008-03-31 00:00:00",368348,CPY1825746,2018-11-01,"2020-09-02 15:12:00",500,Rent,Posted,2018-02-22,2018-02-21,amishd@imtac.com
TAG1803084,2019-09-30,"2008-03-31 00:00:00",369097,CPY1826275,2018-11-10,"2020-09-02 15:12:00",290,Rent,Posted,2018-11-01,2018-11-30,amishd@imtac.com
TAG1803442,2018-12-04,"2008-03-31 00:00:00",370963,CPY1828037,2018-11-28,"2020-09-02 15:12:00",300,Rent,Posted,2018-10-05,2018-11-04,amishd@imtac.com
TAG1800604,2018-10-31,"2008-03-31 00:00:00",371015,CPY1828083,2018-11-27,"2020-09-02 15:12:00",795,Rent,Posted,2018-04-01,2018-04-30,amishd@imtac.com
TAG1803084,2019-09-30,"2008-03-31 00:00:00",371474,CPY1828410,2018-12-04,"2020-09-02 15:12:00",290,Rent,Posted,2018-12-01,2018-12-31,amishd@imtac.com
TAG1802917,2018-07-31,"2008-03-31 00:00:00",371903,CPY1828791,2018-12-04,"2020-09-02 15:12:00",500,Rent,Posted,2018-03-22,2018-03-21,amishd@imtac.com
TAG1704299,2018-08-31,"2008-03-31 00:00:00",373449,CPY1830187,2018-12-20,"2020-09-02 15:12:00",1100,Rent,Posted,2018-03-16,2018-08-15,amishd@imtac.com
TAG1704299,2018-08-31,"2008-03-31 00:00:00",373451,CPY1830189,2018-12-20,"2020-09-02 15:12:00",400,Rent,Posted,2018-08-16,2018-10-15,amishd@imtac.com
TAG1801898,2019-05-31,"2008-03-31 00:00:00",373576,CPY1830307,2018-12-01,"2020-09-02 15:12:00",660,Rent,Posted,2018-10-01,2018-10-31,amishd@imtac.com
TAG1804082,2019-11-30,"2008-03-31 00:00:00",373631,CPY1830362,2018-12-20,"2020-09-02 15:12:00",280,Rent,Posted,2018-12-01,2018-12-31,amishd@imtac.com
TAG1802917,2018-07-31,"2008-03-31 00:00:00",374172,CPY1830742,2018-12-27,"2020-09-02 15:12:00",500,Rent,Posted,2018-03-22,2018-03-21,amishd@imtac.com
TAG1803084,2019-09-30,"2008-03-31 00:00:00",374955,CPY1900566,2019-01-07,"2020-09-02 15:12:00",290,Rent,Posted,2019-01-01,2019-01-31,amishd@imtac.com
TAG1800604,2018-10-31,"2008-03-31 00:00:00",375140,CPY1900748,2019-01-07,"2020-09-02 15:12:00",795,Rent,Posted,2018-05-01,2018-05-31,amishd@imtac.com
TAG1804082,2019-11-30,"2008-03-31 00:00:00",375451,CPY1901025,2019-01-09,"2020-09-02 15:12:00",280,Rent,Posted,2019-01-01,2019-01-31,amishd@imtac.com
TAG1804082,2019-11-30,"2008-03-31 00:00:00",378014,CPY1903079,2019-02-04,"2020-09-02 15:12:00",280,Rent,Posted,2019-02-01,2019-02-28,amishd@imtac.com
TAG1803084,2019-09-30,"2008-03-31 00:00:00",378458,CPY1903515,2019-02-05,"2020-09-02 15:12:00",290,Rent,Posted,2019-02-01,2019-02-28,amishd@imtac.com
TAG1900381,2019-10-31,"2008-03-31 00:00:00",378702,CPY1903677,2019-02-12,"2020-09-02 15:12:00",795,Rent,Posted,2018-11-01,2018-11-30,amishd@imtac.com
TAG1900381,2019-10-31,"2008-03-31 00:00:00",378703,CPY1903678,2019-02-12,"2020-09-02 15:12:00",795,Rent,Posted,2018-12-01,2018-12-31,amishd@imtac.com
TAG1801472,2018-03-31,"2008-03-31 00:00:00",379177,CPY1904134,2019-02-12,"2020-09-02 15:12:00",300,Rent,Posted,2017-08-23,2017-09-22,amishd@imtac.com
TAG1900381,2019-10-31,"2008-03-31 00:00:00",379885,CPY1904769,2019-02-25,"2020-09-02 15:12:00",795,Rent,Posted,2019-01-01,2019-01-31,amishd@imtac.com
TAG1803084,2019-09-30,"2008-03-31 00:00:00",380521,CPY1905203,2019-03-04,"2020-09-02 15:12:00",290,Rent,Posted,2019-03-01,2019-03-31,amishd@imtac.com
TAG1801898,2019-05-31,"2008-03-31 00:00:00",381186,CPY1905784,2019-03-10,"2020-09-02 15:12:00",660,Rent,Posted,2018-11-16,2018-12-15,amishd@imtac.com
TAG1804082,2019-11-30,"2008-03-31 00:00:00",381448,CPY1906025,2019-03-07,"2020-09-02 15:12:00",280,Rent,Posted,2019-03-01,2019-03-31,amishd@imtac.com
TAG1801472,2018-03-31,"2008-03-31 00:00:00",382059,CPY1906567,2019-03-15,"2020-09-02 15:12:00",300,Rent,Posted,2017-09-23,2017-10-22,amishd@imtac.com
TAG1900381,2019-10-31,"2008-03-31 00:00:00",382816,CPY1907227,2019-03-25,"2020-09-02 15:12:00",795,Rent,Posted,2019-02-01,2019-02-28,amishd@imtac.com
TAG1803084,2019-09-30,"2008-03-31 00:00:00",383847,CPY1907979,2019-04-05,"2020-09-02 15:12:00",290,Rent,Posted,2019-04-01,2019-04-30,amishd@imtac.com
TAG1900381,2019-10-31,"2008-03-31 00:00:00",383993,CPY1908124,2019-04-05,"2020-09-02 15:12:00",795,Rent,Posted,2019-03-01,2019-03-31,amishd@imtac.com
TAG1804082,2019-11-30,"2008-03-31 00:00:00",384413,CPY1908505,2019-04-07,"2020-09-02 15:12:00",280,Rent,Posted,2019-04-01,2019-04-30,amishd@imtac.com
TAG1801472,2018-03-31,"2008-03-31 00:00:00",385756,CPY1909755,2019-04-18,"2020-09-02 15:12:00",300,Rent,Posted,2017-10-23,2017-11-22,amishd@imtac.com
TAG1900381,2019-10-31,"2008-03-31 00:00:00",386427,CPY1910232,2019-04-29,"2020-09-02 15:12:00",795,Rent,Posted,2019-04-01,2019-04-30,amishd@imtac.com
TAG1800604,2018-10-31,"2008-03-31 00:00:00",387007,CPY1910681,2019-05-05,"2020-09-02 15:12:00",795,Rent,Posted,2018-06-01,2018-06-30,amishd@imtac.com
TAG1804082,2019-11-30,"2008-03-31 00:00:00",387528,CPY1911061,2019-05-12,"2020-09-02 15:12:00",280,Rent,Posted,2019-05-01,2019-05-31,amishd@imtac.com
TAG1901678,2019-05-31,"2008-03-31 00:00:00",388159,CPY1911632,2019-05-19,"2020-09-02 15:12:00",300,Rent,Posted,2018-06-01,2018-06-30,amishd@imtac.com
TAG1801472,2018-03-31,"2008-03-31 00:00:00",388375,CPY1911846,2019-05-17,"2020-09-02 15:12:00",300,Rent,Posted,2017-11-23,2017-12-22,amishd@imtac.com
TAG1803084,2019-09-30,"2008-03-31 00:00:00",389909,CPY1913081,2019-06-09,"2020-09-02 15:12:00",290,Rent,Posted,2019-05-01,2019-05-31,amishd@imtac.com
TAG1804082,2019-11-30,"2008-03-31 00:00:00",390648,CPY1913702,2019-06-12,"2020-09-02 15:12:00",280,Rent,Posted,2019-06-01,2019-06-30,amishd@imtac.com
TAG1901678,2019-05-31,"2008-03-31 00:00:00",391123,CPY1914168,2019-06-15,"2020-09-02 15:12:00",1000,Rent,Posted,2018-07-01,2018-09-30,amishd@imtac.com
TAG1901678,2019-05-31,"2008-03-31 00:00:00",392590,CPY1915394,2019-06-30,"2020-09-02 15:12:00",350,Rent,Posted,2018-10-01,2018-10-31,amishd@imtac.com
TAG1800604,2018-10-31,"2008-03-31 00:00:00",393168,CPY1915861,2019-07-02,"2020-09-02 15:12:00",795,Rent,Posted,2018-07-01,2018-07-31,amishd@imtac.com
TAG1804082,2019-11-30,"2008-03-31 00:00:00",395353,CPY1917794,2019-07-18,"2020-09-02 15:12:00",280,Rent,Posted,2019-07-01,2019-07-31,amishd@imtac.com
TAG1901678,2019-05-31,"2008-03-31 00:00:00",395600,CPY1917960,2019-07-30,"2020-09-02 15:12:00",450,Rent,Posted,2018-11-01,2018-11-30,amishd@imtac.com
TAG1803358,2019-08-31,"2008-03-31 00:00:00",395732,CPY1918008,2019-08-01,"2020-09-02 15:12:00",300,Rent,Posted,2018-09-01,2018-11-30,amishd@imtac.com
TAG1803358,2019-08-31,"2008-03-31 00:00:00",396880,CPY1919068,2019-08-08,"2020-09-02 15:12:00",700,Rent,Posted,2018-12-01,2019-06-30,amishd@imtac.com
TAG1803084,2019-09-30,"2008-03-31 00:00:00",398677,CPY1920493,2019-08-18,"2020-09-02 15:12:00",290,Rent,Posted,2019-06-01,2019-06-30,amishd@imtac.com
TAG1900262,2019-05-31,"2008-03-31 00:00:00",398785,CPY1920601,2019-09-18,"2020-09-02 15:12:00",525,Rent,Posted,2019-05-01,2019-05-31,amishd@imtac.com
TAG1800604,2018-10-31,"2008-03-31 00:00:00",413791,CPY2002389,2020-01-26,"2020-09-02 15:12:00",235,Rent,Posted,2018-09-01,2018-09-09,amishd@imtac.com
TAG1800604,2018-10-31,"2008-03-31 00:00:00",416768,CPY2004860,2020-02-25,"2020-09-02 15:12:00",175,Rent,Posted,2018-09-10,2018-09-16,amishd@imtac.com
TAG1800604,2018-10-31,"2008-03-31 00:00:00",419653,CPY2007250,2020-03-25,"2020-09-02 15:12:00",175,Rent,Posted,2018-09-17,2018-09-23,amishd@imtac.com
TAG1901678,2019-05-31,"2008-03-31 00:00:00",404884,CPY1925803,2019-10-30,"2020-09-02 15:12:00",400,Rent,Posted,2018-12-01,2018-12-31,amishd@imtac.com
TAG1800604,2018-10-31,"2008-03-31 00:00:00",405593,CPY1926392,2019-11-05,"2020-09-02 15:12:00",795,Rent,Posted,2018-08-01,2018-08-31,amishd@imtac.com
TAG1802659,2019-04-30,"2008-03-31 00:00:00",408043,CPY1928371,2019-12-03,"2020-09-02 15:12:00",950,Rent,Posted,2018-07-01,2018-08-31,amishd@imtac.com
TAG1901678,2019-05-31,"2008-03-31 00:00:00",408102,CPY1928430,2019-12-03,"2020-09-02 15:12:00",450,Rent,Posted,2019-01-01,2019-01-31,amishd@imtac.com
TAG1901678,2019-05-31,"2008-03-31 00:00:00",410981,CPY1930896,2019-12-31,"2020-09-02 15:12:00",350,Rent,Posted,2019-02-01,2019-02-28,amishd@imtac.com
TAG1802659,2019-04-30,"2008-03-31 00:00:00",413950,CPY2002462,2019-12-31,"2020-09-02 15:12:00",450,Rent,Posted,2018-09-01,2018-09-28,amishd@imtac.com
TAG1304046,2018-10-31,"2008-03-31 00:00:00",416973,CPY2004953,2020-02-02,"2020-09-02 15:12:00",31542.905,Rent,Posted,2017-05-15,2018-01-06,amishd@imtac.com
TAG1304046,2018-10-31,"2008-03-31 00:00:00",420749,CPY2008294,2020-03-25,"2020-09-02 15:12:00",12150,Rent,Posted,2018-04-01,2018-06-27,amishd@imtac.com
TAG1902219,2020-07-31,"2020-08-02 21:28:15",428682,CPY2015203,2020-07-12,"2020-09-01 15:05:23",200,Rent,Posted,2020-07-01,2020-07-31,samajid@alhabib.om
TAG1902434,2020-07-31,"2020-08-07 22:09:23",428668,CPY2015189,2020-07-12,"2020-09-01 15:05:22",160,Rent,Posted,2020-06-01,2020-06-30,samajid@alhabib.om
TAG2000182,2020-07-31,"2020-08-02 21:25:49",428622,CPY2015143,2020-07-12,"2020-09-01 14:37:21",150,Rent,Posted,2020-07-01,2020-07-31,samajid@alhabib.om
TAG2001559,2020-08-10,"2020-08-12 21:35:36",428621,CPY2015142,2020-07-12,"2020-09-01 14:37:20",265,Rent,Posted,2020-06-11,2020-07-10,samajid@alhabib.om
TAG1903713,2020-06-30,"2020-07-28 22:49:02",428581,CAR2002428,2020-08-10,"2020-08-31 14:13:33",57,General,Posted,,,dbabu@alhabib.om
TAG2001613,2020-07-31,"2020-08-12 21:36:58",428579,CAR2002426,2020-08-10,"2020-08-31 14:00:31",9.3,General,Posted,,,dbabu@alhabib.om
TAG2001613,2020-07-31,"2020-08-12 21:36:58",428578,CAR2002425,2020-08-10,"2020-08-31 12:59:59",70,General,Posted,,,dbabu@alhabib.om
TAG1903625,2020-07-31,"2020-08-02 21:30:06",428528,CPY2015083,2020-07-12,"2020-08-27 16:42:34",220,Rent,Posted,2020-07-01,2020-07-31,faheem@alhabib.om
TAG1902540,2020-07-31,"2020-08-02 21:30:33",428540,CPY2015095,2020-07-12,"2020-08-27 16:42:34",200,Rent,Posted,2020-07-01,2020-07-31,faheem@alhabib.om
TAG1901709,2020-07-31,"2020-08-07 22:08:46",428532,CPY2015087,2020-07-12,"2020-08-27 16:42:34",225,Rent,Posted,2020-07-01,2020-07-31,faheem@alhabib.om
TAG1902705,2020-08-31,"2020-08-02 21:05:21",428485,CPY2015042,2020-07-12,"2020-08-27 16:21:43",240,Rent,Posted,2020-08-01,2020-08-31,faheem@alhabib.om
TAG2000314,2020-07-31,"2020-08-03 20:28:14",428467,CPY2015024,2020-07-12,"2020-08-27 16:21:43",250,Rent,Posted,2020-07-01,2020-07-31,faheem@alhabib.om
TAG2000314,2020-07-31,"2020-08-03 20:28:14",428447,CAR2002393,2020-08-09,"2020-08-27 15:48:52",36,General,Posted,,,dbabu@alhabib.om
TAG2000314,2020-07-31,"2020-08-03 20:28:14",428446,CAR2002392,2020-08-09,"2020-08-27 15:45:54",137,General,Posted,,,dbabu@alhabib.om
TAG2000746,2020-08-10,"2020-08-12 21:34:28",428424,CPY2014988,2020-07-12,"2020-08-27 14:58:32",185,Rent,Posted,2020-07-11,2020-08-10,faheem@alhabib.om
TAG1903409,2020-07-31,"2020-08-11 22:42:51",428408,CPY2014973,2020-07-12,"2020-08-27 09:50:10",140,Rent,Posted,2020-04-01,2020-04-30,faheem@alhabib.om
TAG1903409,2020-07-31,"2020-08-11 22:42:51",428411,CPY2014976,2020-07-12,"2020-08-27 09:50:10",140,Rent,Posted,2020-07-01,2020-07-31,faheem@alhabib.om
TAG2000447,2021-01-31,"2008-03-31 00:00:00",428403,CPY2014968,2020-07-12,"2020-08-27 09:50:10",230,Rent,Posted,2020-07-01,2020-07-31,faheem@alhabib.om
TAG1903409,2020-07-31,"2020-08-11 22:42:51",428409,CPY2014974,2020-07-12,"2020-08-27 09:50:10",140,Rent,Posted,2020-05-01,2020-05-31,faheem@alhabib.om
TAG1903409,2020-07-31,"2020-08-11 22:42:51",428410,CPY2014975,2020-07-12,"2020-08-27 09:50:10",140,Rent,Posted,2020-06-01,2020-06-30,faheem@alhabib.om
TAG2001275,2021-05-10,"2008-03-31 00:00:00",428380,CPY2014945,2020-07-12,"2020-08-26 16:19:50",250,Rent,Posted,2020-07-11,2020-08-10,wasif.ahmed@alhabib.om
TAG1802330,2020-07-31,"2020-08-11 22:43:21",428333,CPY2014898,2020-07-09,"2020-08-25 17:03:20",280,Rent,Posted,2020-07-01,2020-07-31,wasif.ahmed@alhabib.om
TAG2001817,2020-07-15,"2020-08-10 12:47:29",428328,CPY2014893,2020-07-09,"2020-08-25 17:03:20",550,Rent,Posted,2020-06-16,2020-07-15,wasif.ahmed@alhabib.om
TAG2000031,2020-07-31,"2020-07-31 00:00:00",428314,CPY2014879,2020-07-09,"2020-08-25 17:03:19",230,Rent,Posted,2020-07-01,2020-07-31,wasif.ahmed@alhabib.om
TAG1903099,2020-07-31,"2020-08-02 21:28:57",428288,CPY2014853,2020-07-08,"2020-08-25 16:18:45",150,Deposit,Posted,2020-07-01,2020-07-31,wasif.ahmed@alhabib.om
TAG1902526,2020-07-31,"2020-08-12 21:33:44",428287,CPY2014852,2020-07-08,"2020-08-25 16:18:45",250,Rent,Posted,2020-07-01,2020-07-31,wasif.ahmed@alhabib.om
TAG1903732,2020-07-31,"2020-08-03 20:25:11",428272,CAR2002385,2020-08-06,"2020-08-24 16:39:36",76,General,Posted,,,dbabu@alhabib.om
TAG1903732,2020-07-31,"2020-08-03 20:25:11",428271,CAR2002384,2020-08-06,"2020-08-24 16:35:06",90,General,Posted,,,dbabu@alhabib.om
TAG2001964,2020-07-31,"2020-08-02 21:33:17",428269,CAR2002382,2020-08-03,"2020-08-24 16:19:54",350,Rent,Posted,2020-07-01,2020-07-31,dbabu@alhabib.om
TAG2002082,2020-08-01,"2020-08-12 21:36:02",428267,CAR2002380,2020-07-29,"2020-08-24 10:57:05",87,General,Posted,,,samajid@alhabib.om
TAG2001925,2020-07-31,"2020-08-02 21:31:22",428263,CAR2002376,2020-07-29,"2020-08-24 10:46:51",4,General,Pending,,,samajid@alhabib.om
TAG2001925,2020-07-31,"2020-08-02 21:31:22",428262,CAR2002375,2020-07-29,"2020-08-24 10:44:52",15,General,Posted,,,samajid@alhabib.om
TAG2001242,2020-07-31,"2020-08-02 21:25:04",428259,CAR2002372,2020-07-29,"2020-08-24 10:32:31",70,General,Posted,,,samajid@alhabib.om
TAG1903625,2020-07-31,"2020-08-02 21:30:06",428258,CAR2002371,2020-07-29,"2020-08-24 10:30:43",37.4,General,Posted,,,samajid@alhabib.om
TAG1903625,2020-07-31,"2020-08-02 21:30:06",428257,CAR2002370,2020-07-29,"2020-08-24 10:25:33",49,General,Posted,,,samajid@alhabib.om
TAG2000182,2020-07-31,"2020-08-02 21:25:49",428255,CAR2002368,2020-07-29,"2020-08-24 10:15:25",56.5,General,Posted,,,samajid@alhabib.om
TAG2000182,2020-07-31,"2020-08-02 21:25:49",428252,CAR2002367,2020-07-29,"2020-08-20 17:29:23",37.5,General,Posted,,,samajid@alhabib.om
TAG1901656,2020-05-15,"2020-08-11 22:42:00",428248,CAR2002363,2020-07-29,"2020-08-20 16:47:37",132.5,Rent,Posted,2020-05-01,2020-05-15,samajid@alhabib.om
TAG2001151,2020-07-31,"2020-08-02 21:05:51",428245,CAR2002361,2020-07-29,"2020-08-20 15:25:31",62,General,Posted,,,samajid@alhabib.om
TAG2001415,2020-07-31,"2020-08-02 21:22:02",428238,CAR2002354,2020-07-29,"2020-08-20 11:06:58",33,General,Pending,,,samajid@alhabib.om
TAG1903713,2020-06-30,"2020-07-28 22:49:02",428224,CAR2002340,2020-07-28,"2020-08-20 08:59:18",20,General,Pending,,,samajid@alhabib.om
TAG2000350,2021-01-31,"2008-03-31 00:00:00",428216,CAR2002332,2020-07-28,"2020-08-20 08:35:14",140,Rent,Posted,2020-08-01,2020-08-31,samajid@alhabib.om
TAG1902705,2020-08-31,"2020-08-02 21:05:21",428185,CAR2002324,2020-07-27,"2020-08-16 12:07:23",21,General,Posted,,,samajid@alhabib.om
TAG1902705,2020-08-31,"2020-08-02 21:05:21",428184,CAR2002323,2020-07-27,"2020-08-16 11:43:06",70,General,Posted,,,wasif.ahmed@alhabib.om
TAG1904052,2020-07-31,"2020-07-31 00:00:00",428173,CAR2002312,2020-07-26,"2020-08-16 08:52:17",98,General,Posted,,,samajid@alhabib.om
TAG1904052,2020-07-31,"2020-07-31 00:00:00",428172,CAR2002311,2020-07-26,"2020-08-16 08:50:12",104,General,Posted,,,samajid@alhabib.om
TAG2001291,2020-07-31,"2020-08-02 21:23:28",428170,CAR2002309,2020-07-26,"2020-08-16 08:42:16",66.7,General,Posted,,,samajid@alhabib.om
TAG2001291,2020-07-31,"2020-08-02 21:23:28",428169,CAR2002308,2020-07-26,"2020-08-16 08:40:02",90,General,Posted,,,wasif.ahmed@alhabib.om
TAG2001946,2020-07-31,"2020-08-11 22:42:23",428166,CAR2002305,2020-07-26,"2020-08-16 08:32:49",350,Rent,Posted,2020-07-01,2020-07-31,samajid@alhabib.om
TAG2000700,2020-07-26,"2020-07-26 22:08:05",428163,CAR2002302,2020-08-15,"2020-08-15 13:39:54",373.5,General,Posted,,,samajid@alhabib.om
TAG1902705,2020-08-31,"2020-08-02 21:05:21",428160,CAR2002299,2020-07-26,"2020-08-15 13:25:53",240,Rent,Posted,2020-07-01,2020-07-31,samajid@alhabib.om
TAG2001115,2020-07-31,"2020-08-02 21:20:18",428156,CPY2014821,2020-07-01,"2020-08-15 13:15:03",270,Rent,Posted,2020-06-01,2020-06-30,wasif.ahmed@alhabib.om
TAG2001115,2020-07-31,"2020-08-02 21:20:18",428155,CPY2014820,2020-07-01,"2020-08-15 13:13:53",270,Rent,Posted,2020-05-01,2020-05-31,wasif.ahmed@alhabib.om
TAG2001042,2020-07-31,"2020-08-07 22:09:45",428154,CAR2002295,2020-07-23,"2020-08-15 13:13:15",50,General,Posted,,,samajid@alhabib.om
TAG2001817,2020-07-15,"2020-08-10 12:47:29",428149,CAR2002294,2020-08-23,"2020-08-15 12:35:49",209.2,General,Posted,,,samajid@alhabib.om
TAG2001658,2020-08-10,"2020-08-11 22:42:59",428141,CAR2002290,2020-07-23,"2020-08-15 11:19:12",11,General,Posted,,,samajid@alhabib.om
TAG2001658,2020-08-10,"2020-08-11 22:42:59",428140,CAR2002289,2020-07-23,"2020-08-15 11:16:17",60,General,Posted,,,samajid@alhabib.om
TAG1900948,2020-03-31,"2008-03-31 00:00:00",428139,CAR2002288,2020-07-23,"2020-08-15 11:12:34",200,Rent,Posted,2020-02-01,2020-02-29,samajid@alhabib.om
TAG1901891,2020-07-26,"2020-07-26 22:07:32",428133,CAR2002282,2020-07-23,"2020-08-15 10:44:42",60,General,Posted,,,samajid@alhabib.om
TAG1901985,2020-06-30,"2008-03-31 00:00:00",428130,CAR2002280,2020-07-23,"2020-08-13 16:06:39",138.4,General,Posted,,,samajid@alhabib.om
TAG1903283,2020-07-26,"2020-07-26 22:07:47",428129,CAR2002279,2020-07-22,"2020-08-13 15:46:02",36.1,General,Posted,,,samajid@alhabib.om
TAG1903283,2020-07-26,"2020-07-26 22:07:47",428128,CAR2002278,2020-07-22,"2020-08-13 15:43:53",19,General,Posted,,,samajid@alhabib.om
TAG2000327,2020-06-30,"2020-07-22 22:00:46",428127,CAR2002277,2020-07-22,"2020-08-13 15:41:23",37.9,General,Posted,,,samajid@alhabib.om
TAG2001613,2020-07-31,"2020-08-12 21:36:58",428123,CAR2002275,2020-07-22,"2020-08-13 15:17:11",400,Rent,Posted,2020-06-01,2020-07-31,wasif.ahmed@alhabib.om
TAG1901891,2020-07-26,"2020-07-26 22:07:32",428113,CAR2002265,2020-07-22,"2020-08-12 13:01:46",24.6,General,Posted,,,samajid@alhabib.om
TAG1901891,2020-07-26,"2020-07-26 22:07:32",428112,CAR2002264,2020-07-22,"2020-08-12 12:22:41",300,Rent,Posted,2020-06-16,2020-07-15,samajid@alhabib.om
TAG1902121,2020-08-31,"2008-03-31 00:00:00",428109,CAR2002261,2020-07-21,"2020-08-12 12:10:40",690,Rent,Posted,2020-06-01,2020-08-31,samajid@alhabib.om
TAG1902121,2020-08-31,"2008-03-31 00:00:00",428108,CPY2014808,2020-07-08,"2020-08-12 11:58:33",230,Rent,Posted,2020-05-01,2020-05-31,wasif.ahmed@alhabib.om
TAG2001571,2020-07-15,"2020-07-24 20:25:39",428107,CAR2002260,2020-07-21,"2020-08-12 11:52:12",29.5,General,Posted,,,samajid@alhabib.om
TAG2001571,2020-07-15,"2020-07-24 20:25:39",428106,CAR2002259,2020-07-21,"2020-08-12 11:48:10",60,General,Posted,,,samajid@alhabib.om
TAG2001571,2020-07-15,"2020-07-24 20:25:39",428105,CAR2002258,2020-07-21,"2020-08-12 11:44:34",300,Rent,Posted,2020-06-16,2020-07-15,samajid@alhabib.om
TAG2001338,2020-07-24,"2020-07-24 21:06:20",428104,CAR2002257,2020-07-21,"2020-08-12 11:42:19",389,Rent,Posted,2020-06-01,2020-07-23,wasif.ahmed@alhabib.om
TAG2000027,2020-07-26,"2020-07-26 22:07:18",428103,CAR2002256,2020-07-21,"2020-08-12 11:40:05",100,General,Posted,,,samajid@alhabib.om
TAG2000027,2020-07-26,"2020-07-26 22:07:18",428102,CAR2002255,2020-07-21,"2020-08-12 11:26:06",250,Rent,Posted,2020-07-01,2020-07-31,samajid@alhabib.om
TAG2001518,2020-06-30,"2008-03-31 00:00:00",428093,CAR2002246,2020-07-21,"2020-08-12 10:41:23",60,General,Posted,,,samajid@alhabib.om
TAG2001495,2020-07-15,"2020-08-03 20:28:28",428087,CAR2002240,2020-07-20,"2020-08-11 16:11:22",1620,Rent,Posted,2020-04-16,2020-07-15,samajid@alhabib.om
TAG2001338,2020-07-24,"2020-07-24 21:06:20",428082,CAR2002235,2020-07-20,"2020-08-11 15:51:11",143,General,Posted,,,samajid@alhabib.om
TAG1903350,2020-06-30,"2020-07-24 21:07:06",428071,CAR2002225,2020-07-19,"2020-08-11 11:48:52",56,General,Posted,,,samajid@alhabib.om
TAG2001859,2020-07-15,"2008-03-31 00:00:00",428070,CAR2002224,2020-07-19,"2020-08-11 11:45:42",210,Deposit,Posted,,,samajid@alhabib.om
TAG2001223,2020-07-10,"2020-07-20 12:18:10",428048,CAR2002216,2020-07-15,"2020-08-10 15:33:23",450,Rent,Posted,2020-05-11,2020-06-10,samajid@alhabib.om
TAG2001223,2020-07-10,"2020-07-20 12:18:10",428047,CAR2002215,2020-07-15,"2020-08-10 15:28:52",40.7,General,Posted,,,samajid@alhabib.om
TAG2001223,2020-07-10,"2020-07-20 12:18:10",428044,CAR2002213,2020-07-15,"2020-08-10 15:21:57",100,General,Posted,,,samajid@alhabib.om
TAG1902634,2020-06-30,"2008-03-31 00:00:00",428039,CAR2002212,2020-07-15,"2020-08-10 14:55:40",170,Rent,Posted,2020-06-01,2020-06-30,samajid@alhabib.om
TAG1903350,2020-06-30,"2020-07-24 21:07:06",428032,CPY2014781,2020-06-30,"2020-08-10 13:57:22",200,Rent,Posted,2020-06-01,2020-06-30,wasif.ahmed@alhabib.om
TAG2001737,2020-06-30,"2008-03-31 00:00:00",428029,CAR2002211,2020-07-15,"2020-08-10 12:31:27",58.2,General,Posted,,,samajid@alhabib.om
TAG2001764,2020-06-30,"2020-07-20 12:16:45",428023,CAR2002206,2020-07-16,"2020-08-10 09:17:44",150,Rent,Posted,2020-06-01,2020-06-30,samajid@alhabib.om
TAG2001766,2020-06-30,"2020-07-20 22:17:54",428019,CAR2002202,2020-07-16,"2020-08-10 08:56:01",250,Rent,Posted,2020-06-01,2020-06-30,samajid@alhabib.om
TAG1902243,2020-06-30,"2008-03-31 00:00:00",428013,CAR2002196,2020-07-16,"2020-08-09 17:49:38",165.9,General,Posted,,,samajid@alhabib.om
TAG1902268,2020-05-31,"2008-03-31 00:00:00",428002,CAR2002187,2020-07-13,"2020-08-08 13:40:56",49.7,General,Pending,,,wasif.ahmed@alhabib.om
TAG1901891,2020-07-26,"2020-07-26 22:07:32",427999,CAR2002184,2020-07-13,"2020-08-08 13:17:49",900,Rent,Posted,2020-03-16,2020-06-15,wasif.ahmed@alhabib.om
TAG1901983,2020-05-31,"2008-03-31 00:00:00",427997,CAR2002182,2020-07-13,"2020-08-08 13:10:01",233,General,Posted,,,wasif.ahmed@alhabib.om
TAG2000391,2020-07-31,"2020-07-20 20:40:13",427994,CAR2002179,2020-07-14,"2020-08-08 13:00:32",88,General,Posted,,,wasif.ahmed@alhabib.om
TAG2000391,2020-07-31,"2020-07-20 20:40:13",427981,CAR2002167,2020-07-16,"2020-08-03 14:36:37",90,Rent,Posted,2020-07-01,2020-07-15,wasif.ahmed@alhabib.om
TAG2001524,2020-07-15,"2020-07-20 12:18:40",427978,CAR2002164,2020-07-14,"2020-08-03 14:27:24",36.6,General,Posted,,,wasif.ahmed@alhabib.om
TAG1903704,2020-11-10,"2008-03-31 00:00:00",427970,CAR2002156,2020-07-12,"2020-08-03 13:17:10",465,Rent,Posted,2020-04-11,2020-07-10,wasif.ahmed@alhabib.om
TAG2001858,2020-07-15,"2020-07-24 20:25:13",427966,CAR2002152,2020-07-12,"2020-08-03 11:48:19",128,General,Posted,,,wasif.ahmed@alhabib.om
TAG2001858,2020-07-15,"2020-07-24 20:25:13",427965,CAR2002151,2020-07-12,"2020-08-03 11:45:25",285,Rent,Posted,2020-06-16,2020-07-15,wasif.ahmed@alhabib.om
TAG2000325,2020-07-31,"2020-08-02 21:21:39",427961,CAR2002147,2020-07-15,"2020-08-03 11:32:43",88.5,General,Posted,,,wasif.ahmed@alhabib.om
TAG2000325,2020-07-31,"2020-08-02 21:21:39",427960,CAR2002146,2020-07-15,"2020-08-03 11:28:56",250,Rent,Posted,2020-07-01,2020-07-31,wasif.ahmed@alhabib.om
TAG2001875,2020-07-22,"2020-07-22 22:00:19",427959,CAR2002145,2020-07-15,"2020-08-03 11:08:49",50,General,Posted,,,wasif.ahmed@alhabib.om
TAG2001875,2020-07-22,"2020-07-22 22:00:19",427958,CAR2002144,2020-07-15,"2020-08-02 15:05:12",29.4,General,Posted,,,wasif.ahmed@alhabib.om
TAG2001875,2020-07-22,"2020-07-22 22:00:19",427957,CAR2002143,2020-07-15,"2020-08-02 14:39:20",260,Rent,Posted,2020-06-01,2020-06-26,wasif.ahmed@alhabib.om
TAG1903663,2020-05-15,"2008-03-31 00:00:00",426283,CAR2001898,2020-06-25,"2020-07-15 00:00:00",2,General,Posted,2020-06-25,2020-06-25,amishd@imtac.com
TAG1903663,2020-05-15,"2008-03-31 00:00:00",426282,CAR2001897,2020-06-25,"2020-07-15 00:00:00",45,Rent,Posted,2020-05-15,2020-05-15,amishd@imtac.com
TAG2001029,2020-06-30,"2008-03-31 00:00:00",426281,CAR2001896,2020-06-25,"2020-07-15 00:00:00",350,Rent,Posted,2020-06-01,2020-06-30,amishd@imtac.com
TAG2001029,2020-06-30,"2008-03-31 00:00:00",426278,CAR2001895,2020-06-25,"2020-07-15 00:00:00",316.3,General,Posted,2020-06-25,2020-06-25,amishd@imtac.com
TAG2000256,2020-06-30,"2008-03-31 00:00:00",426258,CAR2001892,2020-06-25,"2020-07-15 00:00:00",220,Rent,Posted,2020-05-01,2020-06-30,amishd@imtac.com
TAG2001518,2020-06-30,"2008-03-31 00:00:00",426256,CPY2013395,2020-06-24,"2020-07-15 00:00:00",260,Rent,Posted,2020-06-01,2020-06-30,amishd@imtac.com
TAG2001673,2020-06-30,"2008-03-31 00:00:00",426254,CPY2013394,2020-06-06,"2020-07-15 00:00:00",330,Rent,Posted,2020-06-01,2020-06-30,amishd@imtac.com
TAG2001625,2020-06-30,"2008-03-31 00:00:00",426204,CAR2001865,2020-06-22,"2020-07-15 00:00:00",102.7,General,Posted,2020-06-22,2020-06-22,amishd@imtac.com
TAG1902636,2020-06-30,"2008-03-31 00:00:00",426203,CPY2013368,2020-06-01,"2020-07-15 00:00:00",150,Rent,Posted,2019-12-01,2019-12-31,amishd@imtac.com
TAG1902187,2020-06-30,"2008-03-31 00:00:00",426197,CAR2001859,2020-06-22,"2020-07-15 00:00:00",975,Rent,Posted,2020-04-01,2020-06-30,amishd@imtac.com
TAG1903558,2020-06-30,"2008-03-31 00:00:00",426194,CAR2001856,2020-06-22,"2020-07-15 00:00:00",4,General,Posted,2020-06-22,2020-06-22,amishd@imtac.com
TAG2001584,2020-06-15,"2008-03-31 00:00:00",426193,CAR2001855,2020-06-22,"2020-07-15 00:00:00",170,Rent,Posted,2020-05-16,2020-06-15,amishd@imtac.com
TAG2001625,2020-06-30,"2008-03-31 00:00:00",426192,CPY2013367,2020-06-21,"2020-07-15 00:00:00",470,Rent,Posted,2020-06-01,2020-06-30,amishd@imtac.com
TAG2000704,2020-05-31,"2008-03-31 00:00:00",426185,CPY2013362,2020-06-18,"2020-07-15 00:00:00",800,Rent,Posted,2020-04-01,2020-05-31,amishd@imtac.com
TAG1902534,2020-04-30,"2020-04-30 00:00:00",426170,CAR2001849,2020-06-21,"2020-07-15 00:00:00",51.9,General,Posted,2020-06-21,2020-06-21,amishd@imtac.com
TAG1902534,2020-04-30,"2020-04-30 00:00:00",426168,CAR2001848,2020-06-21,"2020-07-15 00:00:00",65,Rent,Posted,2020-04-30,2020-04-30,amishd@imtac.com
TAG1902534,2020-04-30,"2020-04-30 00:00:00",426153,CAR2001847,2020-06-21,"2020-07-15 00:00:00",175,Rent,Posted,2020-04-06,2020-04-30,amishd@imtac.com
TAG2000440,2020-06-20,"2008-03-31 00:00:00",426152,CAR2001846,2020-06-21,"2020-07-15 00:00:00",30,General,Posted,2020-06-21,2020-06-21,amishd@imtac.com
TAG2000440,2020-06-20,"2008-03-31 00:00:00",426151,CAR2001845,2020-06-21,"2020-07-15 00:00:00",50,Rent,Posted,2020-06-20,2020-06-20,amishd@imtac.com
TAG1902210,2020-07-15,"2008-03-31 00:00:00",426020,CPY2013205,2020-06-17,"2020-07-15 00:00:00",240,Rent,Posted,2020-06-16,2020-07-15,amishd@imtac.com
TAG2000694,2020-07-15,"2008-03-31 00:00:00",425972,CPY2013157,2020-06-15,"2020-07-15 00:00:00",870,Rent,Posted,2020-04-16,2020-07-15,amishd@imtac.com
TAG1903666,2020-11-30,"2008-03-31 00:00:00",425941,CPY2013126,2020-06-15,"2020-07-15 00:00:00",250,Rent,Posted,2020-06-01,2020-06-30,amishd@imtac.com
TAG1903116,2020-06-30,"2020-06-30 00:00:00",425915,CPY2013100,2020-06-15,"2020-07-15 00:00:00",200,Rent,Posted,2020-02-01,2020-02-29,amishd@imtac.com
TAG2001113,2020-06-30,"2008-03-31 00:00:00",425883,CPY2013069,2020-06-15,"2020-07-15 00:00:00",170,Rent,Posted,2020-06-01,2020-06-30,amishd@imtac.com
TAG1903434,2020-10-31,"2008-03-31 00:00:00",425870,CPY2013056,2020-06-15,"2020-07-15 00:00:00",185,Rent,Posted,2020-05-01,2020-05-31,amishd@imtac.com
TAG2000839,2020-05-31,"2008-03-31 00:00:00",425834,CPY2013022,2020-06-14,"2020-07-15 00:00:00",975,Rent,Posted,2020-03-01,2020-05-31,amishd@imtac.com
TAG2001275,2021-05-10,"2008-03-31 00:00:00",425793,CPY2012981,2020-06-11,"2020-07-15 00:00:00",250,Rent,Posted,2020-06-11,2020-07-10,amishd@imtac.com
TAG1902007,2020-06-30,"2008-03-31 00:00:00",425715,CPY2012903,2020-06-10,"2020-07-15 00:00:00",200,Rent,Posted,2020-06-01,2020-06-30,amishd@imtac.com
TAG2001252,2020-06-30,"2008-03-31 00:00:00",425623,CPY2012811,2020-06-17,"2020-07-15 00:00:00",250,Rent,Posted,2020-05-01,2020-05-31,amishd@imtac.com
TAG1901991,2020-06-30,"2008-03-31 00:00:00",425621,CPY2012809,2020-06-10,"2020-07-15 00:00:00",250,Rent,Posted,2020-06-01,2020-06-30,amishd@imtac.com
TAG1903751,2020-06-30,"2008-03-31 00:00:00",425571,CAR2001841,2020-06-21,"2020-07-15 00:00:00",52.2,Rent,Posted,2020-06-30,2020-06-30,amishd@imtac.com
TAG2000447,2021-01-31,"2008-03-31 00:00:00",425508,CPY2012697,2020-06-10,"2020-07-15 00:00:00",230,Rent,Posted,2020-06-01,2020-06-30,amishd@imtac.com
TAG2001606,2020-06-15,"2020-06-15 00:00:00",425426,CAR2001831,2020-06-17,"2020-07-15 00:00:00",101.7,General,Posted,2020-06-17,2020-06-17,amishd@imtac.com
TAG2001606,2020-06-15,"2020-06-15 00:00:00",425425,CAR2001830,2020-06-17,"2020-07-15 00:00:00",85,Rent,Posted,2020-06-01,2020-06-15,amishd@imtac.com
TAG2001497,2020-06-19,"2008-03-31 00:00:00",425413,CAR2001828,2020-06-17,"2020-07-15 00:00:00",23.6,General,Posted,2020-06-17,2020-06-17,amishd@imtac.com
TAG2001497,2020-06-19,"2008-03-31 00:00:00",425412,CAR2001827,2020-06-17,"2020-07-15 00:00:00",10,Rent,Posted,2020-06-19,2020-06-19,amishd@imtac.com
TAG2001497,2020-06-19,"2008-03-31 00:00:00",425411,CAR2001826,2020-06-17,"2020-07-15 00:00:00",230,Rent,Posted,2020-05-20,2020-06-19,amishd@imtac.com
TAG2001393,2020-06-25,"2008-03-31 00:00:00",425388,CAR2001819,2020-06-16,"2020-07-15 00:00:00",57.3,General,Posted,2020-06-16,2020-06-16,amishd@imtac.com
TAG1903682,2020-05-31,"2008-03-31 00:00:00",425382,CAR2001816,2020-06-16,"2020-07-15 00:00:00",80.75,General,Posted,2020-06-16,2020-06-16,amishd@imtac.com
TAG1903682,2020-05-31,"2008-03-31 00:00:00",425381,CAR2001815,2020-06-16,"2020-07-15 00:00:00",70,Rent,Posted,2020-05-31,2020-05-31,amishd@imtac.com
TAG2001497,2020-06-19,"2008-03-31 00:00:00",425334,CPY2012550,2020-06-07,"2020-07-15 00:00:00",460,Rent,Posted,2020-03-20,2020-05-19,amishd@imtac.com
TAG1902170,2020-06-30,"2008-03-31 00:00:00",425330,CPY2012546,2020-06-07,"2020-07-15 00:00:00",350,Rent,Posted,2020-06-01,2020-06-30,amishd@imtac.com
TAG1902055,2020-06-30,"2008-03-31 00:00:00",425294,CPY2012510,2020-06-07,"2020-07-15 00:00:00",200,Rent,Posted,2020-06-01,2020-06-30,amishd@imtac.com
TAG1902139,2020-06-30,"2020-06-30 00:00:00",425282,CPY2012498,2020-06-07,"2020-07-15 00:00:00",250,Rent,Posted,2020-06-01,2020-06-30,amishd@imtac.com
TAG2001712,2020-06-29,"2008-03-31 00:00:00",426614,CAR2001976,2020-01-01,"2020-07-15 00:00:00",350,Rent,Posted,2017-11-01,2018-03-15,amishd@imtac.com
TAG1901794,2020-06-05,"2008-03-31 00:00:00",425225,CPY2012441,2020-06-07,"2020-07-15 00:00:00",250,Rent,Posted,2020-05-06,2020-06-05,amishd@imtac.com
TAG1901985,2020-06-30,"2008-03-31 00:00:00",425163,CPY2012379,2020-06-07,"2020-07-15 00:00:00",225,Rent,Posted,2020-06-01,2020-06-30,amishd@imtac.com
TAG1901918,2020-06-30,"2008-03-31 00:00:00",425104,CPY2012322,2020-06-07,"2020-07-15 00:00:00",200,Rent,Posted,2020-06-01,2020-06-30,amishd@imtac.com
TAG1903666,2020-11-30,"2008-03-31 00:00:00",427577,CPY2014500,2020-07-05,"2020-07-15 00:00:00",250,Rent,Posted,2020-07-01,2020-07-31,amishd@imtac.com
TAG1903116,2020-06-30,"2020-06-30 00:00:00",427797,CPY2014709,2020-07-07,"2020-07-15 00:00:00",400,Rent,Posted,2020-03-01,2020-04-30,amishd@imtac.com
TAG2001782,2020-06-30,"2008-03-31 00:00:00",427833,CPY2014744,2020-07-07,"2020-07-15 00:00:00",700,Rent,Posted,2020-05-01,2020-06-30,amishd@imtac.com
TAG1902467,2020-06-30,"2008-03-31 00:00:00",425090,CPY2012308,2020-06-07,"2020-07-15 00:00:00",290,Rent,Posted,2020-06-01,2020-06-30,amishd@imtac.com
TAG1903751,2020-06-30,"2008-03-31 00:00:00",425013,CPY2012231,2020-06-07,"2020-07-15 00:00:00",150,Rent,Posted,2020-06-01,2020-06-30,amishd@imtac.com
TAG2001570,2020-05-31,"2008-03-31 00:00:00",424983,CPY2012203,2020-06-15,"2020-07-15 00:00:00",487.5,Rent,Posted,2020-04-15,2020-05-31,amishd@imtac.com
TAG2001570,2020-05-31,"2008-03-31 00:00:00",424979,CAR2001807,2020-06-15,"2020-07-15 00:00:00",102,General,Posted,2020-06-15,2020-06-15,amishd@imtac.com
TAG1902069,2020-06-30,"2008-03-31 00:00:00",424897,CPY2012122,2020-06-07,"2020-07-15 00:00:00",250,Rent,Posted,2020-05-01,2020-05-31,amishd@imtac.com
TAG1903702,2019-12-05,"2019-12-05 00:00:00",424873,CPY2012101,2020-06-01,"2020-07-15 00:00:00",140,General,Posted,2020-06-14,2020-06-14,amishd@imtac.com
TAG1903702,2019-12-05,"2019-12-05 00:00:00",424872,CPY2012100,2020-06-01,"2020-07-15 00:00:00",1820,Rent,Posted,2018-10-06,2019-12-05,amishd@imtac.com
TAG1703589,2018-10-05,"2018-10-05 00:00:00",424866,CPY2012099,2020-06-01,"2020-07-15 00:00:00",390,Rent,Posted,2018-07-06,2018-10-05,amishd@imtac.com
TAG2001418,2020-06-30,"2008-03-31 00:00:00",424865,CAR2001796,2020-06-14,"2020-07-15 00:00:00",180,Rent,Posted,2020-06-01,2020-06-30,amishd@imtac.com
TAG1903943,2020-06-30,"2008-03-31 00:00:00",424863,CAR2001794,2020-06-14,"2020-07-15 00:00:00",160,General,Posted,2020-06-14,2020-06-14,amishd@imtac.com
TAG1903943,2020-06-30,"2008-03-31 00:00:00",424862,CAR2001793,2020-06-14,"2020-07-15 00:00:00",50,Rent,Posted,2020-06-30,2020-06-30,amishd@imtac.com
TAG1903943,2020-06-30,"2008-03-31 00:00:00",424861,CAR2001792,2020-06-14,"2020-07-15 00:00:00",825,Rent,Posted,2020-04-01,2020-06-30,amishd@imtac.com
TAG1902583,2020-06-30,"2008-03-31 00:00:00",424851,CAR2001783,2020-06-11,"2020-07-15 00:00:00",82,General,Posted,2020-06-11,2020-06-11,amishd@imtac.com
TAG1902583,2020-06-30,"2008-03-31 00:00:00",424850,CAR2001782,2020-06-11,"2020-07-15 00:00:00",50,Rent,Posted,2020-06-30,2020-06-30,amishd@imtac.com
TAG1902583,2020-06-30,"2008-03-31 00:00:00",424849,CAR2001781,2020-06-11,"2020-07-15 00:00:00",340,Rent,Posted,2020-06-01,2020-06-30,amishd@imtac.com
TAG2000440,2020-06-20,"2008-03-31 00:00:00",424847,CAR2001779,2020-06-11,"2020-07-15 00:00:00",100,Rent,Posted,2020-06-06,2020-06-20,amishd@imtac.com
TAG1900529,2020-03-31,"2020-03-31 00:00:00",424826,CAR2001768,2020-06-10,"2020-07-15 00:00:00",22,General,Posted,2020-06-10,2020-06-10,amishd@imtac.com
TAG1900529,2020-03-31,"2020-03-31 00:00:00",424825,CAR2001767,2020-06-10,"2020-07-15 00:00:00",65,Rent,Posted,2020-03-31,2020-03-31,amishd@imtac.com
TAG1902442,2020-05-31,"2008-03-31 00:00:00",424824,CAR2001766,2020-06-10,"2020-07-15 00:00:00",37.5,Rent,Posted,2020-06-30,2020-06-30,amishd@imtac.com
TAG1902442,2020-05-31,"2008-03-31 00:00:00",424823,CAR2001765,2020-06-10,"2020-07-15 00:00:00",117,General,Posted,2020-06-10,2020-06-10,amishd@imtac.com
TAG1902442,2020-05-31,"2008-03-31 00:00:00",424822,CAR2001764,2020-06-10,"2020-07-15 00:00:00",50,Rent,Posted,2020-06-30,2020-06-30,amishd@imtac.com
TAG1903254,2020-05-31,"2008-03-31 00:00:00",424809,CAR2001753,2020-06-09,"2020-07-15 00:00:00",21.9,General,Posted,2020-06-09,2020-06-09,amishd@imtac.com
TAG1903254,2020-05-31,"2008-03-31 00:00:00",424808,CAR2001752,2020-06-09,"2020-07-15 00:00:00",35,Rent,Posted,2020-05-31,2020-05-31,amishd@imtac.com
TAG2001526,2020-06-30,"2020-06-30 00:00:00",424807,CPY2012085,2020-05-31,"2020-07-15 00:00:00",1375,Rent,Posted,2020-01-01,2020-05-31,amishd@imtac.com
TAG2001496,2020-05-31,"2008-03-31 00:00:00",424770,CAR2001751,2020-06-09,"2020-07-15 00:00:00",42.9,General,Posted,2020-06-09,2020-06-09,amishd@imtac.com
TAG2001496,2020-05-31,"2008-03-31 00:00:00",424769,CAR2001750,2020-06-09,"2020-07-15 00:00:00",32.1,Rent,Posted,2020-05-31,2020-05-31,amishd@imtac.com
TAG2001496,2020-05-31,"2008-03-31 00:00:00",424768,CAR2001749,2020-06-09,"2020-07-15 00:00:00",210,Rent,Posted,2020-05-01,2020-05-31,amishd@imtac.com
TAG2000760,2020-05-31,"2008-03-31 00:00:00",424584,CAR2001748,2020-06-09,"2020-07-15 00:00:00",32,General,Posted,2020-06-09,2020-06-09,amishd@imtac.com
TAG2000760,2020-05-31,"2008-03-31 00:00:00",424583,CAR2001747,2020-06-09,"2020-07-15 00:00:00",90,Rent,Posted,2020-05-31,2020-05-31,amishd@imtac.com
TAG1901825,2020-05-31,"2008-03-31 00:00:00",424525,CAR2001746,2020-06-09,"2020-07-15 00:00:00",25.2,General,Posted,2020-06-09,2020-06-09,amishd@imtac.com
TAG1901825,2020-05-31,"2008-03-31 00:00:00",424524,CAR2001745,2020-06-09,"2020-07-15 00:00:00",60,Rent,Posted,2020-05-31,2020-05-31,amishd@imtac.com
TAG1902892,2020-06-30,"2008-03-31 00:00:00",424473,CPY2011758,2020-06-01,"2020-07-15 00:00:00",350,Rent,Posted,2020-06-01,2020-06-30,amishd@imtac.com
TAG1903154,2020-05-31,"2008-03-31 00:00:00",424465,CAR2001739,2020-06-09,"2020-07-15 00:00:00",153,Rent,Posted,2020-05-31,2020-05-31,amishd@imtac.com
TAG1902148,2020-06-30,"2008-03-31 00:00:00",424450,CPY2011741,2020-06-01,"2020-07-15 00:00:00",265,Rent,Posted,2020-06-01,2020-06-30,amishd@imtac.com
TAG1902191,2020-06-30,"2008-03-31 00:00:00",424439,CPY2011730,2020-06-01,"2020-07-15 00:00:00",280,Rent,Posted,2020-06-01,2020-06-30,amishd@imtac.com
TAG1902442,2020-05-31,"2008-03-31 00:00:00",424337,CPY2011628,2020-06-01,"2020-07-15 00:00:00",250,Rent,Posted,2020-06-01,2020-06-30,amishd@imtac.com
TAG2000905,2020-06-30,"2008-03-31 00:00:00",424310,CPY2011603,2020-06-09,"2020-07-15 00:00:00",260,Rent,Posted,2020-06-01,2020-06-30,amishd@imtac.com
TAG1901915,2020-05-31,"2008-03-31 00:00:00",424287,CAR2001726,2020-06-07,"2020-07-15 00:00:00",300,Rent,Posted,2020-04-01,2020-05-31,amishd@imtac.com
TAG1900784,2020-03-15,"2020-03-15 00:00:00",424284,CAR2001725,2020-06-07,"2020-07-15 00:00:00",15,General,Posted,2020-06-07,2020-06-07,amishd@imtac.com
TAG1900784,2020-03-15,"2020-03-15 00:00:00",424283,CAR2001724,2020-06-07,"2020-07-15 00:00:00",80,Rent,Posted,2020-03-15,2020-03-15,amishd@imtac.com
TAG2000350,2021-01-31,"2008-03-31 00:00:00",424280,CAR2001721,2020-06-07,"2020-07-15 00:00:00",140,Rent,Posted,2020-06-01,2020-06-30,amishd@imtac.com
TAG1903048,2020-06-30,"2008-03-31 00:00:00",424266,CPY2011580,2020-06-05,"2020-07-15 00:00:00",190,Rent,Posted,2020-05-01,2020-05-31,amishd@imtac.com
TAG2000440,2020-06-20,"2008-03-31 00:00:00",424265,CPY2011579,2020-06-01,"2020-07-15 00:00:00",200,Rent,Posted,2020-05-06,2020-06-05,amishd@imtac.com
TAG1903801,2020-05-31,"2008-03-31 00:00:00",424251,CAR2001712,2020-06-04,"2020-07-15 00:00:00",56,General,Posted,2020-06-04,2020-06-04,amishd@imtac.com
TAG1903801,2020-05-31,"2008-03-31 00:00:00",424250,CAR2001711,2020-06-04,"2020-07-15 00:00:00",149,Rent,Posted,2020-05-31,2020-05-31,amishd@imtac.com
TAG1903801,2020-05-31,"2008-03-31 00:00:00",424249,CAR2001710,2020-06-04,"2020-07-15 00:00:00",450,Rent,Posted,2020-04-01,2020-05-31,amishd@imtac.com
TAG2000858,2020-05-31,"2008-03-31 00:00:00",424248,CAR2001709,2020-06-04,"2020-07-15 00:00:00",70.6,General,Posted,2020-06-04,2020-06-04,amishd@imtac.com
TAG2000858,2020-05-31,"2008-03-31 00:00:00",424247,CAR2001708,2020-06-04,"2020-07-15 00:00:00",40.4,Rent,Posted,2020-05-31,2020-05-31,amishd@imtac.com
TAG2000874,2020-05-31,"2008-03-31 00:00:00",424222,CAR2001688,2020-06-02,"2020-07-15 00:00:00",300,General,Posted,2020-06-02,2020-06-02,amishd@imtac.com
TAG1903999,2020-05-31,"2008-03-31 00:00:00",424221,CPY2011563,2020-06-02,"2020-07-15 00:00:00",1890,Rent,Posted,2020-03-01,2020-05-31,amishd@imtac.com
TAG1902933,2020-05-31,"2008-03-31 00:00:00",424206,CAR2001679,2020-06-01,"2020-07-15 00:00:00",11,General,Posted,2020-06-01,2020-06-01,amishd@imtac.com
TAG1902933,2020-05-31,"2008-03-31 00:00:00",424205,CAR2001678,2020-06-01,"2020-07-15 00:00:00",45,Rent,Posted,2020-05-31,2020-05-31,amishd@imtac.com
TAG2001458,2020-05-31,"2008-03-31 00:00:00",424200,CPY2011552,2020-05-31,"2020-07-15 00:00:00",270,Rent,Posted,2020-05-01,2020-05-31,amishd@imtac.com
TAG1903663,2020-05-15,"2008-03-31 00:00:00",424147,CPY2011505,2020-05-31,"2020-07-15 00:00:00",357.5,Rent,Posted,2020-05-01,2020-05-15,amishd@imtac.com
TAG1903923,2020-06-30,"2020-06-30 00:00:00",424136,CPY2011495,2020-05-31,"2020-07-15 00:00:00",190,Rent,Posted,2020-06-01,2020-06-30,amishd@imtac.com
TAG1903850,2020-06-30,"2020-06-30 00:00:00",424113,CPY2011472,2020-05-31,"2020-07-15 00:00:00",1200,Rent,Posted,2020-04-01,2020-04-30,amishd@imtac.com
TAG1902268,2020-05-31,"2008-03-31 00:00:00",424111,CPY2011470,2020-05-31,"2020-07-15 00:00:00",85,Rent,Posted,2020-04-01,2020-04-15,amishd@imtac.com
TAG2001173,2020-02-15,"2020-02-15 00:00:00",424110,CPY2011469,2020-05-31,"2020-07-15 00:00:00",275,Rent,Posted,2020-01-01,2020-01-31,amishd@imtac.com
TAG1902634,2020-06-30,"2008-03-31 00:00:00",424098,CAR2001671,2020-06-01,"2020-07-15 00:00:00",170,Rent,Posted,2020-04-01,2020-04-30,amishd@imtac.com
TAG1901807,2020-05-31,"2008-03-31 00:00:00",424094,CAR2001670,2020-06-01,"2020-07-15 00:00:00",25,General,Posted,2020-06-01,2020-06-01,amishd@imtac.com
TAG1901807,2020-05-31,"2008-03-31 00:00:00",424089,CAR2001669,2020-06-01,"2020-07-15 00:00:00",15,Rent,Posted,2020-05-31,2020-05-31,amishd@imtac.com
TAG1903040,2020-05-31,"2008-03-31 00:00:00",424083,CAR2001668,2020-06-01,"2020-07-15 00:00:00",230,Rent,Posted,2020-05-01,2020-05-31,amishd@imtac.com
TAG1903040,2020-05-31,"2008-03-31 00:00:00",424078,CAR2001667,2020-06-01,"2020-07-15 00:00:00",113,General,Posted,2020-06-01,2020-06-01,amishd@imtac.com
TAG1902146,2020-06-30,"2008-03-31 00:00:00",424068,CAR2001666,2020-06-01,"2020-07-15 00:00:00",180,Rent,Posted,2020-05-01,2020-05-31,amishd@imtac.com
TAG1902778,2020-06-30,"2020-06-30 00:00:00",424061,CPY2011427,2020-05-31,"2020-07-15 00:00:00",325,Rent,Posted,2019-11-01,2019-11-30,amishd@imtac.com
TAG2001089,2020-06-30,"2008-03-31 00:00:00",423974,CPY2011345,2020-05-31,"2020-07-15 00:00:00",220,Rent,Posted,2020-04-01,2020-04-30,amishd@imtac.com
TAG1903999,2020-05-31,"2008-03-31 00:00:00",423965,CPY2011343,2020-04-30,"2020-07-15 00:00:00",1890,Rent,Posted,2019-12-01,2020-02-29,amishd@imtac.com
TAG2001393,2020-06-25,"2008-03-31 00:00:00",423963,CPY2011341,2020-05-31,"2020-07-15 00:00:00",720,Rent,Posted,2020-04-26,2020-06-25,amishd@imtac.com
TAG2001418,2020-06-30,"2008-03-31 00:00:00",423960,CAR2001650,2020-05-31,"2020-07-15 00:00:00",180,Rent,Posted,2020-05-01,2020-05-31,amishd@imtac.com
TAG2001205,2020-06-20,"2008-03-31 00:00:00",423958,CAR2001648,2020-05-31,"2020-07-15 00:00:00",180,Rent,Posted,2020-05-21,2020-06-20,amishd@imtac.com
TAG2000760,2020-05-31,"2008-03-31 00:00:00",423956,CAR2001646,2020-05-31,"2020-07-15 00:00:00",325,Rent,Posted,2020-05-01,2020-05-31,amishd@imtac.com
TAG1902583,2020-06-30,"2008-03-31 00:00:00",423953,CPY2011339,2020-05-27,"2020-07-15 00:00:00",340,Rent,Posted,2020-05-01,2020-05-31,amishd@imtac.com
TAG1902583,2020-06-30,"2008-03-31 00:00:00",423952,CPY2011338,2020-05-27,"2020-07-15 00:00:00",340,Rent,Posted,2020-04-01,2020-04-30,amishd@imtac.com
TAG1903795,2020-11-21,"2008-03-31 00:00:00",423950,CPY2011336,2020-05-27,"2020-07-15 00:00:00",400,Rent,Posted,2020-05-22,2020-06-21,amishd@imtac.com
TAG1901910,2020-07-19,"2008-03-31 00:00:00",423912,CPY2011298,2020-05-27,"2020-07-15 00:00:00",200,Rent,Posted,2020-05-20,2020-06-19,amishd@imtac.com
TAG2000858,2020-05-31,"2008-03-31 00:00:00",423888,CPY2011274,2020-05-26,"2020-07-15 00:00:00",520,Rent,Posted,2020-04-01,2020-05-31,amishd@imtac.com
TAG1903448,2020-05-31,"2008-03-31 00:00:00",423876,CPY2011266,2020-05-27,"2020-07-15 00:00:00",520,Rent,Posted,2020-04-01,2020-05-31,amishd@imtac.com
TAG2001394,2020-05-31,"2008-03-31 00:00:00",423867,CPY2011258,2020-05-27,"2020-07-15 00:00:00",405,Rent,Posted,2020-04-16,2020-05-31,amishd@imtac.com
TAG1903558,2020-06-30,"2008-03-31 00:00:00",423851,CPY2011243,2020-05-27,"2020-07-15 00:00:00",158,General,Posted,2020-05-27,2020-05-27,amishd@imtac.com
TAG1903558,2020-06-30,"2008-03-31 00:00:00",423850,CPY2011242,2020-05-27,"2020-07-15 00:00:00",1875,Rent,Posted,2020-04-01,2020-06-30,amishd@imtac.com
TAG2001385,2020-04-30,"2008-03-31 00:00:00",423849,CAR2001638,2020-05-27,"2020-07-15 00:00:00",70,Rent,Posted,2020-04-16,2020-04-30,amishd@imtac.com
TAG1903434,2020-10-31,"2008-03-31 00:00:00",423826,CPY2011221,2020-05-24,"2020-07-15 00:00:00",185,Rent,Posted,2020-04-01,2020-04-30,amishd@imtac.com
TAG1901934,2020-05-31,"2008-03-31 00:00:00",423823,CPY2011218,2020-05-24,"2020-07-15 00:00:00",125,Rent,Posted,2020-02-01,2020-02-29,amishd@imtac.com
TAG1901934,2020-05-31,"2008-03-31 00:00:00",423822,CPY2011217,2020-05-24,"2020-07-15 00:00:00",125,Rent,Posted,2020-01-01,2020-01-31,amishd@imtac.com
TAG1901934,2020-05-31,"2008-03-31 00:00:00",423820,CPY2011215,2020-05-24,"2020-07-15 00:00:00",125,Rent,Posted,2019-12-01,2019-12-31,amishd@imtac.com
TAG2001450,2020-05-31,"2008-03-31 00:00:00",425434,CAR2001835,2020-06-18,"2020-07-15 00:00:00",150,General,Posted,2020-06-18,2020-06-18,amishd@imtac.com
TAG1902133,2020-06-15,"2008-03-31 00:00:00",425442,CAR2001837,2020-06-18,"2020-07-15 00:00:00",185,Rent,Posted,2020-05-16,2020-06-15,amishd@imtac.com
TAG1902133,2020-06-15,"2008-03-31 00:00:00",425443,CAR2001838,2020-06-18,"2020-07-15 00:00:00",98,Rent,Posted,2020-06-15,2020-06-15,amishd@imtac.com
TAG1902133,2020-06-15,"2008-03-31 00:00:00",425444,CAR2001839,2020-06-18,"2020-07-15 00:00:00",37.6,General,Posted,2020-06-18,2020-06-18,amishd@imtac.com
TAG1903154,2020-05-31,"2008-03-31 00:00:00",424466,CAR2001740,2020-06-09,"2020-07-15 00:00:00",9,General,Posted,2020-06-09,2020-06-09,amishd@imtac.com
TAG2001471,2020-07-15,"2008-03-31 00:00:00",427877,CAR2002130,2020-07-09,"2020-07-15 00:00:00",134,General,Posted,2020-07-09,2020-07-09,amishd@imtac.com
TAG2001471,2020-07-15,"2008-03-31 00:00:00",427876,CAR2002129,2020-07-09,"2020-07-15 00:00:00",40,Rent,Posted,2020-07-15,2020-07-15,amishd@imtac.com
TAG2001471,2020-07-15,"2008-03-31 00:00:00",427875,CAR2002128,2020-07-09,"2020-07-15 00:00:00",150,Rent,Posted,2020-07-01,2020-07-15,amishd@imtac.com
TAG2001471,2020-07-15,"2008-03-31 00:00:00",427871,CPY2014773,2020-07-09,"2020-07-15 00:00:00",300,Rent,Posted,2020-06-01,2020-06-30,amishd@imtac.com
TAG1902146,2020-06-30,"2008-03-31 00:00:00",427773,CPY2014685,2020-07-07,"2020-07-15 00:00:00",180,Rent,Posted,2020-06-01,2020-06-30,amishd@imtac.com
TAG1903048,2020-06-30,"2008-03-31 00:00:00",427762,CAR2002115,2020-07-09,"2020-07-15 00:00:00",38,Rent,Posted,2020-06-30,2020-06-30,amishd@imtac.com
TAG1903048,2020-06-30,"2008-03-31 00:00:00",427760,CAR2002113,2020-07-09,"2020-07-15 00:00:00",57.6,General,Posted,2020-07-09,2020-07-09,amishd@imtac.com
TAG1903048,2020-06-30,"2008-03-31 00:00:00",427759,CAR2002112,2020-07-09,"2020-07-15 00:00:00",50,Rent,Posted,2020-06-30,2020-06-30,amishd@imtac.com
TAG1903048,2020-06-30,"2008-03-31 00:00:00",427758,CAR2002111,2020-07-09,"2020-07-15 00:00:00",190,Rent,Posted,2020-06-01,2020-06-30,amishd@imtac.com
TAG1902243,2020-06-30,"2008-03-31 00:00:00",427756,CAR2002109,2020-07-09,"2020-07-15 00:00:00",340,Rent,Posted,2020-05-01,2020-06-30,amishd@imtac.com
TAG1902341,2020-06-30,"2008-03-31 00:00:00",427750,CPY2014671,2020-07-06,"2020-07-15 00:00:00",450,Rent,Posted,2020-04-01,2020-06-30,amishd@imtac.com
TAG1902340,2020-06-30,"2008-03-31 00:00:00",427749,CPY2014670,2020-07-06,"2020-07-15 00:00:00",300,Rent,Posted,2020-04-01,2020-06-30,amishd@imtac.com
TAG2000025,2020-06-30,"2020-06-30 00:00:00",427698,CAR2002107,2020-07-08,"2020-07-15 00:00:00",82,Rent,Posted,2020-06-30,2020-06-30,amishd@imtac.com
TAG2000025,2020-06-30,"2020-06-30 00:00:00",427697,CAR2002106,2020-07-08,"2020-07-15 00:00:00",550,Rent,Posted,2020-05-01,2020-06-30,amishd@imtac.com
TAG2001366,2020-06-30,"2008-03-31 00:00:00",427474,CAR2002104,2020-07-08,"2020-07-15 00:00:00",250,Rent,Posted,2020-05-23,2020-06-30,amishd@imtac.com
TAG2001366,2020-06-30,"2008-03-31 00:00:00",427473,CPY2014398,2020-07-07,"2020-07-15 00:00:00",52,General,Posted,2020-07-08,2020-07-08,amishd@imtac.com
TAG2001366,2020-06-30,"2008-03-31 00:00:00",427472,CPY2014397,2020-07-07,"2020-07-15 00:00:00",20,Rent,Posted,2020-05-22,2020-05-22,amishd@imtac.com
TAG1902146,2020-06-30,"2008-03-31 00:00:00",427189,CAR2002096,2020-07-07,"2020-07-15 00:00:00",140,General,Posted,2020-07-07,2020-07-07,amishd@imtac.com
TAG1902187,2020-06-30,"2008-03-31 00:00:00",427188,CAR2002095,2020-07-07,"2020-07-15 00:00:00",98.7,General,Posted,2020-07-07,2020-07-07,amishd@imtac.com
TAG1902467,2020-06-30,"2008-03-31 00:00:00",426932,CAR2002093,2020-07-07,"2020-07-15 00:00:00",16.2,General,Posted,2020-07-07,2020-07-07,amishd@imtac.com
TAG1902467,2020-06-30,"2008-03-31 00:00:00",426931,CAR2002092,2020-07-07,"2020-07-15 00:00:00",70,Rent,Posted,2020-06-30,2020-06-30,amishd@imtac.com
TAG2000350,2021-01-31,"2008-03-31 00:00:00",426889,CAR2002080,2020-07-06,"2020-07-15 00:00:00",140,Rent,Posted,2020-07-01,2020-07-31,amishd@imtac.com
TAG2001253,2020-05-31,"2008-03-31 00:00:00",426872,CPY2013826,2020-07-05,"2020-07-15 00:00:00",101.5,General,Posted,2020-07-06,2020-07-06,amishd@imtac.com
TAG2001113,2020-06-30,"2008-03-31 00:00:00",426868,CAR2002074,2020-07-06,"2020-07-15 00:00:00",33.8,General,Posted,2020-07-06,2020-07-06,amishd@imtac.com
TAG2001113,2020-06-30,"2008-03-31 00:00:00",426867,CAR2002073,2020-07-06,"2020-07-15 00:00:00",18.5,Rent,Posted,2020-06-30,2020-06-30,amishd@imtac.com
TAG1901991,2020-06-30,"2008-03-31 00:00:00",426854,CAR2002066,2020-07-06,"2020-07-15 00:00:00",102.7,General,Posted,2020-07-06,2020-07-06,amishd@imtac.com
TAG1901991,2020-06-30,"2008-03-31 00:00:00",426853,CAR2002065,2020-07-06,"2020-07-15 00:00:00",50,Rent,Posted,2020-06-30,2020-06-30,amishd@imtac.com
TAG1904008,2020-06-15,"2008-03-31 00:00:00",426852,CAR2002064,2020-07-06,"2020-07-15 00:00:00",3.3,General,Posted,2020-07-06,2020-07-06,amishd@imtac.com
TAG1904008,2020-06-15,"2008-03-31 00:00:00",426851,CAR2002063,2020-07-06,"2020-07-15 00:00:00",50,Rent,Posted,2020-06-15,9202-06-15,amishd@imtac.com
TAG1902069,2020-06-30,"2008-03-31 00:00:00",426820,CAR2002050,2020-07-05,"2020-07-15 00:00:00",109,General,Posted,2020-07-05,2020-07-05,amishd@imtac.com
TAG1902069,2020-06-30,"2008-03-31 00:00:00",426819,CAR2002049,2020-07-05,"2020-07-15 00:00:00",70,Rent,Posted,2020-05-31,2020-05-31,amishd@imtac.com
TAG2001418,2020-06-30,"2008-03-31 00:00:00",426812,CAR2002042,2020-07-05,"2020-07-15 00:00:00",9,Rent,Posted,2020-06-30,2020-06-30,amishd@imtac.com
TAG1902170,2020-06-30,"2008-03-31 00:00:00",426806,CAR2002037,2020-07-05,"2020-07-15 00:00:00",33.9,General,Posted,2020-07-05,2020-07-05,amishd@imtac.com
TAG1902170,2020-06-30,"2008-03-31 00:00:00",426805,CAR2002036,2020-07-05,"2020-07-15 00:00:00",50,Rent,Posted,2020-06-30,2020-06-30,amishd@imtac.com
TAG2001252,2020-06-30,"2008-03-31 00:00:00",426803,CAR2002034,2020-07-05,"2020-07-15 00:00:00",76,General,Posted,2020-07-05,2020-07-05,amishd@imtac.com
TAG2001252,2020-06-30,"2008-03-31 00:00:00",426802,CAR2002033,2020-07-05,"2020-07-15 00:00:00",40,Rent,Posted,2020-06-30,2020-06-30,amishd@imtac.com
TAG2001252,2020-06-30,"2008-03-31 00:00:00",426801,CAR2002032,2020-07-05,"2020-07-15 00:00:00",250,Rent,Posted,2020-06-01,2020-06-30,amishd@imtac.com
TAG2000941,2020-05-31,"2008-03-31 00:00:00",426794,CAR2002028,2020-07-02,"2020-07-15 00:00:00",113,General,Posted,2020-07-02,2020-07-02,amishd@imtac.com
TAG2000941,2020-05-31,"2008-03-31 00:00:00",426791,CAR2002026,2020-07-02,"2020-07-15 00:00:00",1050,Rent,Posted,2020-03-01,2020-05-31,amishd@imtac.com
TAG2001089,2020-06-30,"2008-03-31 00:00:00",426788,CAR2002023,2020-07-02,"2020-07-15 00:00:00",18,General,Posted,2020-07-02,2020-07-02,amishd@imtac.com
TAG2001089,2020-06-30,"2008-03-31 00:00:00",426787,CAR2002022,2020-07-02,"2020-07-15 00:00:00",50,Rent,Posted,2020-06-30,2020-06-30,amishd@imtac.com
TAG2000694,2020-07-15,"2008-03-31 00:00:00",426785,CAR2002020,2020-07-02,"2020-07-15 00:00:00",70,Rent,Posted,2020-07-15,2020-07-15,amishd@imtac.com
TAG1902148,2020-06-30,"2008-03-31 00:00:00",426776,CAR2002012,2020-07-02,"2020-07-15 00:00:00",70,Rent,Posted,2020-06-30,2020-06-30,amishd@imtac.com
TAG1903492,2020-06-30,"2008-03-31 00:00:00",426746,CAR2002001,2020-07-01,"2020-07-15 00:00:00",140,Rent,Posted,2020-06-30,2020-06-30,amishd@imtac.com
TAG1903408,2020-06-30,"2008-03-31 00:00:00",426744,CAR2002000,2020-07-01,"2020-07-15 00:00:00",42.3,General,Posted,2020-07-01,2020-07-01,amishd@imtac.com
TAG1903408,2020-06-30,"2008-03-31 00:00:00",426743,CAR2001999,2020-07-01,"2020-07-15 00:00:00",96,Rent,Posted,2020-06-30,2020-06-30,amishd@imtac.com
TAG2001458,2020-05-31,"2008-03-31 00:00:00",426740,CAR2001997,2020-07-01,"2020-07-15 00:00:00",32,General,Posted,2020-07-01,2020-07-01,amishd@imtac.com
TAG2001673,2020-06-30,"2008-03-31 00:00:00",426735,CAR2001992,2020-07-01,"2020-07-15 00:00:00",62.8,General,Posted,2020-07-01,2020-07-01,amishd@imtac.com
TAG1702254,2017-01-04,"2017-01-04 00:00:00",426737,CAR2001994,2020-07-01,"2020-07-15 00:00:00",400,Rent,Posted,2016-12-10,2017-01-04,amishd@imtac.com
TAG1903492,2020-06-30,"2008-03-31 00:00:00",426747,CAR2002002,2020-07-01,"2020-07-15 00:00:00",135,General,Posted,2020-07-01,2020-07-01,amishd@imtac.com
TAG2001089,2020-06-30,"2008-03-31 00:00:00",426754,CPY2013778,2020-06-30,"2020-07-15 00:00:00",220,Rent,Posted,2020-06-01,2020-06-30,amishd@imtac.com
TAG2001089,2020-06-30,"2008-03-31 00:00:00",426753,CPY2013777,2020-06-30,"2020-07-15 00:00:00",220,Rent,Posted,2020-05-01,2020-05-31,amishd@imtac.com
TAG1902140,2020-05-31,"2008-03-31 00:00:00",426718,CPY2013760,2020-06-28,"2020-07-15 00:00:00",300,Rent,Posted,2020-05-01,2020-05-31,amishd@imtac.com
TAG1902140,2020-05-31,"2008-03-31 00:00:00",426717,CPY2013759,2020-06-28,"2020-07-15 00:00:00",300,Rent,Posted,2020-04-01,2020-04-30,amishd@imtac.com
TAG1902140,2020-05-31,"2008-03-31 00:00:00",426716,CPY2013758,2020-06-28,"2020-07-15 00:00:00",300,Rent,Posted,2020-03-01,2020-03-31,amishd@imtac.com
TAG1901934,2020-05-31,"2008-03-31 00:00:00",426680,CPY2013724,2020-06-28,"2020-07-15 00:00:00",125,Rent,Posted,2020-05-01,2020-05-31,amishd@imtac.com
TAG1901934,2020-05-31,"2008-03-31 00:00:00",426679,CPY2013723,2020-06-28,"2020-07-15 00:00:00",125,Rent,Posted,2020-04-01,2020-04-30,amishd@imtac.com
TAG1901934,2020-05-31,"2008-03-31 00:00:00",426678,CPY2013722,2020-06-28,"2020-07-15 00:00:00",125,Rent,Posted,2020-03-01,2020-03-31,amishd@imtac.com
TAG1902243,2020-06-30,"2008-03-31 00:00:00",426615,CAR2001977,2020-06-30,"2020-07-15 00:00:00",340,Rent,Posted,2020-03-01,2020-04-30,amishd@imtac.com
TAG2001725,2020-06-30,"2008-03-31 00:00:00",426613,CAR2001975,2020-06-30,"2020-07-15 00:00:00",150,Rent,Posted,2020-06-01,2020-06-30,amishd@imtac.com
TAG1901983,2020-05-31,"2008-03-31 00:00:00",426609,CAR2001971,2020-06-30,"2020-07-15 00:00:00",240,Rent,Posted,2020-04-16,2020-05-31,amishd@imtac.com
TAG2001410,2020-06-30,"2008-03-31 00:00:00",426606,CPY2013665,2020-06-30,"2020-07-15 00:00:00",500,Rent,Posted,2020-05-01,2020-06-30,amishd@imtac.com
TAG1901983,2020-05-31,"2008-03-31 00:00:00",426605,CAR2001970,2020-06-30,"2020-07-15 00:00:00",320,Rent,Posted,2020-02-16,2020-04-15,amishd@imtac.com
TAG2000704,2020-05-31,"2008-03-31 00:00:00",426599,CAR2001964,2020-06-30,"2020-07-15 00:00:00",193.3,General,Posted,2020-06-30,2020-06-30,amishd@imtac.com
TAG2000704,2020-05-31,"2008-03-31 00:00:00",426598,CAR2001963,2020-06-30,"2020-07-15 00:00:00",50,Rent,Posted,2020-05-31,2020-05-31,amishd@imtac.com
TAG1903408,2020-06-30,"2008-03-31 00:00:00",426592,CAR2001957,2020-06-30,"2020-07-15 00:00:00",225,Rent,Posted,2020-06-01,2020-06-30,amishd@imtac.com
TAG1902636,2020-06-30,"2008-03-31 00:00:00",426564,CPY2013638,2020-06-23,"2020-07-15 00:00:00",150,Rent,Posted,2020-01-01,2020-01-31,amishd@imtac.com
TAG2001156,2020-06-30,"2008-03-31 00:00:00",426563,CAR2001955,2020-06-29,"2020-07-15 00:00:00",700,Rent,Posted,2020-06-01,2020-06-30,amishd@imtac.com
TAG2001156,2020-06-30,"2008-03-31 00:00:00",426562,CAR2001954,2020-06-29,"2020-07-15 00:00:00",292.2,General,Posted,2020-06-29,2020-06-29,amishd@imtac.com
TAG2001471,2020-07-15,"2008-03-31 00:00:00",426561,CPY2013637,2020-06-25,"2020-07-15 00:00:00",300,Rent,Posted,2020-05-01,2020-05-31,amishd@imtac.com
TAG2000905,2020-06-30,"2008-03-31 00:00:00",426544,CAR2001951,2020-06-29,"2020-07-15 00:00:00",28.2,General,Posted,2020-06-29,2020-06-29,amishd@imtac.com
TAG1903448,2020-05-31,"2008-03-31 00:00:00",426538,CAR2001950,2020-06-29,"2020-07-15 00:00:00",140.8,General,Posted,2020-06-29,2020-06-29,amishd@imtac.com
TAG1903663,2020-05-15,"2008-03-31 00:00:00",426534,CPY2013615,2020-06-30,"2020-07-15 00:00:00",357.5,Rent,Posted,2020-06-16,2020-06-30,amishd@imtac.com
TAG1903408,2020-06-30,"2008-03-31 00:00:00",426529,CAR2001948,2020-06-29,"2020-07-15 00:00:00",675,Rent,Posted,2020-03-01,2020-05-31,amishd@imtac.com
TAG1903492,2020-06-30,"2008-03-31 00:00:00",426525,CAR2001947,2020-06-29,"2020-07-15 00:00:00",400,Rent,Posted,2020-05-01,2020-06-30,amishd@imtac.com
TAG1902007,2020-06-30,"2008-03-31 00:00:00",426521,CAR2001946,2020-06-29,"2020-07-15 00:00:00",34.8,General,Posted,2020-06-29,2020-06-29,amishd@imtac.com
TAG1902007,2020-06-30,"2008-03-31 00:00:00",426520,CAR2001945,2020-06-29,"2020-07-15 00:00:00",70,Rent,Posted,2020-06-30,2020-06-30,amishd@imtac.com
TAG1903850,2020-06-30,"2020-06-30 00:00:00",426497,CPY2013583,2020-06-30,"2020-07-15 00:00:00",600,Rent,Posted,2020-05-01,2020-05-15,amishd@imtac.com
TAG1902268,2020-05-31,"2008-03-31 00:00:00",426496,CPY2013582,2020-06-30,"2020-07-15 00:00:00",85,Rent,Posted,2020-05-16,2020-05-31,amishd@imtac.com
TAG1901658,2020-05-31,"2008-03-31 00:00:00",426492,CAR2001943,2020-06-29,"2020-07-15 00:00:00",6,General,Posted,2020-06-29,2020-06-29,amishd@imtac.com
TAG1901658,2020-05-31,"2008-03-31 00:00:00",426491,CAR2001942,2020-06-29,"2020-07-15 00:00:00",40,Rent,Posted,2020-05-31,2020-05-31,amishd@imtac.com
TAG1902778,2020-06-30,"2020-06-30 00:00:00",426488,CPY2013576,2020-06-30,"2020-07-15 00:00:00",162.5,Rent,Posted,2019-12-01,2019-12-15,amishd@imtac.com
TAG2001428,2020-05-31,"2008-03-31 00:00:00",426466,CAR2001934,2020-06-29,"2020-07-15 00:00:00",237,General,Posted,2020-06-29,2020-06-29,amishd@imtac.com
TAG2001428,2020-05-31,"2008-03-31 00:00:00",426464,CAR2001933,2020-06-29,"2020-07-15 00:00:00",40,Rent,Posted,2020-05-31,2020-05-31,amishd@imtac.com
TAG2001428,2020-05-31,"2008-03-31 00:00:00",426455,CAR2001932,2020-06-29,"2020-07-15 00:00:00",190,Rent,Posted,2020-05-01,2020-05-31,amishd@imtac.com
TAG1903795,2020-11-21,"2008-03-31 00:00:00",426437,CPY2013538,2020-06-22,"2020-07-15 00:00:00",400,Rent,Posted,2020-06-22,2020-07-21,amishd@imtac.com
TAG2001618,2020-06-30,"2008-03-31 00:00:00",426433,CPY2013534,2020-06-22,"2020-07-15 00:00:00",360,Rent,Posted,2020-06-01,2020-06-30,amishd@imtac.com
TAG1901910,2020-07-19,"2008-03-31 00:00:00",426395,CPY2013497,2020-06-22,"2020-07-15 00:00:00",200,Rent,Posted,2020-06-20,2020-07-19,amishd@imtac.com
TAG2000321,2020-12-31,"2008-03-31 00:00:00",426346,CPY2013462,2020-06-23,"2020-07-15 00:00:00",1050,Rent,Posted,2020-01-01,2020-06-30,amishd@imtac.com
TAG1900029,2019-12-31,"2008-03-31 00:00:00",426345,CPY2013461,2020-06-23,"2020-07-15 00:00:00",2100,Rent,Posted,2019-01-01,2019-12-31,amishd@imtac.com
TAG1902634,2020-06-30,"2008-03-31 00:00:00",426340,CAR2001913,2020-06-28,"2020-07-15 00:00:00",170,Rent,Posted,2020-05-01,2020-05-31,amishd@imtac.com
TAG1903663,2020-05-15,"2008-03-31 00:00:00",426315,CPY2013440,2020-06-01,"2020-07-15 00:00:00",715,Rent,Posted,2020-05-16,2020-06-15,amishd@imtac.com
TAG2000036,2020-06-30,"2008-03-31 00:00:00",426304,CAR2001904,2020-06-25,"2020-07-15 00:00:00",19.3,General,Posted,2020-06-25,2020-06-25,amishd@imtac.com
TAG2000036,2020-06-30,"2008-03-31 00:00:00",426303,CAR2001903,2020-06-25,"2020-07-15 00:00:00",20,Rent,Posted,2020-03-31,2020-03-31,amishd@imtac.com
TAG1902268,2020-05-31,"2008-03-31 00:00:00",426301,CPY2013428,2020-06-01,"2020-07-15 00:00:00",170,Rent,Posted,2020-04-16,2020-05-15,amishd@imtac.com
TAG2001173,2020-02-15,"2020-02-15 00:00:00",426300,CPY2013427,2020-06-01,"2020-07-15 00:00:00",137.5,Rent,Posted,2020-02-01,2020-02-15,amishd@imtac.com
TAG1902892,2020-06-30,"2008-03-31 00:00:00",426299,CAR2001902,2020-06-25,"2020-07-15 00:00:00",125.5,General,Posted,2020-06-25,2020-06-25,amishd@imtac.com
TAG2001737,2020-06-30,"2008-03-31 00:00:00",426780,CPY2013793,2020-07-02,"2020-07-15 00:00:00",200,Rent,Posted,2020-06-01,2020-06-30,amishd@imtac.com
TAG2000256,2020-06-30,"2008-03-31 00:00:00",426811,CAR2002041,2020-07-05,"2020-07-15 00:00:00",38.5,Rent,Posted,2020-06-30,2020-06-30,amishd@imtac.com
TAG2001366,2020-06-30,"2008-03-31 00:00:00",426870,CPY2013824,2020-07-01,"2020-07-15 00:00:00",150,Rent,Posted,2020-05-01,2020-05-22,amishd@imtac.com
TAG1903420,2020-03-31,"2020-03-31 00:00:00",422527,CAR2001573,2020-05-07,"2020-05-01 00:00:00",79.1,General,Posted,,,amishd@imtac.com
TAG1903601,2020-05-31,"2008-03-31 00:00:00",407439,CAR1905142,2019-11-20,"2020-05-01 00:00:00",380,Rent,Posted,2019-12-01,2020-01-31,amishd@imtac.com
TAG1603271,2016-10-31,"2016-10-31 00:00:00",291557,CAR1604371,2016-10-11,"2020-05-01 00:00:00",170,Deposit,Posted,,,amishd@imtac.com
TAG1903448,2020-05-31,"2008-03-31 00:00:00",410586,CAR1905646,2019-12-24,"2020-05-01 00:00:00",260,Deposit,Posted,,,amishd@imtac.com
TAG2000036,2020-06-30,"2008-03-31 00:00:00",411160,CAR2000090,2020-01-05,"2020-05-01 00:00:00",180,Deposit,Posted,,,amishd@imtac.com
TAG2000874,2020-05-31,"2008-03-31 00:00:00",423506,CAR2001618,2020-05-19,"2020-05-01 00:00:00",600,Rent,Posted,2020-04-01,2020-05-31,amishd@imtac.com
TAG2001205,2020-06-20,"2008-03-31 00:00:00",422293,CAR2001563,2020-05-06,"2020-05-01 00:00:00",180,Rent,Posted,2020-04-21,2020-05-20,amishd@imtac.com
TAG1901209,2020-03-31,"2008-03-31 00:00:00",422904,CAR2001589,2020-05-12,"2020-05-01 00:00:00",40,Rent,Posted,2020-03-31,2020-03-31,amishd@imtac.com
TAG1901658,2020-05-31,"2008-03-31 00:00:00",422346,CAR2001565,2020-05-06,"2020-05-01 00:00:00",150,Deposit,Posted,,,amishd@imtac.com
TAG1903420,2020-03-31,"2020-03-31 00:00:00",422528,CAR2001574,2020-05-07,"2020-05-01 00:00:00",10,Rent,Posted,2020-03-31,2020-03-31,amishd@imtac.com
TAG1902634,2020-06-30,"2008-03-31 00:00:00",423517,CAR2001625,2020-05-20,"2020-05-01 00:00:00",170,Rent,Posted,2020-03-01,2020-03-31,amishd@imtac.com
TAG1902467,2020-06-30,"2008-03-31 00:00:00",422692,CPY2010147,2020-05-07,"2020-05-01 00:00:00",290,Rent,Posted,2020-05-01,2020-05-31,amishd@imtac.com
TAG1902534,2020-04-30,"2020-04-30 00:00:00",423634,CPY2011037,2020-05-17,"2020-05-01 00:00:00",210,Rent,Posted,2020-03-06,2020-04-05,amishd@imtac.com
TAG1903154,2020-05-31,"2008-03-31 00:00:00",423231,CPY2010658,2020-05-10,"2020-05-01 00:00:00",250,Rent,Posted,2020-04-01,2020-04-30,amishd@imtac.com
TAG1903154,2020-05-31,"2008-03-31 00:00:00",423491,CPY2010907,2020-05-14,"2020-05-01 00:00:00",250,Rent,Posted,2020-05-01,2020-05-31,amishd@imtac.com
TAG1903751,2020-06-30,"2008-03-31 00:00:00",422632,CPY2010087,2020-05-07,"2020-05-01 00:00:00",150,Rent,Posted,2020-05-01,2020-05-31,amishd@imtac.com
TAG1903795,2020-11-21,"2008-03-31 00:00:00",423371,CPY2010798,2020-05-10,"2020-05-01 00:00:00",400,Rent,Posted,2020-04-22,2020-05-21,amishd@imtac.com
TAG2000447,2021-01-31,"2008-03-31 00:00:00",423077,CPY2010504,2020-05-10,"2020-05-01 00:00:00",230,Rent,Posted,2020-05-01,2020-05-31,amishd@imtac.com
TAG2001029,2020-06-30,"2008-03-31 00:00:00",423178,CPY2010605,2020-05-10,"2020-05-01 00:00:00",350,Rent,Posted,2020-05-01,2020-05-31,amishd@imtac.com
TAG2001015,2020-05-15,"2008-03-31 00:00:00",423513,CPY2010920,2020-05-19,"2020-05-01 00:00:00",830,Rent,Posted,2020-03-16,2020-05-15,amishd@imtac.com
TAG2001113,2020-06-30,"2008-03-31 00:00:00",423599,CPY2011002,2020-05-17,"2020-05-01 00:00:00",170,Rent,Posted,2020-05-01,2020-05-31,amishd@imtac.com
TAG2001275,2021-05-10,"2008-03-31 00:00:00",423408,CPY2010825,2020-05-14,"2020-05-01 00:00:00",250,Rent,Posted,2020-05-11,2020-06-10,amishd@imtac.com
TAG2001156,2020-06-30,"2008-03-31 00:00:00",423539,CPY2010942,2020-05-17,"2020-05-01 00:00:00",700,Rent,Posted,2020-05-01,2020-05-31,amishd@imtac.com
TAG1903627,2020-05-31,"2008-03-31 00:00:00",422108,CPY2009578,2020-05-03,"2020-05-01 00:00:00",205,Rent,Posted,2020-05-01,2020-05-31,amishd@imtac.com
TAG1902442,2020-05-31,"2008-03-31 00:00:00",422121,CPY2009591,2020-05-03,"2020-05-01 00:00:00",250,Rent,Posted,2020-05-01,2020-05-31,amishd@imtac.com
TAG1303465,2014-10-31,"2008-03-31 00:00:00",192377,CPY1329911,2013-12-12,"2020-05-01 00:00:00",225,Rent,Posted,2013-11-01,2013-11-30,amishd@imtac.com
TAG1303465,2014-10-31,"2008-03-31 00:00:00",195128,CPY1401566,2014-01-13,"2020-05-01 00:00:00",225,Rent,Posted,2013-12-01,2013-12-31,amishd@imtac.com
TAG1303465,2014-10-31,"2008-03-31 00:00:00",197880,CPY1403893,2014-02-12,"2020-05-01 00:00:00",225,Rent,Posted,2014-01-01,2014-01-31,amishd@imtac.com
TAG1303465,2014-10-31,"2008-03-31 00:00:00",200690,CPY1406260,2014-03-12,"2020-05-01 00:00:00",225,Rent,Posted,2014-02-01,2014-02-28,amishd@imtac.com
TAG1303465,2014-10-31,"2008-03-31 00:00:00",203358,CPY1408409,2014-04-14,"2020-05-01 00:00:00",225,Rent,Posted,2014-03-01,2014-03-31,amishd@imtac.com
TAG1303465,2014-10-31,"2008-03-31 00:00:00",206272,CPY1410849,2014-05-13,"2020-05-01 00:00:00",225,Rent,Posted,2014-04-01,2014-04-30,amishd@imtac.com
TAG1303465,2014-10-31,"2008-03-31 00:00:00",209078,CPY1413212,2014-06-12,"2020-05-01 00:00:00",225,Rent,Posted,2014-05-01,2014-05-31,amishd@imtac.com
TAG1303465,2014-10-31,"2008-03-31 00:00:00",211924,CPY1415562,2014-07-13,"2020-05-01 00:00:00",225,Rent,Posted,2014-06-01,2014-06-30,amishd@imtac.com
TAG1303465,2014-10-31,"2008-03-31 00:00:00",213641,CPY1416985,2014-08-12,"2020-05-01 00:00:00",225,Rent,Posted,2014-07-01,2014-07-31,amishd@imtac.com
TAG1303465,2014-10-31,"2008-03-31 00:00:00",219285,CPY1421729,2014-10-13,"2020-05-01 00:00:00",225,Rent,Posted,2014-09-01,2014-09-30,amishd@imtac.com
TAG1500031,2016-01-31,"2008-03-31 00:00:00",234897,CPY1506943,2015-03-22,"2020-05-01 00:00:00",2400,Rent,Posted,2015-02-01,2016-01-31,amishd@imtac.com
TAG1503601,2016-10-31,"2008-03-31 00:00:00",261639,CPY1529597,2015-12-14,"2020-05-01 00:00:00",225,Rent,Posted,2015-12-01,2015-12-31,amishd@imtac.com
TAG1503601,2016-10-31,"2008-03-31 00:00:00",266119,CPY1602770,2016-02-02,"2020-05-01 00:00:00",225,Rent,Posted,2016-01-01,2016-01-31,amishd@imtac.com
TAG1503601,2016-10-31,"2008-03-31 00:00:00",268881,CPY1605227,2016-02-17,"2020-05-01 00:00:00",225,Rent,Posted,2016-02-01,2016-02-29,amishd@imtac.com
TAG1503601,2016-10-31,"2008-03-31 00:00:00",271211,CPY1607184,2016-03-13,"2020-05-01 00:00:00",225,Rent,Posted,2016-03-01,2016-03-31,amishd@imtac.com
TAG1503601,2016-10-31,"2008-03-31 00:00:00",274588,CPY1609968,2016-04-12,"2020-05-01 00:00:00",225,Rent,Posted,2016-04-01,2016-04-30,amishd@imtac.com
TAG1503601,2016-10-31,"2008-03-31 00:00:00",277802,CPY1612656,2016-05-12,"2020-05-01 00:00:00",225,Rent,Posted,2016-05-01,2016-05-31,amishd@imtac.com
TAG1503601,2016-10-31,"2008-03-31 00:00:00",280190,CPY1614534,2016-06-19,"2020-05-01 00:00:00",225,Rent,Posted,2016-06-01,2016-06-30,amishd@imtac.com
TAG1503601,2016-10-31,"2008-03-31 00:00:00",283661,CPY1617604,2016-07-13,"2020-05-01 00:00:00",225,Rent,Posted,2016-07-01,2016-07-31,amishd@imtac.com
TAG1503601,2016-10-31,"2008-03-31 00:00:00",287299,CPY1620785,2016-08-19,"2020-05-01 00:00:00",225,Rent,Posted,2016-08-01,2016-08-31,amishd@imtac.com
TAG1503601,2016-10-31,"2008-03-31 00:00:00",291430,CPY1624251,2016-10-01,"2020-05-01 00:00:00",225,Rent,Posted,2016-09-01,2016-09-30,amishd@imtac.com
TAG1503601,2016-10-31,"2008-03-31 00:00:00",293231,CPY1625950,2016-10-13,"2020-05-01 00:00:00",225,Rent,Posted,2016-10-01,2016-10-31,amishd@imtac.com
TAG1600704,2017-01-31,"2008-03-31 00:00:00",283335,CPY1617287,2016-07-01,"2020-05-01 00:00:00",3000,Rent,Posted,2016-02-01,2017-01-31,amishd@imtac.com
TAG2000606,2020-03-31,"2020-03-31 00:00:00",420751,CAR2001488,2020-04-14,"2020-05-01 00:00:00",2,General,Posted,,,amishd@imtac.com
TAG1704444,2018-05-20,"2008-03-31 00:00:00",355768,CPY1815308,2018-06-26,"2020-05-01 00:00:00",945,Rent,Posted,2017-12-21,2018-03-20,amishd@imtac.com
TAG1704444,2018-05-20,"2008-03-31 00:00:00",368013,CPY1825597,2018-09-30,"2020-05-01 00:00:00",630,Rent,Posted,2018-03-21,2018-05-20,amishd@imtac.com
TAG1704452,2018-07-19,"2008-03-31 00:00:00",343028,CPY1804594,2018-02-24,"2020-05-01 00:00:00",255,Rent,Posted,2018-02-20,2018-03-19,amishd@imtac.com
TAG1704452,2018-07-19,"2008-03-31 00:00:00",346420,CPY1807436,2018-03-25,"2020-05-01 00:00:00",255,Rent,Posted,2018-03-20,2018-04-19,amishd@imtac.com
TAG1704446,2018-07-15,"2008-03-31 00:00:00",349160,CPY1809716,2018-04-19,"2020-05-01 00:00:00",780,Rent,Posted,2018-01-16,2018-04-15,amishd@imtac.com
TAG1704446,2018-07-15,"2008-03-31 00:00:00",349161,CPY1809717,2018-04-19,"2020-05-01 00:00:00",260,Rent,Posted,2018-04-16,2018-05-15,amishd@imtac.com
TAG1704445,2018-05-31,"2008-03-31 00:00:00",349514,CPY1810043,2018-04-22,"2020-05-01 00:00:00",945,Rent,Posted,2018-01-01,2018-03-31,amishd@imtac.com
TAG1704447,2018-05-31,"2008-03-31 00:00:00",349516,CPY1810045,2018-04-22,"2020-05-01 00:00:00",945,Rent,Posted,2018-01-01,2018-03-31,amishd@imtac.com
TAG1704450,2018-05-31,"2008-03-31 00:00:00",349517,CPY1810046,2018-04-22,"2020-05-01 00:00:00",945,Rent,Posted,2018-01-01,2018-03-31,amishd@imtac.com
TAG1704452,2018-07-19,"2008-03-31 00:00:00",349643,CPY1810112,2018-04-26,"2020-05-01 00:00:00",255,Rent,Posted,2018-04-20,2018-05-19,amishd@imtac.com
TAG1704446,2018-07-15,"2008-03-31 00:00:00",352215,CPY1812279,2018-05-18,"2020-05-01 00:00:00",260,Rent,Posted,2018-05-16,2018-06-15,amishd@imtac.com
TAG1704452,2018-07-19,"2008-03-31 00:00:00",352585,CPY1812598,2018-05-23,"2020-05-01 00:00:00",255,Rent,Posted,2018-05-20,2018-06-19,amishd@imtac.com
TAG1704452,2018-07-19,"2008-03-31 00:00:00",354257,CPY1813878,2018-06-24,"2020-05-01 00:00:00",255,Rent,Posted,2018-06-20,2018-07-19,amishd@imtac.com
TAG1704446,2018-07-15,"2008-03-31 00:00:00",354437,CPY1814056,2018-06-24,"2020-05-01 00:00:00",260,Rent,Posted,2018-06-16,2018-07-15,amishd@imtac.com
TAG1704453,2018-11-21,"2008-03-31 00:00:00",364931,CPY1823035,2018-09-30,"2020-05-01 00:00:00",400,Rent,Posted,2018-01-22,2018-02-21,amishd@imtac.com
TAG1704447,2018-05-31,"2008-03-31 00:00:00",368016,CPY1825600,2018-09-30,"2020-05-01 00:00:00",630,Rent,Posted,2018-04-01,2018-05-31,amishd@imtac.com
TAG1704450,2018-05-31,"2008-03-31 00:00:00",368017,CPY1825601,2018-09-30,"2020-05-01 00:00:00",630,Rent,Posted,2018-04-01,2018-05-31,amishd@imtac.com
TAG1704457,2018-08-31,"2008-03-31 00:00:00",341128,CPY1802837,2018-02-09,"2020-05-01 00:00:00",260,Rent,Posted,2018-02-01,2018-02-28,amishd@imtac.com
TAG1704457,2018-08-31,"2008-03-31 00:00:00",345058,CPY1806271,2018-03-12,"2020-05-01 00:00:00",260,Rent,Posted,2018-03-01,2018-03-31,amishd@imtac.com
TAG1704457,2018-08-31,"2008-03-31 00:00:00",348401,CPY1809001,2018-04-15,"2020-05-01 00:00:00",260,Rent,Posted,2018-04-01,2018-04-30,amishd@imtac.com
TAG1704454,2018-05-31,"2008-03-31 00:00:00",349515,CPY1810044,2018-04-22,"2020-05-01 00:00:00",945,Rent,Posted,2018-01-01,2018-03-31,amishd@imtac.com
TAG1704457,2018-08-31,"2008-03-31 00:00:00",351581,CPY1811701,2018-05-10,"2020-05-01 00:00:00",260,Rent,Posted,2018-05-01,2018-05-31,amishd@imtac.com
TAG1704453,2018-11-21,"2008-03-31 00:00:00",364932,CPY1823036,2018-09-30,"2020-05-01 00:00:00",400,Rent,Posted,2018-02-22,2018-03-21,amishd@imtac.com
TAG1704453,2018-11-21,"2008-03-31 00:00:00",364933,CPY1823037,2018-09-30,"2020-05-01 00:00:00",400,Rent,Posted,2018-03-22,2018-04-21,amishd@imtac.com
TAG1704453,2018-11-21,"2008-03-31 00:00:00",364934,CPY1823038,2018-09-30,"2020-05-01 00:00:00",400,Rent,Posted,2018-04-22,2018-05-21,amishd@imtac.com
TAG1704453,2018-11-21,"2008-03-31 00:00:00",364935,CPY1823039,2018-09-30,"2020-05-01 00:00:00",400,Rent,Posted,2018-05-22,2018-06-21,amishd@imtac.com
TAG1704453,2018-11-21,"2008-03-31 00:00:00",364937,CPY1823041,2018-09-30,"2020-05-01 00:00:00",400,Rent,Posted,2018-07-22,2018-08-21,amishd@imtac.com
TAG1704453,2018-11-21,"2008-03-31 00:00:00",364938,CPY1823042,2018-09-30,"2020-05-01 00:00:00",400,Rent,Posted,2018-08-22,2018-09-21,amishd@imtac.com
TAG1704453,2018-11-21,"2008-03-31 00:00:00",364939,CPY1823043,2018-09-30,"2020-05-01 00:00:00",400,Rent,Posted,2018-09-22,2018-10-21,amishd@imtac.com
TAG1704453,2018-11-21,"2008-03-31 00:00:00",367994,CPY1825582,2018-10-26,"2020-05-01 00:00:00",400,Rent,Posted,2018-10-22,2018-11-21,amishd@imtac.com
TAG1704454,2018-05-31,"2008-03-31 00:00:00",368018,CPY1825602,2018-09-30,"2020-05-01 00:00:00",630,Rent,Posted,2018-04-01,2018-05-31,amishd@imtac.com
TAG1704455,2018-12-31,"2008-03-31 00:00:00",389049,CPY1912459,2019-04-30,"2020-05-01 00:00:00",2100,Rent,Posted,2018-01-01,2018-12-31,amishd@imtac.com
TAG1704457,2018-08-31,"2008-03-31 00:00:00",353933,CPY1813573,2018-06-05,"2020-05-01 00:00:00",260,Rent,Posted,2018-06-01,2018-06-30,amishd@imtac.com
TAG1704457,2018-08-31,"2008-03-31 00:00:00",357489,CPY1816711,2018-07-11,"2020-05-01 00:00:00",260,Rent,Posted,2018-07-01,2018-07-31,amishd@imtac.com
TAG1704457,2018-08-31,"2008-03-31 00:00:00",360548,CPY1819307,2018-08-10,"2020-05-01 00:00:00",260,Rent,Posted,2018-08-01,2018-08-31,amishd@imtac.com
TAG1800428,2019-01-31,"2008-03-31 00:00:00",353107,CPY1812943,2018-05-01,"2020-05-01 00:00:00",3000,Rent,Posted,2018-02-01,2019-01-31,amishd@imtac.com
TAG1802185,2019-05-31,"2008-03-31 00:00:00",371281,CPY1828218,2018-12-04,"2020-05-01 00:00:00",870,Rent,Posted,2018-12-01,2019-02-28,amishd@imtac.com
TAG1802184,2019-05-31,"2008-03-31 00:00:00",371282,CPY1828219,2018-12-04,"2020-05-01 00:00:00",870,Rent,Posted,2018-12-01,2019-02-28,amishd@imtac.com
TAG1802183,2019-05-20,"2008-03-31 00:00:00",379507,CPY1904428,2019-02-24,"2020-05-01 00:00:00",870,Rent,Posted,2019-02-21,2019-05-20,amishd@imtac.com
TAG1802184,2019-05-31,"2008-03-31 00:00:00",380943,CPY1905551,2019-03-04,"2020-05-01 00:00:00",870,Rent,Posted,2019-03-01,2019-05-31,amishd@imtac.com
TAG1802187,2019-05-31,"2008-03-31 00:00:00",364834,CPY1822941,2018-09-30,"2020-05-01 00:00:00",870,Rent,Posted,2018-06-01,2018-08-31,amishd@imtac.com
TAG1802187,2019-05-31,"2008-03-31 00:00:00",364835,CPY1822942,2018-09-30,"2020-05-01 00:00:00",870,Rent,Posted,2018-09-01,2018-11-30,amishd@imtac.com
TAG1802186,2019-05-31,"2008-03-31 00:00:00",364840,CPY1822947,2018-09-30,"2020-05-01 00:00:00",870,Rent,Posted,2018-06-01,2018-08-31,amishd@imtac.com
TAG1802186,2019-05-31,"2008-03-31 00:00:00",364841,CPY1822948,2018-09-30,"2020-05-01 00:00:00",870,Rent,Posted,2018-09-01,2018-11-30,amishd@imtac.com
TAG1802187,2019-05-31,"2008-03-31 00:00:00",371280,CPY1828217,2018-12-04,"2020-05-01 00:00:00",870,Rent,Posted,2018-12-01,2019-02-28,amishd@imtac.com
TAG1802186,2019-05-31,"2008-03-31 00:00:00",371283,CPY1828220,2018-12-04,"2020-05-01 00:00:00",870,Rent,Posted,2018-12-01,2019-02-28,amishd@imtac.com
TAG1802187,2019-05-31,"2008-03-31 00:00:00",380940,CPY1905548,2019-03-04,"2020-05-01 00:00:00",870,Rent,Posted,2019-03-01,2019-05-31,amishd@imtac.com
TAG1802185,2019-05-31,"2008-03-31 00:00:00",380941,CPY1905549,2019-03-04,"2020-05-01 00:00:00",870,Rent,Posted,2019-03-01,2019-05-31,amishd@imtac.com
TAG1802186,2019-05-31,"2008-03-31 00:00:00",380942,CPY1905550,2019-03-04,"2020-05-01 00:00:00",870,Rent,Posted,2019-03-01,2019-05-31,amishd@imtac.com
TAG1802476,2019-07-19,"2008-03-31 00:00:00",361830,CPY1820411,2018-08-27,"2020-05-01 00:00:00",240,Rent,Posted,2018-08-20,2018-09-19,amishd@imtac.com
TAG1802476,2019-07-19,"2008-03-31 00:00:00",364681,CPY1822844,2018-09-24,"2020-05-01 00:00:00",240,Rent,Posted,2018-09-20,2018-10-19,amishd@imtac.com
TAG1802476,2019-07-19,"2008-03-31 00:00:00",367903,CPY1825505,2018-10-25,"2020-05-01 00:00:00",240,Rent,Posted,2018-10-20,2018-11-19,amishd@imtac.com
TAG1802476,2019-07-19,"2008-03-31 00:00:00",370894,CPY1827970,2018-11-28,"2020-05-01 00:00:00",240,Rent,Posted,2018-11-20,2018-12-19,amishd@imtac.com
TAG1802476,2019-07-19,"2008-03-31 00:00:00",373811,CPY1830518,2018-12-23,"2020-05-01 00:00:00",240,Rent,Posted,2018-12-20,2019-01-19,amishd@imtac.com
TAG1802476,2019-07-19,"2008-03-31 00:00:00",376801,CPY1902270,2019-01-20,"2020-05-01 00:00:00",240,Rent,Posted,2019-01-20,2019-02-19,amishd@imtac.com
TAG1802476,2019-07-19,"2008-03-31 00:00:00",379491,CPY1904414,2019-02-20,"2020-05-01 00:00:00",240,Rent,Posted,2019-02-20,2019-03-19,amishd@imtac.com
TAG1802476,2019-07-19,"2008-03-31 00:00:00",382928,CPY1907335,2019-03-21,"2020-05-01 00:00:00",240,Rent,Posted,2019-03-20,2019-04-19,amishd@imtac.com
TAG1802476,2019-07-19,"2008-03-31 00:00:00",385955,CPY1909914,2019-04-22,"2020-05-01 00:00:00",240,Rent,Posted,2019-04-20,2019-05-19,amishd@imtac.com
TAG1802476,2019-07-19,"2008-03-31 00:00:00",389215,CPY1912527,2019-05-25,"2020-05-01 00:00:00",240,Rent,Posted,2019-05-20,2019-06-19,amishd@imtac.com
TAG1802931,2019-07-31,"2008-03-31 00:00:00",366899,CPY1824669,2018-10-12,"2020-05-01 00:00:00",160,Rent,Posted,2018-09-01,2018-09-30,amishd@imtac.com
TAG1802931,2019-07-31,"2008-03-31 00:00:00",370061,CPY1827239,2018-11-10,"2020-05-01 00:00:00",160,Rent,Posted,2018-10-01,2018-10-31,amishd@imtac.com
TAG1802931,2019-07-31,"2008-03-31 00:00:00",373097,CPY1829870,2018-12-13,"2020-05-01 00:00:00",160,Rent,Posted,2018-11-01,2018-11-30,amishd@imtac.com
TAG1802931,2019-07-31,"2008-03-31 00:00:00",375989,CPY1901551,2019-01-13,"2020-05-01 00:00:00",160,Rent,Posted,2018-12-01,2018-12-31,amishd@imtac.com
TAG1802931,2019-07-31,"2008-03-31 00:00:00",380324,CPY1905009,2019-03-01,"2020-05-01 00:00:00",160,Rent,Posted,2019-01-01,2019-01-31,amishd@imtac.com
TAG1803008,2019-08-31,"2008-03-31 00:00:00",379313,CPY1904267,2019-02-14,"2020-05-01 00:00:00",260,Rent,Posted,2019-02-01,2019-02-28,amishd@imtac.com
TAG1803008,2019-08-31,"2008-03-31 00:00:00",381197,CPY1905795,2019-03-10,"2020-05-01 00:00:00",260,Rent,Posted,2019-03-01,2019-03-31,amishd@imtac.com
TAG1803008,2019-08-31,"2008-03-31 00:00:00",384104,CPY1908229,2019-04-09,"2020-05-01 00:00:00",260,Rent,Posted,2019-04-01,2019-04-30,amishd@imtac.com
TAG1803008,2019-08-31,"2008-03-31 00:00:00",388007,CPY1911491,2019-05-15,"2020-05-01 00:00:00",260,Rent,Posted,2019-05-01,2019-05-31,amishd@imtac.com
TAG1803008,2019-08-31,"2008-03-31 00:00:00",390552,CPY1913614,2019-06-12,"2020-05-01 00:00:00",260,Rent,Posted,2019-06-01,2019-06-30,amishd@imtac.com
TAG1803008,2019-08-31,"2008-03-31 00:00:00",394310,CPY1916866,2019-07-14,"2020-05-01 00:00:00",260,Rent,Posted,2019-07-01,2019-07-31,amishd@imtac.com
TAG1803008,2019-08-31,"2008-03-31 00:00:00",397002,CPY1919112,2019-08-18,"2020-05-01 00:00:00",260,Rent,Posted,2019-08-01,2019-08-31,amishd@imtac.com
TAG1803865,2019-11-21,"2008-03-31 00:00:00",370970,CPY1828044,2018-11-28,"2020-05-01 00:00:00",400,Rent,Posted,2018-11-22,2018-12-21,amishd@imtac.com
TAG1803865,2019-11-21,"2008-03-31 00:00:00",373903,CPY1830594,2018-12-24,"2020-05-01 00:00:00",400,Rent,Posted,2018-12-22,2019-01-21,amishd@imtac.com
TAG1803865,2019-11-21,"2008-03-31 00:00:00",377410,CPY1902567,2019-02-01,"2020-05-01 00:00:00",400,Rent,Posted,2019-01-22,2019-02-21,amishd@imtac.com
TAG1803865,2019-11-21,"2008-03-31 00:00:00",379508,CPY1904429,2019-02-24,"2020-05-01 00:00:00",400,Rent,Posted,2019-02-22,2019-03-21,amishd@imtac.com
TAG1803865,2019-11-21,"2008-03-31 00:00:00",382913,CPY1907322,2019-03-24,"2020-05-01 00:00:00",400,Rent,Posted,2019-03-22,2019-04-21,amishd@imtac.com
TAG1803865,2019-11-21,"2008-03-31 00:00:00",385969,CPY1909928,2019-04-22,"2020-05-01 00:00:00",400,Rent,Posted,2019-04-22,2019-05-21,amishd@imtac.com
TAG1803865,2019-11-21,"2008-03-31 00:00:00",389277,CPY1912589,2019-05-27,"2020-05-01 00:00:00",400,Rent,Posted,2019-05-22,2019-06-21,amishd@imtac.com
TAG1803865,2019-11-21,"2008-03-31 00:00:00",392327,CPY1915250,2019-06-25,"2020-05-01 00:00:00",400,Rent,Posted,2019-06-22,2019-07-21,amishd@imtac.com
TAG1803865,2019-11-21,"2008-03-31 00:00:00",395311,CPY1917752,2019-07-21,"2020-05-01 00:00:00",400,Rent,Posted,2019-07-22,2019-08-21,amishd@imtac.com
TAG1803865,2019-11-21,"2008-03-31 00:00:00",398231,CPY1920268,2019-08-21,"2020-05-01 00:00:00",400,Rent,Posted,2019-08-22,2019-09-21,amishd@imtac.com
TAG1803865,2019-11-21,"2008-03-31 00:00:00",401644,CPY1923124,2019-09-24,"2020-05-01 00:00:00",400,Rent,Posted,2019-09-22,2019-10-21,amishd@imtac.com
TAG1803865,2019-11-21,"2008-03-31 00:00:00",404571,CPY1925626,2019-10-21,"2020-05-01 00:00:00",400,Rent,Posted,2019-10-22,2019-11-21,amishd@imtac.com
TAG1803963,2019-11-30,"2008-03-31 00:00:00",374655,CPY1900267,2019-01-07,"2020-05-01 00:00:00",250,Rent,Posted,2019-01-01,2019-01-31,amishd@imtac.com
TAG1803963,2019-11-30,"2008-03-31 00:00:00",378115,CPY1903178,2019-02-04,"2020-05-01 00:00:00",250,Rent,Posted,2019-02-01,2019-02-28,amishd@imtac.com
TAG1803963,2019-11-30,"2008-03-31 00:00:00",381033,CPY1905639,2019-03-06,"2020-05-01 00:00:00",250,Rent,Posted,2019-03-01,2019-03-31,amishd@imtac.com
TAG1803963,2019-11-30,"2008-03-31 00:00:00",384137,CPY1908261,2019-04-09,"2020-05-01 00:00:00",250,Rent,Posted,2019-04-01,2019-04-30,amishd@imtac.com
TAG1803963,2019-11-30,"2008-03-31 00:00:00",387677,CPY1911207,2019-05-12,"2020-05-01 00:00:00",250,Rent,Posted,2019-05-01,2019-05-31,amishd@imtac.com
TAG1803963,2019-11-30,"2008-03-31 00:00:00",390845,CPY1913894,2019-06-12,"2020-05-01 00:00:00",250,Rent,Posted,2019-06-01,2019-06-30,amishd@imtac.com
TAG1803963,2019-11-30,"2008-03-31 00:00:00",395131,CPY1917578,2019-07-18,"2020-05-01 00:00:00",250,Rent,Posted,2019-07-01,2019-07-31,amishd@imtac.com
TAG1803963,2019-11-30,"2008-03-31 00:00:00",396671,CPY1918864,2019-08-07,"2020-05-01 00:00:00",250,Rent,Posted,2019-08-01,2019-08-31,amishd@imtac.com
TAG1803963,2019-11-30,"2008-03-31 00:00:00",400085,CPY1921740,2019-09-16,"2020-05-01 00:00:00",250,Rent,Posted,2019-09-01,2019-09-30,amishd@imtac.com
TAG1803963,2019-11-30,"2008-03-31 00:00:00",402837,CPY1924068,2019-10-08,"2020-05-01 00:00:00",250,Rent,Posted,2019-10-01,2019-10-31,amishd@imtac.com
TAG1803963,2019-11-30,"2008-03-31 00:00:00",406054,CPY1926765,2019-11-07,"2020-05-01 00:00:00",250,Rent,Posted,2019-11-01,2019-11-30,amishd@imtac.com
TAG1803963,2019-11-30,"2008-03-31 00:00:00",373428,CPY1830166,2018-12-20,"2020-05-01 00:00:00",250,Deposit,Posted,,,amishd@imtac.com
TAG1901008,2020-05-31,"2008-03-31 00:00:00",391217,CPY1914250,2019-06-15,"2020-05-01 00:00:00",4800,Rent,Posted,2019-06-01,2020-05-31,amishd@imtac.com
TAG1901705,2020-05-31,"2008-03-31 00:00:00",399211,CPY1920900,2019-09-07,"2020-05-01 00:00:00",825,Rent,Posted,2019-09-01,2019-11-30,amishd@imtac.com
TAG1901705,2020-05-31,"2008-03-31 00:00:00",408037,CPY1928365,2019-12-03,"2020-05-01 00:00:00",825,Rent,Posted,2019-12-01,2020-02-29,amishd@imtac.com
TAG1901705,2020-05-31,"2008-03-31 00:00:00",417120,CPY2005011,2020-03-03,"2020-05-01 00:00:00",825,Rent,Posted,2020-03-01,2020-05-31,amishd@imtac.com
TAG1901712,2020-05-31,"2008-03-31 00:00:00",393417,CPY1916056,2019-07-08,"2020-05-01 00:00:00",250,Rent,Posted,2019-07-01,2019-07-31,amishd@imtac.com
TAG1901712,2020-05-31,"2008-03-31 00:00:00",396636,CPY1918831,2019-08-07,"2020-05-01 00:00:00",250,Rent,Posted,2019-08-01,2019-08-31,amishd@imtac.com
TAG1901712,2020-05-31,"2008-03-31 00:00:00",400240,CPY1921893,2019-09-16,"2020-05-01 00:00:00",250,Rent,Posted,2019-09-01,2019-09-30,amishd@imtac.com
TAG1901712,2020-05-31,"2008-03-31 00:00:00",403305,CPY1924525,2019-10-09,"2020-05-01 00:00:00",250,Rent,Posted,2019-10-01,2019-10-31,amishd@imtac.com
TAG1901712,2020-05-31,"2008-03-31 00:00:00",406046,CPY1926757,2019-11-07,"2020-05-01 00:00:00",250,Rent,Posted,2019-11-01,2019-11-30,amishd@imtac.com
TAG1901712,2020-05-31,"2008-03-31 00:00:00",409090,CPY1929360,2019-12-08,"2020-05-01 00:00:00",250,Rent,Posted,2019-12-01,2019-12-31,amishd@imtac.com
TAG1901712,2020-05-31,"2008-03-31 00:00:00",412015,CPY2000826,2020-01-09,"2020-05-01 00:00:00",250,Rent,Posted,2020-01-01,2020-01-31,amishd@imtac.com
TAG1901712,2020-05-31,"2008-03-31 00:00:00",414581,CPY2002901,2020-02-05,"2020-05-01 00:00:00",250,Rent,Posted,2020-02-01,2020-02-29,amishd@imtac.com
TAG1901726,2020-05-31,"2008-03-31 00:00:00",391087,CPY1914133,2019-06-15,"2020-05-01 00:00:00",200,Rent,Posted,2019-06-01,2019-06-30,amishd@imtac.com
TAG1901794,2020-06-05,"2008-03-31 00:00:00",400117,CPY1921772,2019-09-16,"2020-05-01 00:00:00",250,Rent,Posted,2019-08-06,2019-09-05,amishd@imtac.com
TAG1901794,2020-06-05,"2008-03-31 00:00:00",402871,CPY1924099,2019-10-08,"2020-05-01 00:00:00",250,Rent,Posted,2019-09-06,2019-10-05,amishd@imtac.com
TAG1901794,2020-06-05,"2008-03-31 00:00:00",406082,CPY1926793,2019-11-07,"2020-05-01 00:00:00",250,Rent,Posted,2019-10-06,2019-11-05,amishd@imtac.com
TAG1901794,2020-06-05,"2008-03-31 00:00:00",409196,CPY1929463,2019-12-08,"2020-05-01 00:00:00",250,Rent,Posted,2019-11-06,2019-12-05,amishd@imtac.com
TAG1901794,2020-06-05,"2008-03-31 00:00:00",412691,CPY2001380,2020-01-22,"2020-05-01 00:00:00",250,Rent,Posted,2019-12-06,2020-01-05,amishd@imtac.com
TAG1901794,2020-06-05,"2008-03-31 00:00:00",415079,CPY2003389,2020-02-05,"2020-05-01 00:00:00",250,Rent,Posted,2020-01-06,2020-02-05,amishd@imtac.com
TAG1901794,2020-06-05,"2008-03-31 00:00:00",418176,CPY2005966,2020-03-06,"2020-05-01 00:00:00",250,Rent,Posted,2020-02-06,2020-03-05,amishd@imtac.com
TAG1901794,2020-06-05,"2008-03-31 00:00:00",420760,CPY2008303,2020-04-05,"2020-05-01 00:00:00",250,Rent,Posted,2020-03-06,2020-04-05,amishd@imtac.com
TAG1901936,2020-05-31,"2008-03-31 00:00:00",422041,CPY2009539,2020-04-29,"2020-05-01 00:00:00",125,Rent,Posted,2020-02-01,2020-02-29,amishd@imtac.com
TAG1901936,2020-05-31,"2008-03-31 00:00:00",422042,CPY2009540,2020-04-29,"2020-05-01 00:00:00",125,Rent,Posted,2020-03-01,2020-03-31,amishd@imtac.com
TAG1901936,2020-05-31,"2008-03-31 00:00:00",422044,CPY2009542,2020-04-29,"2020-05-01 00:00:00",125,Rent,Posted,2020-04-01,2020-04-30,amishd@imtac.com
TAG1902007,2020-06-30,"2008-03-31 00:00:00",397885,CPY1919953,2019-08-18,"2020-05-01 00:00:00",200,Rent,Posted,2019-08-01,2019-08-31,amishd@imtac.com
TAG1902007,2020-06-30,"2008-03-31 00:00:00",400845,CPY1922474,2019-09-30,"2020-05-01 00:00:00",200,Rent,Posted,2019-09-01,2019-09-30,amishd@imtac.com
TAG1902007,2020-06-30,"2008-03-31 00:00:00",404257,CPY1925361,2019-10-10,"2020-05-01 00:00:00",200,Rent,Posted,2019-10-01,2019-10-31,amishd@imtac.com
TAG1902007,2020-06-30,"2008-03-31 00:00:00",406766,CPY1927448,2019-11-11,"2020-05-01 00:00:00",200,Rent,Posted,2019-11-01,2019-11-30,amishd@imtac.com
TAG1902008,2020-05-15,"2008-03-31 00:00:00",392639,CPY1915443,2019-06-30,"2020-05-01 00:00:00",525,Rent,Posted,2019-06-16,2019-07-15,amishd@imtac.com
TAG1902008,2020-05-15,"2008-03-31 00:00:00",395609,CPY1917969,2019-07-30,"2020-05-01 00:00:00",525,Rent,Posted,2019-07-16,2019-08-15,amishd@imtac.com
TAG1902008,2020-05-15,"2008-03-31 00:00:00",399412,CPY1921097,2019-09-07,"2020-05-01 00:00:00",525,Rent,Posted,2019-08-16,2019-09-15,amishd@imtac.com
TAG1902008,2020-05-15,"2008-03-31 00:00:00",401801,CPY1923266,2019-09-30,"2020-05-01 00:00:00",525,Rent,Posted,2019-09-16,2019-10-15,amishd@imtac.com
TAG1902008,2020-05-15,"2008-03-31 00:00:00",404896,CPY1925815,2019-10-30,"2020-05-01 00:00:00",525,Rent,Posted,2019-10-16,2019-11-15,amishd@imtac.com
TAG1902008,2020-05-15,"2008-03-31 00:00:00",408300,CPY1928624,2019-12-03,"2020-05-01 00:00:00",525,Rent,Posted,2019-11-16,2019-12-15,amishd@imtac.com
TAG1902007,2020-06-30,"2008-03-31 00:00:00",409822,CPY1929988,2019-12-11,"2020-05-01 00:00:00",200,Rent,Posted,2019-12-01,2019-12-31,amishd@imtac.com
TAG1902008,2020-05-15,"2008-03-31 00:00:00",410994,CPY1930909,2019-12-31,"2020-05-01 00:00:00",525,Rent,Posted,2019-12-16,2020-01-15,amishd@imtac.com
TAG1902007,2020-06-30,"2008-03-31 00:00:00",413121,CPY2001792,2020-01-16,"2020-05-01 00:00:00",200,Rent,Posted,2020-01-01,2020-01-31,amishd@imtac.com
TAG1902008,2020-05-15,"2008-03-31 00:00:00",414136,CPY2002500,2020-02-01,"2020-05-01 00:00:00",525,Rent,Posted,2020-01-16,2020-02-15,amishd@imtac.com
TAG1902008,2020-05-15,"2008-03-31 00:00:00",417373,CPY2005247,2020-03-03,"2020-05-01 00:00:00",525,Rent,Posted,2020-02-16,2020-03-15,amishd@imtac.com
TAG1902007,2020-06-30,"2008-03-31 00:00:00",418797,CPY2006490,2020-03-14,"2020-05-01 00:00:00",200,Rent,Posted,2020-03-01,2020-03-31,amishd@imtac.com
TAG1902008,2020-05-15,"2008-03-31 00:00:00",419890,CPY2007463,2020-03-30,"2020-05-01 00:00:00",525,Rent,Posted,2020-03-16,2020-04-15,amishd@imtac.com
TAG1902007,2020-06-30,"2008-03-31 00:00:00",421338,CPY2008871,2020-04-12,"2020-05-01 00:00:00",200,Rent,Posted,2020-04-01,2020-04-30,amishd@imtac.com
TAG1902008,2020-05-15,"2008-03-31 00:00:00",422009,CPY2009507,2020-04-30,"2020-05-01 00:00:00",525,Rent,Posted,2020-04-16,2020-05-15,amishd@imtac.com
TAG1902035,2020-05-31,"2008-03-31 00:00:00",400720,CPY1922350,2019-09-18,"2020-05-01 00:00:00",250,Rent,Posted,2019-09-01,2019-09-30,amishd@imtac.com
TAG1902035,2020-05-31,"2008-03-31 00:00:00",404152,CPY1925256,2019-10-10,"2020-05-01 00:00:00",250,Rent,Posted,2019-10-01,2019-10-31,amishd@imtac.com
TAG1902035,2020-05-31,"2008-03-31 00:00:00",406630,CPY1927314,2019-11-11,"2020-05-01 00:00:00",250,Rent,Posted,2019-11-01,2019-11-30,amishd@imtac.com
TAG1902035,2020-05-31,"2008-03-31 00:00:00",409713,CPY1929879,2019-12-11,"2020-05-01 00:00:00",250,Rent,Posted,2019-12-01,2019-12-31,amishd@imtac.com
TAG1902035,2020-05-31,"2008-03-31 00:00:00",413531,CPY2002172,2020-01-16,"2020-05-01 00:00:00",250,Rent,Posted,2020-01-01,2020-01-31,amishd@imtac.com
TAG1902121,2020-08-31,"2008-03-31 00:00:00",400538,CPY1922168,2019-09-18,"2020-05-01 00:00:00",230,Rent,Posted,2019-09-01,2019-09-30,amishd@imtac.com
TAG1902121,2020-08-31,"2008-03-31 00:00:00",403111,CPY1924337,2019-10-08,"2020-05-01 00:00:00",230,Rent,Posted,2019-10-01,2019-10-31,amishd@imtac.com
TAG1902121,2020-08-31,"2008-03-31 00:00:00",408709,CPY1928985,2019-12-08,"2020-05-01 00:00:00",230,Rent,Posted,2019-12-01,2019-12-31,amishd@imtac.com
TAG1902121,2020-08-31,"2008-03-31 00:00:00",412458,CPY2001164,2020-01-15,"2020-05-01 00:00:00",230,Rent,Posted,2020-01-01,2020-01-31,amishd@imtac.com
TAG1902121,2020-08-31,"2008-03-31 00:00:00",415388,CPY2003664,2020-02-10,"2020-05-01 00:00:00",230,Rent,Posted,2020-02-01,2020-02-29,amishd@imtac.com
TAG1902121,2020-08-31,"2008-03-31 00:00:00",419807,CPY2007395,2020-03-10,"2020-05-01 00:00:00",230,Rent,Posted,2020-03-01,2020-03-31,amishd@imtac.com
TAG1902121,2020-08-31,"2008-03-31 00:00:00",420953,CPY2008490,2020-04-07,"2020-05-01 00:00:00",230,Rent,Posted,2020-04-01,2020-04-30,amishd@imtac.com
TAG1902210,2020-07-15,"2008-03-31 00:00:00",397363,CPY1919435,2019-08-18,"2020-05-01 00:00:00",240,Rent,Posted,2019-08-16,2019-09-15,amishd@imtac.com
TAG1902210,2020-07-15,"2008-03-31 00:00:00",401009,CPY1922637,2019-09-30,"2020-05-01 00:00:00",240,Rent,Posted,2019-09-16,2019-10-15,amishd@imtac.com
TAG1902210,2020-07-15,"2008-03-31 00:00:00",403730,CPY1924841,2019-10-16,"2020-05-01 00:00:00",240,Rent,Posted,2019-10-16,2019-11-15,amishd@imtac.com
TAG1902210,2020-07-15,"2008-03-31 00:00:00",407064,CPY1927722,2019-11-18,"2020-05-01 00:00:00",240,Rent,Posted,2019-11-16,2019-12-15,amishd@imtac.com
TAG1902210,2020-07-15,"2008-03-31 00:00:00",410284,CPY1930441,2019-12-17,"2020-05-01 00:00:00",240,Rent,Posted,2019-12-16,2020-01-15,amishd@imtac.com
TAG1902210,2020-07-15,"2008-03-31 00:00:00",412824,CPY2001509,2020-01-16,"2020-05-01 00:00:00",240,Rent,Posted,2020-01-16,2020-02-15,amishd@imtac.com
TAG1902210,2020-07-15,"2008-03-31 00:00:00",416123,CPY2004324,2020-02-18,"2020-05-01 00:00:00",240,Rent,Posted,2020-02-16,2020-03-15,amishd@imtac.com
TAG1902210,2020-07-15,"2008-03-31 00:00:00",419306,CPY2006913,2020-03-20,"2020-05-01 00:00:00",240,Rent,Posted,2020-03-16,2020-04-15,amishd@imtac.com
TAG1902467,2020-06-30,"2008-03-31 00:00:00",400029,CPY1921684,2019-09-16,"2020-05-01 00:00:00",290,Rent,Posted,2019-09-01,2019-09-30,amishd@imtac.com
TAG1902467,2020-06-30,"2008-03-31 00:00:00",402773,CPY1924004,2019-10-08,"2020-05-01 00:00:00",290,Rent,Posted,2019-10-01,2019-10-31,amishd@imtac.com
TAG1902467,2020-06-30,"2008-03-31 00:00:00",405983,CPY1926694,2019-11-07,"2020-05-01 00:00:00",290,Rent,Posted,2019-11-01,2019-11-30,amishd@imtac.com
TAG1902467,2020-06-30,"2008-03-31 00:00:00",409071,CPY1929342,2019-12-08,"2020-05-01 00:00:00",290,Rent,Posted,2019-12-01,2019-12-31,amishd@imtac.com
TAG1902467,2020-06-30,"2008-03-31 00:00:00",411995,CPY2000808,2020-01-09,"2020-05-01 00:00:00",290,Rent,Posted,2020-01-01,2020-01-31,amishd@imtac.com
TAG1902467,2020-06-30,"2008-03-31 00:00:00",414560,CPY2002880,2020-02-05,"2020-05-01 00:00:00",290,Rent,Posted,2020-02-01,2020-02-29,amishd@imtac.com
TAG1902467,2020-06-30,"2008-03-31 00:00:00",420606,CPY2008152,2020-04-05,"2020-05-01 00:00:00",290,Rent,Posted,2020-04-01,2020-04-30,amishd@imtac.com
TAG1902892,2020-06-30,"2008-03-31 00:00:00",405609,CPY1926406,2019-11-06,"2020-05-01 00:00:00",350,Rent,Posted,2019-11-01,2019-11-30,amishd@imtac.com
TAG1902892,2020-06-30,"2008-03-31 00:00:00",408282,CPY1928606,2019-12-03,"2020-05-01 00:00:00",350,Rent,Posted,2019-12-01,2019-12-31,amishd@imtac.com
TAG1902892,2020-06-30,"2008-03-31 00:00:00",411593,CPY2000501,2020-01-06,"2020-05-01 00:00:00",350,Rent,Posted,2020-01-01,2020-01-31,amishd@imtac.com
TAG1902892,2020-06-30,"2008-03-31 00:00:00",414641,CPY2002959,2020-02-05,"2020-05-01 00:00:00",350,Rent,Posted,2020-02-01,2020-02-29,amishd@imtac.com
TAG1902892,2020-06-30,"2008-03-31 00:00:00",417345,CPY2005219,2020-03-03,"2020-05-01 00:00:00",350,Rent,Posted,2020-03-01,2020-03-31,amishd@imtac.com
TAG1902892,2020-06-30,"2008-03-31 00:00:00",420153,CPY2007705,2020-04-01,"2020-05-01 00:00:00",350,Rent,Posted,2020-04-01,2020-04-30,amishd@imtac.com
TAG1903154,2020-05-31,"2008-03-31 00:00:00",413566,CPY2002207,2020-01-16,"2020-05-01 00:00:00",250,Rent,Posted,2020-01-01,2020-01-31,amishd@imtac.com
TAG1903154,2020-05-31,"2008-03-31 00:00:00",415721,CPY2003952,2020-02-13,"2020-05-01 00:00:00",250,Rent,Posted,2020-02-01,2020-02-29,amishd@imtac.com
TAG1903408,2020-06-30,"2008-03-31 00:00:00",409643,CPY1929809,2019-12-11,"2020-05-01 00:00:00",225,Rent,Posted,2019-12-01,2019-12-31,amishd@imtac.com
TAG1903408,2020-06-30,"2008-03-31 00:00:00",413463,CPY2002105,2020-01-16,"2020-05-01 00:00:00",225,Rent,Posted,2020-01-01,2020-01-31,amishd@imtac.com
TAG1903408,2020-06-30,"2008-03-31 00:00:00",418600,CPY2006305,2020-03-14,"2020-05-01 00:00:00",225,Rent,Posted,2020-02-01,2020-02-29,amishd@imtac.com
TAG1903420,2020-03-31,"2020-03-31 00:00:00",407368,CPY1928020,2019-11-18,"2020-05-01 00:00:00",200,Rent,Posted,2019-11-01,2019-11-30,amishd@imtac.com
TAG1903420,2020-03-31,"2020-03-31 00:00:00",409672,CPY1929838,2019-12-11,"2020-05-01 00:00:00",200,Rent,Posted,2019-12-01,2019-12-31,amishd@imtac.com
TAG1903420,2020-03-31,"2020-03-31 00:00:00",413488,CPY2002130,2020-01-16,"2020-05-01 00:00:00",200,Rent,Posted,2020-01-01,2020-01-31,amishd@imtac.com
TAG1903420,2020-03-31,"2020-03-31 00:00:00",415641,CPY2003873,2020-02-13,"2020-05-01 00:00:00",200,Rent,Posted,2020-02-01,2020-02-29,amishd@imtac.com
TAG1903420,2020-03-31,"2020-03-31 00:00:00",418407,CPY2006126,2020-03-14,"2020-05-01 00:00:00",200,Rent,Posted,2020-03-01,2020-03-31,amishd@imtac.com
TAG1903434,2020-10-31,"2008-03-31 00:00:00",407048,CPY1927706,2019-11-18,"2020-05-01 00:00:00",185,Rent,Posted,2019-11-01,2019-11-30,amishd@imtac.com
TAG1903434,2020-10-31,"2008-03-31 00:00:00",410080,CPY1930241,2019-12-16,"2020-05-01 00:00:00",185,Rent,Posted,2019-12-01,2019-12-31,amishd@imtac.com
TAG1903434,2020-10-31,"2008-03-31 00:00:00",413391,CPY2002033,2020-01-16,"2020-05-01 00:00:00",185,Rent,Posted,2020-01-01,2020-01-31,amishd@imtac.com
TAG1903434,2020-10-31,"2008-03-31 00:00:00",416106,CPY2004307,2020-02-18,"2020-05-01 00:00:00",185,Rent,Posted,2020-02-01,2020-02-29,amishd@imtac.com
TAG1903434,2020-10-31,"2008-03-31 00:00:00",419079,CPY2006693,2020-03-20,"2020-05-01 00:00:00",185,Rent,Posted,2020-03-01,2020-03-31,amishd@imtac.com
TAG1903663,2020-05-15,"2008-03-31 00:00:00",411187,CPY2000123,2020-01-03,"2020-05-01 00:00:00",715,Rent,Posted,2020-01-01,2020-01-31,amishd@imtac.com
TAG1903663,2020-05-15,"2008-03-31 00:00:00",414396,CPY2002717,2020-02-05,"2020-05-01 00:00:00",715,Rent,Posted,2020-02-01,2020-02-29,amishd@imtac.com
TAG1903663,2020-05-15,"2008-03-31 00:00:00",417309,CPY2005183,2020-03-03,"2020-05-01 00:00:00",715,Rent,Posted,2020-03-01,2020-03-31,amishd@imtac.com
TAG1903663,2020-05-15,"2008-03-31 00:00:00",420125,CPY2007677,2020-04-01,"2020-05-01 00:00:00",715,Rent,Posted,2020-04-01,2020-04-30,amishd@imtac.com
TAG1903666,2020-11-30,"2008-03-31 00:00:00",409164,CPY1929431,2019-12-08,"2020-05-01 00:00:00",250,Rent,Posted,2019-12-01,2019-12-31,amishd@imtac.com
TAG1903666,2020-11-30,"2008-03-31 00:00:00",412091,CPY2000902,2020-01-09,"2020-05-01 00:00:00",250,Rent,Posted,2020-01-01,2020-01-31,amishd@imtac.com
TAG1903666,2020-11-30,"2008-03-31 00:00:00",414709,CPY2003026,2020-02-05,"2020-05-01 00:00:00",250,Rent,Posted,2020-02-01,2020-02-29,amishd@imtac.com
TAG1903666,2020-11-30,"2008-03-31 00:00:00",420713,CPY2008259,2020-04-05,"2020-05-01 00:00:00",250,Rent,Posted,2020-04-01,2020-04-30,amishd@imtac.com
TAG1903943,2020-06-30,"2008-03-31 00:00:00",418602,CPY2006307,2020-03-14,"2020-05-01 00:00:00",275,Rent,Posted,2020-01-01,2020-01-31,amishd@imtac.com
TAG1903943,2020-06-30,"2008-03-31 00:00:00",418603,CPY2006308,2020-03-14,"2020-05-01 00:00:00",275,Rent,Posted,2020-02-01,2020-02-29,amishd@imtac.com
TAG1903943,2020-06-30,"2008-03-31 00:00:00",418604,CPY2006309,2020-03-14,"2020-05-01 00:00:00",275,Rent,Posted,2020-03-01,2020-03-31,amishd@imtac.com
TAG2000447,2021-01-31,"2008-03-31 00:00:00",421065,CPY2008601,2020-04-12,"2020-05-01 00:00:00",230,Rent,Posted,2020-04-01,2020-04-30,amishd@imtac.com
TAG1800774,2018-07-15,"2018-07-15 00:00:00",367078,CAR1804709,2018-10-16,"2020-05-01 00:00:00",1750,Rent,Posted,2017-12-01,2018-03-20,amishd@imtac.com
TAG1800774,2018-07-15,"2018-07-15 00:00:00",378561,CAR1900740,2019-02-13,"2020-05-01 00:00:00",950,Rent,Posted,2018-05-16,2018-07-15,amishd@imtac.com
TAG1804369,2019-11-30,"2008-03-31 00:00:00",387963,CAR1902288,2019-05-19,"2020-05-01 00:00:00",500,Rent,Posted,2018-12-01,2019-01-31,amishd@imtac.com
TAG1804369,2019-11-30,"2008-03-31 00:00:00",399031,CAR1904021,2019-09-09,"2020-05-01 00:00:00",500,Rent,Posted,2019-02-01,2019-03-31,amishd@imtac.com
TAG1804369,2019-11-30,"2008-03-31 00:00:00",403892,CAR1904663,2019-10-20,"2020-05-01 00:00:00",500,Rent,Posted,2019-04-01,2019-05-31,amishd@imtac.com
TAG1804369,2019-11-30,"2008-03-31 00:00:00",404860,CAR1904839,2019-10-31,"2020-05-01 00:00:00",500,Rent,Posted,2019-06-01,2019-07-31,amishd@imtac.com
TAG1804369,2019-11-30,"2008-03-31 00:00:00",407684,CAR1905235,2019-11-26,"2020-05-01 00:00:00",500,Rent,Posted,2019-08-01,2019-09-30,amishd@imtac.com
TAG1804369,2019-11-30,"2008-03-31 00:00:00",407858,CAR1905337,2019-12-03,"2020-05-01 00:00:00",250,Rent,Posted,2019-10-01,2019-10-31,amishd@imtac.com
TAG1901825,2020-05-31,"2008-03-31 00:00:00",398619,CAR1903955,2019-09-05,"2020-05-01 00:00:00",720,Rent,Posted,2019-09-01,2019-11-30,amishd@imtac.com
TAG1901825,2020-05-31,"2008-03-31 00:00:00",409985,CAR1905600,2019-12-19,"2020-05-01 00:00:00",720,Rent,Posted,2019-12-01,2020-02-28,amishd@imtac.com
TAG1901825,2020-05-31,"2008-03-31 00:00:00",416904,CAR2000991,2020-03-01,"2020-05-01 00:00:00",720,Rent,Posted,2020-03-01,2020-05-31,amishd@imtac.com
TAG1901918,2020-06-30,"2008-03-31 00:00:00",401897,CAR1904376,2019-10-02,"2020-05-01 00:00:00",600,Rent,Posted,2019-08-01,2019-10-31,amishd@imtac.com
TAG1901918,2020-06-30,"2008-03-31 00:00:00",389487,CAR1902530,2019-06-03,"2020-05-01 00:00:00",200,Deposit,Posted,,,amishd@imtac.com
TAG1902534,2020-04-30,"2020-04-30 00:00:00",416823,CAR2000962,2020-02-27,"2020-05-01 00:00:00",210,Rent,Posted,2020-01-06,2020-02-05,amishd@imtac.com
TAG1902634,2020-06-30,"2008-03-31 00:00:00",398400,CAR1903828,2019-08-28,"2020-05-01 00:00:00",170,Rent,Posted,2019-07-01,2019-07-31,amishd@imtac.com
TAG1902633,2019-12-31,"2008-03-31 00:00:00",401305,CAR1904246,2019-09-26,"2020-05-01 00:00:00",150,Rent,Posted,2019-08-01,2019-08-31,amishd@imtac.com
TAG1902634,2020-06-30,"2008-03-31 00:00:00",401306,CAR1904247,2019-09-26,"2020-05-01 00:00:00",170,Rent,Posted,2019-08-01,2019-08-31,amishd@imtac.com
TAG1902633,2019-12-31,"2008-03-31 00:00:00",404393,CAR1904668,2019-10-21,"2020-05-01 00:00:00",150,Rent,Posted,2019-09-01,2019-09-30,amishd@imtac.com
TAG1902634,2020-06-30,"2008-03-31 00:00:00",404982,CAR1904896,2019-11-03,"2020-05-01 00:00:00",170,Rent,Posted,2019-09-01,2019-09-30,amishd@imtac.com
TAG1902633,2019-12-31,"2008-03-31 00:00:00",410935,CAR2000040,2020-01-02,"2020-05-01 00:00:00",150,Rent,Posted,2019-10-01,2019-10-31,amishd@imtac.com
TAG1902634,2020-06-30,"2008-03-31 00:00:00",412445,CAR2000325,2020-01-23,"2020-05-01 00:00:00",170,Rent,Posted,2019-10-01,2019-10-31,amishd@imtac.com
TAG1902634,2020-06-30,"2008-03-31 00:00:00",413849,CAR2000438,2020-01-30,"2020-05-01 00:00:00",340,Rent,Posted,2019-11-01,2019-12-31,amishd@imtac.com
TAG1902633,2019-12-31,"2008-03-31 00:00:00",413850,CAR2000439,2020-01-30,"2020-05-01 00:00:00",150,Rent,Posted,2019-11-01,2019-11-30,amishd@imtac.com
TAG1902634,2020-06-30,"2008-03-31 00:00:00",416496,CAR2000849,2020-02-23,"2020-05-01 00:00:00",170,Rent,Posted,2020-01-01,2020-01-31,amishd@imtac.com
TAG1902633,2019-12-31,"2008-03-31 00:00:00",417289,CAR2001153,2020-03-08,"2020-05-01 00:00:00",150,Rent,Posted,2019-12-01,2019-12-31,amishd@imtac.com
TAG1902634,2020-06-30,"2008-03-31 00:00:00",418969,CAR2001356,2020-03-19,"2020-05-01 00:00:00",170,Rent,Posted,2020-02-01,2020-02-29,amishd@imtac.com
TAG1902635,2019-11-10,"2008-03-31 00:00:00",398189,CAR1903745,2019-08-22,"2020-05-01 00:00:00",510,Rent,Posted,2019-08-11,2019-11-10,amishd@imtac.com
TAG1902636,2020-06-30,"2008-03-31 00:00:00",398190,CAR1903746,2019-08-22,"2020-05-01 00:00:00",150,Rent,Posted,2019-07-01,2019-07-31,amishd@imtac.com
TAG1902636,2020-06-30,"2008-03-31 00:00:00",401304,CAR1904245,2019-09-26,"2020-05-01 00:00:00",300,Rent,Posted,2019-08-01,2019-09-30,amishd@imtac.com
TAG1902892,2020-06-30,"2008-03-31 00:00:00",401892,CAR1904371,2019-10-02,"2020-05-01 00:00:00",350,Deposit,Posted,,,amishd@imtac.com
TAG1403540,2015-10-31,"2008-03-31 00:00:00",222909,CPY1424816,2014-11-13,"2020-05-01 00:00:00",225,Rent,Posted,2014-11-01,2014-11-30,amishd@imtac.com
TAG1403775,2014-12-31,"2014-12-31 00:00:00",226042,CPY1427479,2014-12-17,"2020-05-01 00:00:00",183.5,Rent,Posted,2014-12-11,2014-12-31,amishd@imtac.com
TAG1702844,2018-07-31,"2008-03-31 00:00:00",324685,CPY1720658,2017-08-15,"2020-05-01 00:00:00",175,Rent,Posted,2017-08-01,2017-08-31,amishd@imtac.com
TAG1600612,2019-12-31,"2019-12-31 00:00:00",335608,CPY1729815,2017-12-14,"2020-05-01 00:00:00",2715,Rent,Posted,2017-10-01,2017-10-31,amishd@imtac.com
TAG1704453,2018-11-21,"2008-03-31 00:00:00",364936,CPY1823040,2018-09-30,"2020-05-01 00:00:00",400,Rent,Posted,2018-06-22,2018-07-21,amishd@imtac.com
TAG1803008,2019-08-31,"2008-03-31 00:00:00",366188,CPY1823973,2018-10-10,"2020-05-01 00:00:00",260,Rent,Posted,2018-10-01,2018-10-31,amishd@imtac.com
TAG1803790,2019-10-31,"2008-03-31 00:00:00",370179,CPY1827355,2018-11-15,"2020-05-01 00:00:00",185,Rent,Posted,2018-11-01,2018-11-30,amishd@imtac.com
TAG1900559,2020-01-31,"2008-03-31 00:00:00",378856,CPY1903815,2019-02-14,"2020-05-01 00:00:00",240,Rent,Posted,2019-02-01,2019-02-28,amishd@imtac.com
TAG1900393,2020-01-31,"2008-03-31 00:00:00",384275,CPY1908375,2019-04-10,"2020-05-01 00:00:00",3000,Rent,Posted,2019-02-01,2020-01-31,amishd@imtac.com
TAG1901741,2020-05-15,"2008-03-31 00:00:00",389018,CPY1912440,2019-05-23,"2020-05-01 00:00:00",200,Rent,Posted,2019-05-16,2019-06-15,amishd@imtac.com
TAG1901754,2020-04-30,"2008-03-31 00:00:00",389244,CPY1912556,2019-05-25,"2020-05-01 00:00:00",5550,Rent,Posted,2019-05-01,2019-10-31,amishd@imtac.com
TAG1902268,2020-05-31,"2008-03-31 00:00:00",394225,CPY1916783,2019-07-14,"2020-05-01 00:00:00",170,Rent,Posted,2019-06-01,2019-06-30,amishd@imtac.com
TAG1902170,2020-06-30,"2008-03-31 00:00:00",394305,CPY1916861,2019-07-14,"2020-05-01 00:00:00",350,Rent,Posted,2019-07-01,2019-07-31,amishd@imtac.com
TAG1902268,2020-05-31,"2008-03-31 00:00:00",415532,CPY2003765,2020-02-13,"2020-05-01 00:00:00",170,Rent,Posted,2020-02-01,2020-02-29,amishd@imtac.com
TAG2000447,2021-01-31,"2008-03-31 00:00:00",415926,CPY2004151,2020-02-13,"2020-05-01 00:00:00",230,Rent,Posted,2020-02-01,2020-02-29,amishd@imtac.com
TAG1800288,2018-01-31,"2018-01-31 00:00:00",339700,CAR1800384,2018-01-24,"2020-05-01 00:00:00",250,Rent,Posted,2018-01-01,2018-01-31,amishd@imtac.com
TAG1800774,2018-07-15,"2018-07-15 00:00:00",343204,CAR1800946,2018-02-28,"2020-05-01 00:00:00",475,Rent,Posted,2017-11-01,2017-11-30,amishd@imtac.com
TAG1902635,2019-11-10,"2008-03-31 00:00:00",398188,CAR1903744,2019-08-22,"2020-05-01 00:00:00",170,Rent,Posted,2019-07-11,2019-08-10,amishd@imtac.com
TAG1902633,2019-12-31,"2008-03-31 00:00:00",398399,CAR1903827,2019-08-28,"2020-05-01 00:00:00",150,Rent,Posted,2019-07-01,2019-07-31,amishd@imtac.com
TAG1902766,2019-09-30,"2019-09-30 00:00:00",401836,CAR1904320,2019-10-02,"2020-05-01 00:00:00",300,Deposit,Posted,,,amishd@imtac.com
TAG2000440,2020-06-20,"2008-03-31 00:00:00",422090,CPY2009560,2020-05-03,"2020-05-01 00:00:00",200,Rent,Posted,2020-04-06,2020-05-05,amishd@imtac.com
TAG1903040,2020-05-31,"2008-03-31 00:00:00",422487,CPY2009952,2020-05-03,"2020-05-01 00:00:00",230,Rent,Posted,2020-04-01,2020-04-30,amishd@imtac.com
TAG1902191,2020-06-30,"2008-03-31 00:00:00",422244,CPY2009714,2020-05-03,"2020-05-01 00:00:00",280,Rent,Posted,2020-05-01,2020-05-31,amishd@imtac.com
TAG1304184,2015-01-31,"2008-03-31 00:00:00",270137,CPY1606211,2015-12-31,"2020-05-01 00:00:00",2400,Rent,Pending,2014-02-01,2015-01-31,amishd@imtac.com
TAG1303465,2014-10-31,"2008-03-31 00:00:00",294278,CPY1626767,2015-12-31,"2020-05-01 00:00:00",225,Rent,Pending,2014-10-01,2014-10-31,amishd@imtac.com
TAG1903420,2020-03-31,"2020-03-31 00:00:00",422526,CAR2001572,2020-05-07,"2020-05-01 00:00:00",70,Rent,Posted,2020-03-31,2020-03-31,amishd@imtac.com
TAG1802476,2019-07-19,"2008-03-31 00:00:00",392366,CPY1915284,2019-06-25,"2020-05-01 00:00:00",240,Rent,Posted,2019-06-20,2019-07-19,amishd@imtac.com
TAG1902442,2020-05-31,"2008-03-31 00:00:00",414252,CPY2002573,2020-02-03,"2020-05-01 00:00:00",250,Rent,Posted,2020-02-01,2020-02-29,amishd@imtac.com
TAG1902442,2020-05-31,"2008-03-31 00:00:00",417114,CPY2005005,2020-03-03,"2020-05-01 00:00:00",250,Rent,Posted,2020-03-01,2020-03-31,amishd@imtac.com
TAG1902442,2020-05-31,"2008-03-31 00:00:00",419993,CPY2007549,2020-04-01,"2020-05-01 00:00:00",250,Rent,Posted,2020-04-01,2020-04-30,amishd@imtac.com
TAG1902583,2020-06-30,"2008-03-31 00:00:00",406866,CPY1927548,2019-11-11,"2020-05-01 00:00:00",340,Rent,Posted,2019-11-01,2019-11-30,amishd@imtac.com
TAG1902583,2020-06-30,"2008-03-31 00:00:00",409908,CPY1930072,2019-12-11,"2020-05-01 00:00:00",340,Rent,Posted,2019-12-01,2019-12-31,amishd@imtac.com
TAG1902583,2020-06-30,"2008-03-31 00:00:00",415904,CPY2004129,2020-02-13,"2020-05-01 00:00:00",340,Rent,Posted,2020-02-01,2020-02-29,amishd@imtac.com
TAG1902583,2020-06-30,"2008-03-31 00:00:00",418901,CPY2006585,2020-03-14,"2020-05-01 00:00:00",340,Rent,Posted,2020-03-01,2020-03-31,amishd@imtac.com
TAG1902933,2020-05-31,"2008-03-31 00:00:00",403041,CPY1924268,2019-10-08,"2020-05-01 00:00:00",200,Rent,Posted,2019-10-01,2019-10-31,amishd@imtac.com
TAG1902933,2020-05-31,"2008-03-31 00:00:00",406215,CPY1926923,2019-11-07,"2020-05-01 00:00:00",200,Rent,Posted,2019-11-01,2019-11-30,amishd@imtac.com
TAG1902933,2020-05-31,"2008-03-31 00:00:00",408746,CPY1929019,2019-12-08,"2020-05-01 00:00:00",200,Rent,Posted,2019-12-01,2019-12-31,amishd@imtac.com
TAG1902933,2020-05-31,"2008-03-31 00:00:00",411524,CPY2000432,2020-01-06,"2020-05-01 00:00:00",200,Rent,Posted,2020-01-01,2020-01-31,amishd@imtac.com
TAG1902933,2020-05-31,"2008-03-31 00:00:00",414997,CPY2003307,2020-02-05,"2020-05-01 00:00:00",200,Rent,Posted,2020-02-01,2020-02-29,amishd@imtac.com
TAG1902933,2020-05-31,"2008-03-31 00:00:00",419740,CPY2007328,2020-03-10,"2020-05-01 00:00:00",200,Rent,Posted,2020-03-01,2020-03-31,amishd@imtac.com
TAG1902933,2020-05-31,"2008-03-31 00:00:00",420884,CPY2008421,2020-04-07,"2020-05-01 00:00:00",200,Rent,Posted,2020-04-01,2020-04-30,amishd@imtac.com
TAG1903154,2020-05-31,"2008-03-31 00:00:00",409741,CPY1929907,2019-12-11,"2020-05-01 00:00:00",250,Rent,Posted,2019-12-01,2019-12-31,amishd@imtac.com
TAG1903254,2020-05-31,"2008-03-31 00:00:00",409856,CPY1930021,2019-12-11,"2020-05-01 00:00:00",200,Rent,Posted,2019-12-01,2019-12-31,amishd@imtac.com
TAG1903254,2020-05-31,"2008-03-31 00:00:00",413195,CPY2001866,2020-01-16,"2020-05-01 00:00:00",200,Rent,Posted,2020-01-01,2020-01-31,amishd@imtac.com
TAG1903254,2020-05-31,"2008-03-31 00:00:00",415830,CPY2004057,2020-02-13,"2020-05-01 00:00:00",200,Rent,Posted,2020-02-01,2020-02-29,amishd@imtac.com
TAG1903254,2020-05-31,"2008-03-31 00:00:00",418831,CPY2006515,2020-03-14,"2020-05-01 00:00:00",200,Rent,Posted,2020-03-01,2020-03-31,amishd@imtac.com
TAG1903254,2020-05-31,"2008-03-31 00:00:00",421358,CPY2008891,2020-04-12,"2020-05-01 00:00:00",200,Rent,Posted,2020-04-01,2020-04-30,amishd@imtac.com
TAG1903492,2020-06-30,"2008-03-31 00:00:00",411258,CPY2000194,2020-01-03,"2020-05-01 00:00:00",200,Rent,Posted,2020-01-01,2020-01-31,amishd@imtac.com
TAG1903492,2020-06-30,"2008-03-31 00:00:00",414642,CPY2002960,2020-02-05,"2020-05-01 00:00:00",200,Rent,Posted,2020-02-01,2020-02-29,amishd@imtac.com
TAG1903492,2020-06-30,"2008-03-31 00:00:00",417347,CPY2005221,2020-03-03,"2020-05-01 00:00:00",200,Rent,Posted,2020-03-01,2020-03-31,amishd@imtac.com
TAG1903492,2020-06-30,"2008-03-31 00:00:00",420155,CPY2007707,2020-04-01,"2020-05-01 00:00:00",200,Rent,Posted,2020-04-01,2020-04-30,amishd@imtac.com
TAG1903492,2020-06-30,"2008-03-31 00:00:00",408285,CPY1928609,2019-12-03,"2020-05-01 00:00:00",200,Deposit,Posted,,,amishd@imtac.com
TAG1903494,2020-05-15,"2008-03-31 00:00:00",414661,CPY2002978,2020-02-05,"2020-05-01 00:00:00",225,Rent,Posted,2020-01-16,2020-02-15,amishd@imtac.com
TAG1903494,2020-05-15,"2008-03-31 00:00:00",416242,CPY2004443,2020-02-18,"2020-05-01 00:00:00",225,Rent,Posted,2020-02-16,2020-03-15,amishd@imtac.com
TAG1903494,2020-05-15,"2008-03-31 00:00:00",419391,CPY2006995,2020-03-20,"2020-05-01 00:00:00",225,Rent,Posted,2020-03-16,2020-04-15,amishd@imtac.com
TAG1903494,2020-05-15,"2008-03-31 00:00:00",421742,CPY2009263,2020-04-16,"2020-05-01 00:00:00",225,Rent,Posted,2020-04-16,2020-05-15,amishd@imtac.com
TAG1903558,2020-06-30,"2008-03-31 00:00:00",411847,CPY2000660,2020-01-09,"2020-05-01 00:00:00",625,Rent,Posted,2019-12-01,2019-12-31,amishd@imtac.com
TAG1903558,2020-06-30,"2008-03-31 00:00:00",414985,CPY2003295,2020-02-05,"2020-05-01 00:00:00",625,Rent,Posted,2020-02-01,2020-02-29,amishd@imtac.com
TAG1903558,2020-06-30,"2008-03-31 00:00:00",417876,CPY2005696,2020-03-06,"2020-05-01 00:00:00",625,Rent,Posted,2020-03-01,2020-03-31,amishd@imtac.com
TAG1903751,2020-06-30,"2008-03-31 00:00:00",414456,CPY2002776,2020-02-05,"2020-05-01 00:00:00",150,Rent,Posted,2020-02-01,2020-02-29,amishd@imtac.com
TAG1903751,2020-06-30,"2008-03-31 00:00:00",420532,CPY2008078,2020-04-05,"2020-05-01 00:00:00",150,Rent,Posted,2020-04-01,2020-04-30,amishd@imtac.com
TAG1903751,2020-06-30,"2008-03-31 00:00:00",414457,CPY2002777,2020-02-05,"2020-05-01 00:00:00",150,Deposit,Posted,,,amishd@imtac.com
TAG2000474,2020-04-04,"2008-03-31 00:00:00",417222,CPY2005105,2020-03-03,"2020-05-01 00:00:00",260,Rent,Posted,2020-01-05,2020-02-04,amishd@imtac.com
TAG2000474,2020-04-04,"2008-03-31 00:00:00",417223,CPY2005106,2020-03-03,"2020-05-01 00:00:00",260,Rent,Posted,2020-02-05,2020-03-04,amishd@imtac.com
TAG2000474,2020-04-04,"2008-03-31 00:00:00",419099,CPY2006713,2020-03-20,"2020-05-01 00:00:00",260,Rent,Posted,2020-03-05,2020-04-04,amishd@imtac.com
TAG2000905,2020-06-30,"2008-03-31 00:00:00",419038,CAR2001409,2020-03-25,"2020-05-01 00:00:00",260,Rent,Posted,2020-04-01,2020-04-30,amishd@imtac.com
TAG1703719,2020-06-23,"2008-03-31 00:00:00",337722,CAR1800147,2018-01-08,"2020-05-01 00:00:00",11700,Rent,Posted,2017-12-01,2018-02-28,amishd@imtac.com
TAG1703719,2020-06-23,"2008-03-31 00:00:00",345209,CAR1801268,2018-03-14,"2020-05-01 00:00:00",11700,Rent,Posted,2018-03-01,2018-05-31,amishd@imtac.com
TAG1803492,2019-09-30,"2008-03-31 00:00:00",365278,CAR1804609,2018-10-10,"2020-05-01 00:00:00",230,Deposit,Posted,,,amishd@imtac.com
TAG1804369,2019-11-30,"2008-03-31 00:00:00",410910,CAR2000015,2020-01-01,"2020-05-01 00:00:00",250,Rent,Posted,2019-11-01,2019-11-30,amishd@imtac.com
TAG2000440,2020-06-20,"2008-03-31 00:00:00",414095,CAR2000648,2020-02-10,"2020-05-01 00:00:00",200,Deposit,Posted,,,amishd@imtac.com
TAG1900957,2020-04-30,"2008-03-31 00:00:00",386364,CAR1901987,2019-05-01,"2020-05-01 00:00:00",200,Rent,Posted,2019-05-01,2019-05-31,amishd@imtac.com
TAG1900957,2020-04-30,"2008-03-31 00:00:00",389574,CAR1902573,2019-06-09,"2020-05-01 00:00:00",200,Rent,Posted,2019-06-01,2019-06-30,amishd@imtac.com
TAG1900957,2020-04-30,"2008-03-31 00:00:00",392511,CAR1902929,2019-07-01,"2020-05-01 00:00:00",200,Rent,Posted,2019-07-01,2019-07-31,amishd@imtac.com
TAG1900957,2020-04-30,"2008-03-31 00:00:00",395574,CAR1903419,2019-07-31,"2020-05-01 00:00:00",200,Rent,Posted,2019-08-01,2019-08-31,amishd@imtac.com
TAG1900957,2020-04-30,"2008-03-31 00:00:00",398585,CAR1903923,2019-09-04,"2020-05-01 00:00:00",200,Rent,Posted,2019-09-01,2019-09-30,amishd@imtac.com
TAG1900957,2020-04-30,"2008-03-31 00:00:00",404998,CAR1904911,2019-11-04,"2020-05-01 00:00:00",200,Rent,Posted,2019-10-01,2019-10-31,amishd@imtac.com
TAG1900957,2020-04-30,"2008-03-31 00:00:00",407795,CAR1905279,2019-12-01,"2020-05-01 00:00:00",200,Rent,Posted,2019-11-01,2019-11-30,amishd@imtac.com
TAG1900957,2020-04-30,"2008-03-31 00:00:00",410898,CAR2000003,2020-01-01,"2020-05-01 00:00:00",200,Rent,Posted,2009-12-01,2019-12-31,amishd@imtac.com
TAG1900957,2020-04-30,"2008-03-31 00:00:00",413860,CAR2000449,2020-01-30,"2020-05-01 00:00:00",400,Rent,Posted,2020-01-01,2020-02-29,amishd@imtac.com
TAG1900957,2020-04-30,"2008-03-31 00:00:00",419505,CAR2001428,2020-03-29,"2020-05-01 00:00:00",200,Rent,Posted,2020-04-01,2020-04-30,amishd@imtac.com
TAG1901055,2020-04-30,"2008-03-31 00:00:00",406989,CAR1905105,2019-11-19,"2020-05-01 00:00:00",315,Rent,Posted,2019-11-01,2019-11-30,amishd@imtac.com
TAG1901825,2020-05-31,"2008-03-31 00:00:00",392783,CAR1903070,2019-07-04,"2020-05-01 00:00:00",720,Rent,Posted,2019-06-01,2019-08-31,amishd@imtac.com
TAG1902146,2020-06-30,"2008-03-31 00:00:00",401559,CAR1904283,2019-09-30,"2020-05-01 00:00:00",180,Rent,Posted,2019-10-01,2019-10-31,amishd@imtac.com
TAG1902146,2020-06-30,"2008-03-31 00:00:00",413723,CAR2000414,2020-01-29,"2020-05-01 00:00:00",180,Rent,Posted,2020-02-01,2020-02-29,amishd@imtac.com
TAG1902146,2020-06-30,"2008-03-31 00:00:00",416820,CAR2000959,2020-02-27,"2020-05-01 00:00:00",180,Rent,Posted,2020-03-01,2020-03-31,amishd@imtac.com
TAG1902146,2020-06-30,"2008-03-31 00:00:00",419678,CAR2001442,2020-03-30,"2020-05-01 00:00:00",180,Rent,Posted,2020-04-01,2020-04-30,amishd@imtac.com
TAG1902187,2020-06-30,"2008-03-31 00:00:00",393619,CAR1903204,2019-07-11,"2020-05-01 00:00:00",325,Rent,Posted,2019-07-01,2019-07-31,amishd@imtac.com
TAG1902187,2020-06-30,"2008-03-31 00:00:00",395575,CAR1903420,2019-07-31,"2020-05-01 00:00:00",325,Rent,Posted,2019-08-01,2019-08-31,amishd@imtac.com
TAG1902187,2020-06-30,"2008-03-31 00:00:00",398389,CAR1903818,2019-08-28,"2020-05-01 00:00:00",325,Rent,Posted,2019-09-01,2019-09-30,amishd@imtac.com
TAG1902243,2020-06-30,"2008-03-31 00:00:00",398507,CAR1903869,2019-09-02,"2020-05-01 00:00:00",170,Rent,Posted,2019-07-01,2019-07-31,amishd@imtac.com
TAG1902243,2020-06-30,"2008-03-31 00:00:00",398612,CAR1903948,2019-09-05,"2020-05-01 00:00:00",170,Rent,Posted,2019-08-01,2019-08-31,amishd@imtac.com
TAG1902243,2020-06-30,"2008-03-31 00:00:00",408680,CAR1905484,2019-12-10,"2020-05-01 00:00:00",510,Rent,Posted,2019-09-01,2019-11-30,amishd@imtac.com
TAG1902243,2020-06-30,"2008-03-31 00:00:00",419030,CAR2001401,2020-03-25,"2020-05-01 00:00:00",510,Rent,Posted,2019-12-01,2020-02-29,amishd@imtac.com
TAG1903448,2020-05-31,"2008-03-31 00:00:00",410588,CAR1905647,2019-12-24,"2020-05-01 00:00:00",260,Rent,Posted,2019-12-01,2019-12-31,amishd@imtac.com
TAG1903448,2020-05-31,"2008-03-31 00:00:00",410937,CAR2000042,2020-01-02,"2020-05-01 00:00:00",260,Rent,Posted,2020-01-01,2020-01-31,amishd@imtac.com
TAG1903448,2020-05-31,"2008-03-31 00:00:00",415437,CAR2000775,2020-02-17,"2020-05-01 00:00:00",260,Rent,Posted,2020-02-01,2020-02-29,amishd@imtac.com
TAG1903448,2020-05-31,"2008-03-31 00:00:00",416939,CAR2001023,2020-03-02,"2020-05-01 00:00:00",260,Rent,Posted,2020-03-01,2020-03-31,amishd@imtac.com
TAG1903494,2020-05-15,"2008-03-31 00:00:00",405727,CAR1905034,2019-11-12,"2020-05-01 00:00:00",225,Rent,Posted,2019-11-16,2019-12-15,amishd@imtac.com
TAG1903494,2020-05-15,"2008-03-31 00:00:00",409466,CAR1905579,2019-12-18,"2020-05-01 00:00:00",225,Rent,Posted,2019-12-16,2020-01-15,amishd@imtac.com
TAG1903494,2020-05-15,"2008-03-31 00:00:00",405728,CAR1905035,2019-11-12,"2020-05-01 00:00:00",225,Deposit,Posted,,,amishd@imtac.com
TAG2000036,2020-06-30,"2008-03-31 00:00:00",414045,CAR2000602,2020-02-06,"2020-05-01 00:00:00",180,Rent,Posted,2020-02-01,2020-02-29,amishd@imtac.com
TAG2000350,2021-01-31,"2008-03-31 00:00:00",416675,CAR2000927,2020-02-26,"2020-05-01 00:00:00",140,Rent,Posted,2020-03-01,2020-03-31,amishd@imtac.com
TAG2000350,2021-01-31,"2008-03-31 00:00:00",419737,CAR2001443,2020-03-30,"2020-05-01 00:00:00",140,Rent,Posted,2020-04-01,2020-04-30,amishd@imtac.com
TAG2000350,2021-01-31,"2008-03-31 00:00:00",421923,CAR2001525,2020-04-28,"2020-05-01 00:00:00",140,Rent,Posted,2020-05-01,2020-05-31,amishd@imtac.com
TAG2000350,2021-01-31,"2008-03-31 00:00:00",414049,CAR2000606,2020-02-06,"2020-05-01 00:00:00",140,Deposit,Posted,,,amishd@imtac.com
TAG1703679,2018-10-31,"2008-03-31 00:00:00",333303,CPY1727886,2017-11-13,"2020-05-01 00:00:00",225,Rent,Posted,2017-11-01,2017-11-30,amishd@imtac.com
TAG1802476,2019-07-19,"2008-03-31 00:00:00",358808,CPY1817889,2018-07-25,"2020-05-01 00:00:00",240,Rent,Posted,2018-07-20,2018-08-19,amishd@imtac.com
TAG1803492,2019-09-30,"2008-03-31 00:00:00",367377,CPY1825031,2018-10-15,"2020-05-01 00:00:00",230,Rent,Posted,2018-10-01,2018-10-31,amishd@imtac.com
TAG1704445,2018-05-31,"2008-03-31 00:00:00",368014,CPY1825598,2018-09-30,"2020-05-01 00:00:00",630,Rent,Posted,2018-04-01,2018-05-31,amishd@imtac.com
TAG1803963,2019-11-30,"2008-03-31 00:00:00",372499,CPY1829293,2018-12-13,"2020-05-01 00:00:00",250,Rent,Posted,2018-12-01,2018-12-31,amishd@imtac.com
TAG1803926,2019-11-30,"2008-03-31 00:00:00",372776,CPY1829549,2018-12-13,"2020-05-01 00:00:00",200,Rent,Posted,2018-12-01,2018-12-31,amishd@imtac.com
TAG1901807,2020-05-31,"2008-03-31 00:00:00",390155,CPY1913322,2019-06-09,"2020-05-01 00:00:00",300,Rent,Posted,2019-06-01,2019-06-30,amishd@imtac.com
TAG1901605,2020-05-31,"2008-03-31 00:00:00",392180,CPY1915118,2019-06-25,"2020-05-01 00:00:00",825,Rent,Posted,2019-06-01,2019-08-31,amishd@imtac.com
TAG1902035,2020-05-31,"2008-03-31 00:00:00",392261,CPY1915199,2019-06-25,"2020-05-01 00:00:00",250,Rent,Posted,2019-06-01,2019-06-30,amishd@imtac.com
TAG1901936,2020-05-31,"2008-03-31 00:00:00",394798,CPY1917280,2019-07-16,"2020-05-01 00:00:00",125,Rent,Posted,2019-06-01,2019-06-30,amishd@imtac.com
TAG1902210,2020-07-15,"2008-03-31 00:00:00",394832,CPY1917314,2019-07-18,"2020-05-01 00:00:00",240,Rent,Posted,2019-07-16,2019-08-15,amishd@imtac.com
TAG1902467,2020-06-30,"2008-03-31 00:00:00",395692,CPY1917991,2019-07-31,"2020-05-01 00:00:00",290,Rent,Posted,2019-07-01,2019-07-31,amishd@imtac.com
TAG1904008,2020-06-15,"2008-03-31 00:00:00",410978,CPY1930893,2019-12-31,"2020-05-01 00:00:00",1020,Rent,Posted,2019-12-16,2020-06-15,amishd@imtac.com
TAG1600612,2019-12-31,"2019-12-31 00:00:00",410999,CPY1930914,2019-12-31,"2020-05-01 00:00:00",2715,Rent,Posted,2019-06-01,2019-06-30,amishd@imtac.com
TAG2000760,2020-05-31,"2008-03-31 00:00:00",418307,CPY2006087,2020-03-09,"2020-05-01 00:00:00",325,Rent,Posted,2020-03-01,2020-03-31,amishd@imtac.com
TAG1903154,2020-05-31,"2008-03-31 00:00:00",418703,CPY2006408,2020-03-14,"2020-05-01 00:00:00",250,Rent,Posted,2020-03-01,2020-03-31,amishd@imtac.com
TAG1901918,2020-06-30,"2008-03-31 00:00:00",389486,CAR1902529,2019-06-03,"2020-05-01 00:00:00",200,Rent,Posted,2019-07-01,2019-07-31,amishd@imtac.com
TAG1902007,2020-06-30,"2008-03-31 00:00:00",390337,CAR1902684,2019-06-13,"2020-05-01 00:00:00",200,Rent,Posted,2019-07-01,2019-07-31,amishd@imtac.com
TAG1600612,2019-12-31,"2019-12-31 00:00:00",368992,CPY1826170,2018-11-07,"2020-05-01 00:00:00",300,General,Posted,,,amishd@imtac.com
TAG1901983,2020-05-31,"2008-03-31 00:00:00",390397,CAR1902710,2019-06-16,"2020-05-01 00:00:00",160,Deposit,Posted,,,amishd@imtac.com
TAG1901985,2020-06-30,"2008-03-31 00:00:00",390319,CAR1902667,2019-06-12,"2020-05-01 00:00:00",225,Deposit,Posted,,,amishd@imtac.com
TAG1902007,2020-06-30,"2008-03-31 00:00:00",390338,CAR1902685,2019-06-13,"2020-05-01 00:00:00",200,Deposit,Posted,,,amishd@imtac.com
TAG1902069,2020-06-30,"2008-03-31 00:00:00",392067,CAR1902777,2019-06-20,"2020-05-01 00:00:00",250,Deposit,Posted,,,amishd@imtac.com
TAG1901741,2020-05-15,"2008-03-31 00:00:00",423719,CPY2011122,2020-05-17,"2020-05-01 00:00:00",200,Deposit,Posted,,,sandeep.s@alhabib.om
TAG1303465,2014-10-31,"2008-03-31 00:00:00",217257,CPY1420083,2014-09-14,"2020-05-01 00:00:00",225,Rent,Posted,2014-08-01,2014-08-31,amishd@imtac.com
TAG2000606,2020-03-31,"2020-03-31 00:00:00",420750,CAR2001487,2020-04-14,"2020-05-01 00:00:00",100,Rent,Posted,2020-03-01,2020-03-31,amishd@imtac.com
TAG2000760,2020-05-31,"2008-03-31 00:00:00",421000,CPY2008536,2020-04-09,"2020-05-01 00:00:00",325,Rent,Posted,2020-04-01,2020-04-30,amishd@imtac.com
TAG2000704,2020-05-31,"2008-03-31 00:00:00",419805,CPY2007393,2020-03-10,"2020-05-01 00:00:00",400,Rent,Posted,2020-03-01,2020-03-31,amishd@imtac.com
TAG2000694,2020-07-15,"2008-03-31 00:00:00",419440,CPY2007044,2020-03-20,"2020-05-01 00:00:00",290,Rent,Posted,2020-03-16,2020-04-15,amishd@imtac.com
TAG2000694,2020-07-15,"2008-03-31 00:00:00",419439,CPY2007043,2020-03-20,"2020-05-01 00:00:00",870,Rent,Posted,2019-12-16,2020-03-15,amishd@imtac.com
TAG2000447,2021-01-31,"2008-03-31 00:00:00",418512,CPY2006219,2020-03-15,"2020-05-01 00:00:00",230,Rent,Posted,2020-03-01,2020-03-31,amishd@imtac.com
TAG2000256,2020-06-30,"2008-03-31 00:00:00",418773,CPY2006466,2020-03-14,"2020-05-01 00:00:00",110,Rent,Posted,2020-03-01,2020-03-31,amishd@imtac.com
TAG1903943,2020-06-30,"2008-03-31 00:00:00",418605,CPY2006310,2020-03-14,"2020-05-01 00:00:00",275,Deposit,Posted,,,amishd@imtac.com
TAG1903795,2020-11-21,"2008-03-31 00:00:00",413698,CPY2002335,2020-01-27,"2020-05-01 00:00:00",400,Rent,Posted,2019-12-22,2020-01-21,amishd@imtac.com
TAG1903751,2020-06-30,"2008-03-31 00:00:00",417910,CPY2005730,2020-03-06,"2020-05-01 00:00:00",150,Rent,Posted,2020-03-01,2020-03-31,amishd@imtac.com
TAG1903682,2020-05-31,"2008-03-31 00:00:00",410143,CPY1930304,2019-12-16,"2020-05-01 00:00:00",2100,Rent,Posted,2019-12-01,2020-05-31,amishd@imtac.com
TAG1903666,2020-11-30,"2008-03-31 00:00:00",418141,CPY2005931,2020-03-06,"2020-05-01 00:00:00",250,Rent,Posted,2020-03-01,2020-03-31,amishd@imtac.com
TAG1602682,2017-07-31,"2008-03-31 00:00:00",287015,CPY1620544,2016-08-11,"2020-05-01 00:00:00",175,Rent,Posted,2016-08-01,2016-08-31,amishd@imtac.com
TAG1903627,2020-05-31,"2008-03-31 00:00:00",411071,CPY2000019,2020-01-03,"2020-05-01 00:00:00",205,Rent,Posted,2020-01-01,2020-01-31,amishd@imtac.com
TAG1903627,2020-05-31,"2008-03-31 00:00:00",410051,CPY1930212,2019-12-16,"2020-05-01 00:00:00",205,Rent,Posted,2019-12-01,2019-12-31,amishd@imtac.com
TAG1903492,2020-06-30,"2008-03-31 00:00:00",408284,CPY1928608,2019-12-03,"2020-05-01 00:00:00",200,Rent,Posted,2019-12-01,2019-12-31,amishd@imtac.com
TAG1603337,2017-10-31,"2008-03-31 00:00:00",308024,CPY1706354,2017-03-13,"2020-05-01 00:00:00",225,Rent,Posted,2017-03-01,2017-03-31,amishd@imtac.com
TAG1903254,2020-05-31,"2008-03-31 00:00:00",406802,CPY1927484,2019-11-11,"2020-05-01 00:00:00",200,Rent,Posted,2019-11-01,2019-11-30,amishd@imtac.com
TAG1903048,2020-06-30,"2008-03-31 00:00:00",418398,CPY2006118,2020-03-15,"2020-05-01 00:00:00",190,Rent,Posted,2020-03-01,2020-03-31,amishd@imtac.com
TAG1903040,2020-05-31,"2008-03-31 00:00:00",408400,CPY1928724,2019-12-03,"2020-05-01 00:00:00",230,Rent,Posted,2019-12-01,2019-12-31,amishd@imtac.com
TAG1902534,2020-04-30,"2020-04-30 00:00:00",410126,CPY1930287,2019-12-16,"2020-05-01 00:00:00",210,Rent,Posted,2019-12-06,2020-01-05,amishd@imtac.com
TAG1902467,2020-06-30,"2008-03-31 00:00:00",418028,CPY2005824,2020-03-06,"2020-05-01 00:00:00",290,Rent,Posted,2020-03-01,2020-03-31,amishd@imtac.com
TAG1902442,2020-05-31,"2008-03-31 00:00:00",411083,CPY2000031,2020-01-03,"2020-05-01 00:00:00",250,Rent,Posted,2020-01-01,2020-01-31,amishd@imtac.com
TAG1902442,2020-05-31,"2008-03-31 00:00:00",408031,CPY1928359,2019-12-03,"2020-05-01 00:00:00",250,Rent,Posted,2019-12-01,2019-12-31,amishd@imtac.com
TAG1902442,2020-05-31,"2008-03-31 00:00:00",405098,CPY1925902,2019-11-05,"2020-05-01 00:00:00",250,Rent,Posted,2019-11-01,2019-11-30,amishd@imtac.com
TAG1902340,2020-06-30,"2008-03-31 00:00:00",404964,CPY1925846,2019-10-31,"2020-05-01 00:00:00",300,Rent,Posted,2019-10-01,2019-12-31,amishd@imtac.com
TAG1902210,2020-07-15,"2008-03-31 00:00:00",421661,CPY2009182,2020-04-16,"2020-05-01 00:00:00",240,Rent,Posted,2020-04-16,2020-05-15,amishd@imtac.com
TAG1902191,2020-06-30,"2008-03-31 00:00:00",405275,CPY1926079,2019-11-05,"2020-05-01 00:00:00",280,Rent,Posted,2019-11-01,2019-11-30,amishd@imtac.com
TAG1902191,2020-06-30,"2008-03-31 00:00:00",402178,CPY1923488,2019-10-03,"2020-05-01 00:00:00",280,Rent,Posted,2019-10-01,2019-10-31,amishd@imtac.com
TAG1902148,2020-06-30,"2008-03-31 00:00:00",408256,CPY1928580,2019-12-03,"2020-05-01 00:00:00",265,Rent,Posted,2019-12-01,2019-12-31,amishd@imtac.com
TAG1902148,2020-06-30,"2008-03-31 00:00:00",405301,CPY1926105,2019-11-05,"2020-05-01 00:00:00",265,Rent,Posted,2019-11-01,2019-11-30,amishd@imtac.com
TAG1902146,2020-06-30,"2008-03-31 00:00:00",399200,CPY1920889,2019-09-07,"2020-05-01 00:00:00",180,Rent,Posted,2019-09-01,2019-09-30,amishd@imtac.com
TAG1902140,2020-05-31,"2008-03-31 00:00:00",406893,CPY1927573,2019-11-12,"2020-05-01 00:00:00",300,Rent,Posted,2019-09-01,2019-09-30,amishd@imtac.com
TAG1902140,2020-05-31,"2008-03-31 00:00:00",405002,CPY1925851,2019-10-01,"2020-05-01 00:00:00",300,Rent,Posted,2019-08-01,2019-08-31,amishd@imtac.com
TAG1902121,2020-08-31,"2008-03-31 00:00:00",406248,CPY1926956,2019-11-07,"2020-05-01 00:00:00",230,Rent,Posted,2019-11-01,2019-11-30,amishd@imtac.com
TAG1902069,2020-06-30,"2008-03-31 00:00:00",392868,CPY1915577,2019-07-02,"2020-05-01 00:00:00",250,Rent,Posted,2019-07-01,2019-07-31,amishd@imtac.com
TAG1902035,2020-05-31,"2008-03-31 00:00:00",397665,CPY1919735,2019-08-18,"2020-05-01 00:00:00",250,Rent,Posted,2019-08-01,2019-08-31,amishd@imtac.com
TAG1902035,2020-05-31,"2008-03-31 00:00:00",394025,CPY1916585,2019-07-14,"2020-05-01 00:00:00",250,Rent,Posted,2019-07-01,2019-07-31,amishd@imtac.com
TAG1902007,2020-06-30,"2008-03-31 00:00:00",415798,CPY2004029,2020-02-13,"2020-05-01 00:00:00",200,Rent,Posted,2020-02-01,2020-02-29,amishd@imtac.com
TAG1901983,2020-05-31,"2008-03-31 00:00:00",400377,CPY1922010,2019-09-30,"2020-05-01 00:00:00",160,Rent,Posted,2019-09-16,2019-10-15,amishd@imtac.com
TAG1901983,2020-05-31,"2008-03-31 00:00:00",398046,CPY1920113,2019-08-18,"2020-05-01 00:00:00",160,Rent,Posted,2019-08-16,2019-09-15,amishd@imtac.com
TAG1901936,2020-05-31,"2008-03-31 00:00:00",422040,CPY2009538,2020-04-29,"2020-05-01 00:00:00",125,Rent,Posted,2020-01-01,2020-01-31,amishd@imtac.com
TAG1901918,2020-06-30,"2008-03-31 00:00:00",406009,CPY1926720,2019-11-07,"2020-05-01 00:00:00",200,Rent,Posted,2019-11-01,2019-11-30,amishd@imtac.com
TAG1901910,2020-07-19,"2008-03-31 00:00:00",421860,CPY2009378,2020-04-20,"2020-05-01 00:00:00",200,Rent,Posted,2020-04-20,2020-05-19,amishd@imtac.com
TAG1901910,2020-07-19,"2008-03-31 00:00:00",395248,CPY1917691,2019-07-18,"2020-05-01 00:00:00",200,Rent,Posted,2019-07-20,2019-08-19,amishd@imtac.com
TAG1901807,2020-05-31,"2008-03-31 00:00:00",417422,CPY2005296,2020-03-03,"2020-05-01 00:00:00",300,Rent,Posted,2020-03-01,2020-03-31,amishd@imtac.com
TAG1901794,2020-06-05,"2008-03-31 00:00:00",396703,CPY1918894,2019-08-07,"2020-05-01 00:00:00",250,Rent,Posted,2019-07-06,2019-08-05,amishd@imtac.com
TAG1901726,2020-05-31,"2008-03-31 00:00:00",392892,CPY1915601,2019-07-02,"2020-05-01 00:00:00",200,Rent,Posted,2019-07-01,2019-07-31,amishd@imtac.com
TAG1901712,2020-05-31,"2008-03-31 00:00:00",420622,CPY2008168,2020-04-05,"2020-05-01 00:00:00",250,Rent,Posted,2020-04-01,2020-04-30,amishd@imtac.com
TAG1901712,2020-05-31,"2008-03-31 00:00:00",418044,CPY2005840,2020-03-06,"2020-05-01 00:00:00",250,Rent,Posted,2020-03-01,2020-03-31,amishd@imtac.com
TAG1901658,2020-05-31,"2008-03-31 00:00:00",390798,CPY1913847,2019-06-12,"2020-05-01 00:00:00",150,Rent,Posted,2019-06-01,2019-06-30,amishd@imtac.com
TAG1901794,2020-06-05,"2008-03-31 00:00:00",422813,CPY2010268,2020-05-07,"2020-05-01 00:00:00",250,Rent,Posted,2020-04-06,2020-05-05,amishd@imtac.com
TAG1903254,2020-05-31,"2008-03-31 00:00:00",423329,CPY2010756,2020-05-10,"2020-05-01 00:00:00",200,Rent,Posted,2020-05-01,2020-05-31,amishd@imtac.com
TAG1901658,2020-05-31,"2008-03-31 00:00:00",422711,CPY2010166,2020-05-07,"2020-05-01 00:00:00",150,Rent,Posted,2020-05-01,2020-05-31,amishd@imtac.com
TAG1901712,2020-05-31,"2008-03-31 00:00:00",422698,CPY2010153,2020-05-07,"2020-05-01 00:00:00",250,Rent,Posted,2020-05-01,2020-05-31,amishd@imtac.com
TAG1901726,2020-05-31,"2008-03-31 00:00:00",422206,CPY2009676,2020-05-03,"2020-05-01 00:00:00",200,Rent,Posted,2020-05-01,2020-05-31,amishd@imtac.com
TAG1901807,2020-05-31,"2008-03-31 00:00:00",422351,CPY2009816,2020-05-03,"2020-05-01 00:00:00",300,Rent,Posted,2020-05-01,2020-05-31,amishd@imtac.com
TAG1901918,2020-06-30,"2008-03-31 00:00:00",422708,CPY2010163,2020-05-07,"2020-05-01 00:00:00",200,Rent,Posted,2020-05-01,2020-05-31,amishd@imtac.com
TAG1901985,2020-06-30,"2008-03-31 00:00:00",422755,CPY2010210,2020-05-07,"2020-05-01 00:00:00",225,Rent,Posted,2020-05-01,2020-05-31,amishd@imtac.com
TAG1901991,2020-06-30,"2008-03-31 00:00:00",423200,CPY2010627,2020-05-10,"2020-05-01 00:00:00",250,Rent,Posted,2020-05-01,2020-05-31,amishd@imtac.com
TAG1902035,2020-05-31,"2008-03-31 00:00:00",423193,CPY2010620,2020-05-10,"2020-05-01 00:00:00",250,Rent,Posted,2020-05-01,2020-05-31,amishd@imtac.com
TAG1902007,2020-06-30,"2008-03-31 00:00:00",423310,CPY2010737,2020-05-10,"2020-05-01 00:00:00",200,Rent,Posted,2020-05-01,2020-05-31,amishd@imtac.com
TAG1902069,2020-06-30,"2008-03-31 00:00:00",422555,CPY2010010,2020-05-07,"2020-05-01 00:00:00",250,Rent,Posted,2020-04-01,2020-04-30,amishd@imtac.com
TAG1902055,2020-06-30,"2008-03-31 00:00:00",422867,CPY2010322,2020-05-07,"2020-05-01 00:00:00",200,Rent,Posted,2020-05-01,2020-05-31,amishd@imtac.com
TAG1902133,2020-06-15,"2008-03-31 00:00:00",423481,CPY2010897,2020-05-14,"2020-05-01 00:00:00",185,Rent,Posted,2020-04-16,2020-05-15,amishd@imtac.com
TAG1902148,2020-06-30,"2008-03-31 00:00:00",422262,CPY2009732,2020-05-03,"2020-05-01 00:00:00",265,Rent,Posted,2020-05-01,2020-05-31,amishd@imtac.com
TAG1902170,2020-06-30,"2008-03-31 00:00:00",423109,CPY2010536,2020-05-10,"2020-05-01 00:00:00",350,Rent,Posted,2020-05-01,2020-05-31,amishd@imtac.com
TAG1902210,2020-07-15,"2008-03-31 00:00:00",423575,CPY2010978,2020-05-17,"2020-05-01 00:00:00",240,Rent,Posted,2020-05-16,2020-06-15,amishd@imtac.com
TAG1902892,2020-06-30,"2008-03-31 00:00:00",422283,CPY2009753,2020-05-03,"2020-05-01 00:00:00",350,Rent,Posted,2020-05-01,2020-05-31,amishd@imtac.com
TAG1902933,2020-05-31,"2008-03-31 00:00:00",422919,CPY2010358,2020-05-06,"2020-05-01 00:00:00",200,Rent,Posted,2020-05-01,2020-05-31,amishd@imtac.com
TAG1903601,2020-05-31,"2008-03-31 00:00:00",422460,CPY2009925,2020-05-03,"2020-05-01 00:00:00",190,Rent,Posted,2020-05-01,2020-05-31,amishd@imtac.com
TAG1903666,2020-11-30,"2008-03-31 00:00:00",422781,CPY2010236,2020-05-07,"2020-05-01 00:00:00",250,Rent,Posted,2020-05-01,2020-05-31,amishd@imtac.com
TAG1901936,2020-05-31,"2008-03-31 00:00:00",422384,CPY2009849,2020-05-03,"2020-05-01 00:00:00",125,Rent,Posted,2020-05-01,2020-05-31,amishd@imtac.com
TAG2001252,2020-06-30,"2008-03-31 00:00:00",422944,CPY2010383,2020-05-10,"2020-05-01 00:00:00",250,Rent,Posted,2020-04-01,2020-04-30,amishd@imtac.com
TAG1402798,2015-07-31,"2008-03-31 00:00:00",225580,CPY1427076,2014-12-14,"2020-05-01 00:00:00",875,Rent,Posted,2014-08-01,2014-12-31,amishd@imtac.com
TAG1402798,2015-07-31,"2008-03-31 00:00:00",229265,CPY1502213,2015-01-11,"2020-05-01 00:00:00",175,Rent,Posted,2015-01-01,2015-01-31,amishd@imtac.com
TAG1402798,2015-07-31,"2008-03-31 00:00:00",231336,CPY1503961,2015-02-10,"2020-05-01 00:00:00",175,Rent,Posted,2015-02-01,2015-02-28,amishd@imtac.com
TAG1402798,2015-07-31,"2008-03-31 00:00:00",234092,CPY1506198,2015-03-10,"2020-05-01 00:00:00",175,Rent,Posted,2015-03-01,2015-03-31,amishd@imtac.com
TAG1402798,2015-07-31,"2008-03-31 00:00:00",237090,CPY1508752,2015-04-12,"2020-05-01 00:00:00",175,Rent,Posted,2015-04-01,2015-04-30,amishd@imtac.com
TAG1402798,2015-07-31,"2008-03-31 00:00:00",239993,CPY1511260,2015-05-11,"2020-05-01 00:00:00",175,Rent,Posted,2015-05-01,2015-05-31,amishd@imtac.com
TAG1402798,2015-07-31,"2008-03-31 00:00:00",243084,CPY1513850,2015-06-10,"2020-05-01 00:00:00",175,Rent,Posted,2015-06-01,2015-06-30,amishd@imtac.com
TAG1402798,2015-07-31,"2008-03-31 00:00:00",246194,CPY1516382,2015-07-14,"2020-05-01 00:00:00",175,Rent,Posted,2015-07-01,2015-07-31,amishd@imtac.com
TAG1403540,2015-10-31,"2008-03-31 00:00:00",225687,CPY1427153,2014-12-15,"2020-05-01 00:00:00",225,Rent,Posted,2014-12-01,2014-12-31,amishd@imtac.com
TAG1403540,2015-10-31,"2008-03-31 00:00:00",228603,CPY1501593,2015-01-12,"2020-05-01 00:00:00",225,Rent,Posted,2015-01-01,2015-01-31,amishd@imtac.com
TAG1403540,2015-10-31,"2008-03-31 00:00:00",231755,CPY1504288,2015-02-15,"2020-05-01 00:00:00",225,Rent,Posted,2014-02-01,2014-02-28,amishd@imtac.com
TAG1403540,2015-10-31,"2008-03-31 00:00:00",234376,CPY1506457,2015-03-12,"2020-05-01 00:00:00",225,Rent,Posted,2015-02-01,2015-02-28,amishd@imtac.com
TAG1403540,2015-10-31,"2008-03-31 00:00:00",237468,CPY1509090,2015-05-01,"2020-05-01 00:00:00",225,Rent,Posted,2015-03-01,2015-03-31,amishd@imtac.com
TAG1403540,2015-10-31,"2008-03-31 00:00:00",240310,CPY1511536,2015-05-12,"2020-05-01 00:00:00",225,Rent,Posted,2015-04-01,2015-04-30,amishd@imtac.com
TAG1403540,2015-10-31,"2008-03-31 00:00:00",243221,CPY1513951,2015-06-14,"2020-05-01 00:00:00",225,Rent,Posted,2015-05-01,2015-05-31,amishd@imtac.com
TAG1403540,2015-10-31,"2008-03-31 00:00:00",246040,CPY1516229,2015-07-14,"2020-05-01 00:00:00",225,Rent,Posted,2015-06-01,2015-06-30,amishd@imtac.com
TAG1403540,2015-10-31,"2008-03-31 00:00:00",249582,CPY1519371,2015-08-13,"2020-05-01 00:00:00",225,Rent,Posted,2015-07-01,2015-07-31,amishd@imtac.com
TAG1403540,2015-10-31,"2008-03-31 00:00:00",253090,CPY1522345,2015-09-20,"2020-05-01 00:00:00",225,Rent,Posted,2015-08-01,2015-08-31,amishd@imtac.com
TAG1403540,2015-10-31,"2008-03-31 00:00:00",255604,CPY1524496,2015-10-13,"2020-05-01 00:00:00",225,Rent,Posted,2015-10-01,2015-10-31,amishd@imtac.com
TAG1502872,2016-07-31,"2008-03-31 00:00:00",252752,CPY1522035,2015-09-16,"2020-05-01 00:00:00",175,Rent,Posted,2015-09-01,2015-09-30,amishd@imtac.com
TAG1502872,2016-07-31,"2008-03-31 00:00:00",255807,CPY1524632,2015-10-18,"2020-05-01 00:00:00",175,Rent,Posted,2015-10-01,2015-10-31,amishd@imtac.com
TAG1502872,2016-07-31,"2008-03-31 00:00:00",259185,CPY1527567,2015-11-15,"2020-05-01 00:00:00",175,Rent,Posted,2015-11-01,2015-11-30,amishd@imtac.com
TAG1502872,2016-07-31,"2008-03-31 00:00:00",261963,CPY1529902,2015-12-15,"2020-05-01 00:00:00",175,Rent,Posted,2015-12-01,2015-12-31,amishd@imtac.com
TAG1502872,2016-07-31,"2008-03-31 00:00:00",265330,CPY1602145,2016-01-16,"2020-05-01 00:00:00",175,Rent,Posted,2016-01-01,2016-01-31,amishd@imtac.com
TAG1502872,2016-07-31,"2008-03-31 00:00:00",268141,CPY1604587,2016-02-16,"2020-05-01 00:00:00",175,Rent,Posted,2016-02-01,2016-02-29,amishd@imtac.com
TAG1502872,2016-07-31,"2008-03-31 00:00:00",271583,CPY1607498,2016-03-16,"2020-05-01 00:00:00",175,Rent,Posted,2016-03-01,2016-03-31,amishd@imtac.com
TAG1502872,2016-07-31,"2008-03-31 00:00:00",275019,CPY1610346,2016-04-18,"2020-05-01 00:00:00",175,Rent,Posted,2016-04-01,2016-04-30,amishd@imtac.com
TAG1502872,2016-07-31,"2008-03-31 00:00:00",277973,CPY1612782,2016-05-16,"2020-05-01 00:00:00",175,Rent,Posted,2016-05-01,2016-05-31,amishd@imtac.com
TAG1502872,2016-07-31,"2008-03-31 00:00:00",280039,CPY1614383,2016-06-16,"2020-05-01 00:00:00",175,Rent,Posted,2016-06-01,2016-06-30,amishd@imtac.com
TAG1502872,2016-07-31,"2008-03-31 00:00:00",284477,CPY1618401,2016-07-18,"2020-05-01 00:00:00",175,Rent,Posted,2016-07-01,2016-07-31,amishd@imtac.com
TAG1600612,2019-12-31,"2019-12-31 00:00:00",276381,CPY1611391,2016-05-01,"2020-05-01 00:00:00",8145,Rent,Posted,2016-05-01,2016-07-31,amishd@imtac.com
TAG1600612,2019-12-31,"2019-12-31 00:00:00",285660,CPY1619324,2016-08-03,"2020-05-01 00:00:00",8145,Rent,Posted,2016-08-01,2016-10-31,amishd@imtac.com
TAG1600612,2019-12-31,"2019-12-31 00:00:00",295009,CPY1627302,2016-11-03,"2020-05-01 00:00:00",8145,Rent,Posted,2016-11-01,2017-01-31,amishd@imtac.com
TAG1600612,2019-12-31,"2019-12-31 00:00:00",305171,CPY1703875,2017-02-06,"2020-05-01 00:00:00",8145,Rent,Posted,2017-02-01,2017-04-30,amishd@imtac.com
TAG1600612,2019-12-31,"2019-12-31 00:00:00",313595,CPY1711093,2017-05-03,"2020-05-01 00:00:00",8145,Rent,Posted,2017-05-01,2017-07-31,amishd@imtac.com
TAG1600612,2019-12-31,"2019-12-31 00:00:00",335606,CPY1729813,2017-12-14,"2020-05-01 00:00:00",2715,Rent,Posted,2017-08-01,2017-08-31,amishd@imtac.com
TAG1600612,2019-12-31,"2019-12-31 00:00:00",335607,CPY1729814,2017-12-14,"2020-05-01 00:00:00",2715,Rent,Posted,2017-09-01,2017-09-30,amishd@imtac.com
TAG1600612,2019-12-31,"2019-12-31 00:00:00",270837,CPY1606837,2016-03-10,"2020-05-01 00:00:00",2715,Deposit,Posted,,,amishd@imtac.com
TAG1600612,2019-12-31,"2019-12-31 00:00:00",352945,CPY1812849,2018-05-22,"2020-05-01 00:00:00",2715,Rent,Posted,2017-11-01,2017-11-30,amishd@imtac.com
TAG1600612,2019-12-31,"2019-12-31 00:00:00",352946,CPY1812850,2018-05-22,"2020-05-01 00:00:00",2715,Rent,Posted,2017-12-01,2017-12-31,amishd@imtac.com
TAG1600612,2019-12-31,"2019-12-31 00:00:00",361855,CPY1820436,2018-08-27,"2020-05-01 00:00:00",2715,Rent,Posted,2018-01-01,2018-01-31,amishd@imtac.com
TAG1600612,2019-12-31,"2019-12-31 00:00:00",363540,CPY1821846,2018-09-03,"2020-05-01 00:00:00",2715,Rent,Posted,2018-02-01,2018-02-28,amishd@imtac.com
TAG1600612,2019-12-31,"2019-12-31 00:00:00",365999,CPY1823797,2018-10-02,"2020-05-01 00:00:00",2715,Rent,Posted,2018-03-01,2018-03-31,amishd@imtac.com
TAG1600612,2019-12-31,"2019-12-31 00:00:00",368138,CPY1825671,2018-10-28,"2020-05-01 00:00:00",2715,Rent,Posted,2018-04-01,2018-04-30,amishd@imtac.com
TAG1600612,2019-12-31,"2019-12-31 00:00:00",370740,CPY1827864,2018-11-26,"2020-05-01 00:00:00",2715,Rent,Posted,2018-05-01,2018-05-31,amishd@imtac.com
TAG1600612,2019-12-31,"2019-12-31 00:00:00",372423,CPY1829234,2018-11-30,"2020-05-01 00:00:00",2715,Rent,Posted,2018-06-01,2018-06-30,amishd@imtac.com
TAG1600612,2019-12-31,"2019-12-31 00:00:00",373701,CPY1830428,2018-12-19,"2020-05-01 00:00:00",5430,Rent,Posted,2018-07-01,2018-08-31,amishd@imtac.com
TAG1600612,2019-12-31,"2019-12-31 00:00:00",374050,CPY1830689,2018-12-23,"2020-05-01 00:00:00",2715,Rent,Posted,2018-09-01,2018-09-30,amishd@imtac.com
TAG1600612,2019-12-31,"2019-12-31 00:00:00",385895,CPY1909856,2019-04-16,"2020-05-01 00:00:00",2715,Rent,Posted,2018-10-01,2018-10-31,amishd@imtac.com
TAG1600612,2019-12-31,"2019-12-31 00:00:00",392047,CPY1915067,2019-06-18,"2020-05-01 00:00:00",2715,Rent,Posted,2018-11-01,2018-11-30,amishd@imtac.com
TAG1600612,2019-12-31,"2019-12-31 00:00:00",393677,CPY1916261,2019-07-08,"2020-05-01 00:00:00",2715,Rent,Posted,2018-12-01,2018-12-31,amishd@imtac.com
TAG1600612,2019-12-31,"2019-12-31 00:00:00",398149,CPY1920212,2019-08-20,"2020-05-01 00:00:00",2715,Rent,Posted,2019-01-01,2019-01-31,amishd@imtac.com
TAG1600612,2019-12-31,"2019-12-31 00:00:00",401715,CPY1923191,2019-09-28,"2020-05-01 00:00:00",2715,Rent,Posted,2019-02-01,2019-02-28,amishd@imtac.com
TAG1600612,2019-12-31,"2019-12-31 00:00:00",405612,CPY1926409,2019-11-06,"2020-05-01 00:00:00",2715,Rent,Posted,2019-03-01,2019-03-31,amishd@imtac.com
TAG1600612,2019-12-31,"2019-12-31 00:00:00",410525,CPY1930646,2019-12-23,"2020-05-01 00:00:00",2715,Rent,Posted,2019-04-01,2019-04-30,amishd@imtac.com
TAG1600612,2019-12-31,"2019-12-31 00:00:00",410998,CPY1930913,2019-12-31,"2020-05-01 00:00:00",2715,Rent,Posted,2019-05-01,2019-05-31,amishd@imtac.com
TAG1600612,2019-12-31,"2019-12-31 00:00:00",415053,CPY2003363,2020-02-05,"2020-05-01 00:00:00",8145,Rent,Posted,2019-07-01,2019-09-30,amishd@imtac.com
TAG1600612,2019-12-31,"2019-12-31 00:00:00",417407,CPY2005281,2020-03-03,"2020-05-01 00:00:00",8145,Rent,Posted,2019-10-01,2019-12-31,amishd@imtac.com
TAG1602682,2017-07-31,"2008-03-31 00:00:00",290357,CPY1623431,2016-09-18,"2020-05-01 00:00:00",175,Rent,Posted,2016-09-01,2016-09-30,amishd@imtac.com
TAG1602682,2017-07-31,"2008-03-31 00:00:00",293137,CPY1625873,2016-10-13,"2020-05-01 00:00:00",175,Rent,Posted,2016-10-01,2016-10-31,amishd@imtac.com
TAG1602682,2017-07-31,"2008-03-31 00:00:00",296148,CPY1628338,2016-11-13,"2020-05-01 00:00:00",175,Rent,Posted,2016-11-01,2016-11-30,amishd@imtac.com
TAG1602682,2017-07-31,"2008-03-31 00:00:00",299174,CPY1631017,2016-12-13,"2020-05-01 00:00:00",175,Rent,Posted,2016-12-01,2016-12-31,amishd@imtac.com
TAG1602682,2017-07-31,"2008-03-31 00:00:00",302151,CPY1701434,2017-01-10,"2020-05-01 00:00:00",175,Rent,Posted,2017-01-01,2017-01-31,amishd@imtac.com
TAG1602682,2017-07-31,"2008-03-31 00:00:00",305738,CPY1704398,2017-02-13,"2020-05-01 00:00:00",175,Rent,Posted,2017-02-01,2017-02-28,amishd@imtac.com
TAG1602682,2017-07-31,"2008-03-31 00:00:00",308617,CPY1706849,2017-03-13,"2020-05-01 00:00:00",175,Rent,Posted,2017-03-01,2017-03-31,amishd@imtac.com
TAG1602682,2017-07-31,"2008-03-31 00:00:00",311551,CPY1709394,2017-04-11,"2020-05-01 00:00:00",175,Rent,Posted,2017-04-01,2017-04-30,amishd@imtac.com
TAG1602682,2017-07-31,"2008-03-31 00:00:00",314804,CPY1712103,2017-05-11,"2020-05-01 00:00:00",175,Rent,Posted,2017-05-01,2017-05-31,amishd@imtac.com
TAG1602682,2017-07-31,"2008-03-31 00:00:00",318484,CPY1715342,2017-06-18,"2020-05-01 00:00:00",175,Rent,Posted,2017-06-01,2017-06-30,amishd@imtac.com
TAG1602682,2017-07-31,"2008-03-31 00:00:00",320983,CPY1717511,2017-07-12,"2020-05-01 00:00:00",175,Rent,Posted,2017-07-01,2017-07-31,amishd@imtac.com
TAG1603337,2017-10-31,"2008-03-31 00:00:00",299445,CPY1631270,2016-12-13,"2020-05-01 00:00:00",225,Rent,Posted,2016-12-01,2016-12-31,amishd@imtac.com
TAG1603337,2017-10-31,"2008-03-31 00:00:00",302588,CPY1701849,2017-01-12,"2020-05-01 00:00:00",225,Rent,Posted,2017-01-01,2017-01-31,amishd@imtac.com
TAG1603337,2017-10-31,"2008-03-31 00:00:00",305524,CPY1704203,2017-02-12,"2020-05-01 00:00:00",225,Rent,Posted,2017-02-01,2017-02-28,amishd@imtac.com
TAG1603337,2017-10-31,"2008-03-31 00:00:00",311755,CPY1709591,2017-04-12,"2020-05-01 00:00:00",225,Rent,Posted,2017-04-01,2017-04-30,amishd@imtac.com
TAG1603337,2017-10-31,"2008-03-31 00:00:00",315142,CPY1712424,2017-05-14,"2020-05-01 00:00:00",225,Rent,Posted,2017-05-01,2017-05-31,amishd@imtac.com
TAG1603337,2017-10-31,"2008-03-31 00:00:00",317920,CPY1714813,2017-06-18,"2020-05-01 00:00:00",225,Rent,Posted,2017-06-01,2017-06-30,amishd@imtac.com
TAG1603337,2017-10-31,"2008-03-31 00:00:00",321141,CPY1717664,2017-07-12,"2020-05-01 00:00:00",225,Rent,Posted,2017-07-01,2017-07-31,amishd@imtac.com
TAG1603337,2017-10-31,"2008-03-31 00:00:00",323875,CPY1719897,2017-08-13,"2020-05-01 00:00:00",225,Rent,Posted,2017-08-01,2017-08-31,amishd@imtac.com
TAG1603337,2017-10-31,"2008-03-31 00:00:00",327197,CPY1722794,2017-09-13,"2020-05-01 00:00:00",225,Rent,Posted,2017-09-01,2017-09-30,amishd@imtac.com
TAG1603337,2017-10-31,"2008-03-31 00:00:00",330518,CPY1725618,2017-10-16,"2020-05-01 00:00:00",225,Rent,Posted,2017-10-01,2017-10-31,amishd@imtac.com
TAG1700299,2018-01-31,"2008-03-31 00:00:00",313007,CPY1710580,2017-04-06,"2020-05-01 00:00:00",3000,Rent,Posted,2017-02-01,2018-01-31,amishd@imtac.com
TAG1703679,2018-10-31,"2008-03-31 00:00:00",339060,CPY1801193,2018-01-10,"2020-05-01 00:00:00",225,Rent,Posted,2017-12-01,2017-12-31,amishd@imtac.com
TAG1703679,2018-10-31,"2008-03-31 00:00:00",342414,CPY1804057,2018-02-15,"2020-05-01 00:00:00",225,Rent,Posted,2018-01-01,2018-01-31,amishd@imtac.com
TAG1703679,2018-10-31,"2008-03-31 00:00:00",345980,CPY1807062,2018-03-17,"2020-05-01 00:00:00",225,Rent,Posted,2018-02-01,2018-02-28,amishd@imtac.com
TAG1703679,2018-10-31,"2008-03-31 00:00:00",349145,CPY1809701,2018-04-19,"2020-05-01 00:00:00",225,Rent,Posted,2018-03-01,2018-03-31,amishd@imtac.com
TAG1703679,2018-10-31,"2008-03-31 00:00:00",351833,CPY1811915,2018-05-15,"2020-05-01 00:00:00",225,Rent,Posted,2018-04-01,2018-04-30,amishd@imtac.com
TAG1703679,2018-10-31,"2008-03-31 00:00:00",354355,CPY1813974,2018-06-24,"2020-05-01 00:00:00",225,Rent,Posted,2018-05-01,2018-05-31,amishd@imtac.com
TAG1703679,2018-10-31,"2008-03-31 00:00:00",358042,CPY1817251,2018-07-15,"2020-05-01 00:00:00",225,Rent,Posted,2018-06-01,2018-06-30,amishd@imtac.com
TAG1703679,2018-10-31,"2008-03-31 00:00:00",361056,CPY1819757,2018-08-15,"2020-05-01 00:00:00",225,Rent,Posted,2018-07-01,2018-07-31,amishd@imtac.com
TAG1703679,2018-10-31,"2008-03-31 00:00:00",363691,CPY1821934,2018-09-16,"2020-05-01 00:00:00",225,Rent,Posted,2018-08-01,2018-08-31,amishd@imtac.com
TAG1703679,2018-10-31,"2008-03-31 00:00:00",367288,CPY1824942,2018-10-15,"2020-05-01 00:00:00",225,Rent,Posted,2018-09-01,2018-09-30,amishd@imtac.com
TAG1703679,2018-10-31,"2008-03-31 00:00:00",374155,CPY1830725,2018-12-27,"2020-05-01 00:00:00",225,Rent,Posted,2018-10-01,2018-10-31,amishd@imtac.com
TAG1800774,2018-07-15,"2018-07-15 00:00:00",367190,CPY1824855,2018-10-18,"2020-05-01 00:00:00",865,Rent,Posted,2018-03-21,2018-05-15,amishd@imtac.com
TAG1802183,2019-05-20,"2008-03-31 00:00:00",364833,CPY1822940,2018-09-30,"2020-05-01 00:00:00",870,Rent,Posted,2018-08-21,2018-11-20,amishd@imtac.com
TAG1802185,2019-05-31,"2008-03-31 00:00:00",364836,CPY1822943,2018-09-30,"2020-05-01 00:00:00",870,Rent,Posted,2018-06-01,2018-08-31,amishd@imtac.com
TAG1802185,2019-05-31,"2008-03-31 00:00:00",364837,CPY1822944,2018-09-30,"2020-05-01 00:00:00",870,Rent,Posted,2018-09-01,2018-11-30,amishd@imtac.com
TAG1802184,2019-05-31,"2008-03-31 00:00:00",364838,CPY1822945,2018-09-30,"2020-05-01 00:00:00",870,Rent,Posted,2018-06-01,2018-08-31,amishd@imtac.com
TAG1802184,2019-05-31,"2008-03-31 00:00:00",364839,CPY1822946,2018-09-30,"2020-05-01 00:00:00",870,Rent,Posted,2018-09-01,2018-11-30,amishd@imtac.com
TAG1802183,2019-05-20,"2008-03-31 00:00:00",370833,CPY1827909,2018-11-28,"2020-05-01 00:00:00",870,Rent,Posted,2018-11-21,2019-02-20,amishd@imtac.com
TAG1802440,2019-07-15,"2008-03-31 00:00:00",358577,CPY1817707,2018-07-22,"2020-05-01 00:00:00",260,Rent,Posted,2018-07-16,2018-08-15,amishd@imtac.com
TAG1802440,2019-07-15,"2008-03-31 00:00:00",361495,CPY1820161,2018-08-20,"2020-05-01 00:00:00",260,Rent,Posted,2018-08-16,2018-09-15,amishd@imtac.com
TAG1802440,2019-07-15,"2008-03-31 00:00:00",364273,CPY1822465,2018-09-23,"2020-05-01 00:00:00",260,Rent,Posted,2018-09-16,2018-10-15,amishd@imtac.com
TAG1802440,2019-07-15,"2008-03-31 00:00:00",367449,CPY1825089,2018-10-17,"2020-05-01 00:00:00",260,Rent,Posted,2018-10-16,2018-11-15,amishd@imtac.com
TAG1802440,2019-07-15,"2008-03-31 00:00:00",370489,CPY1827660,2018-11-19,"2020-05-01 00:00:00",260,Rent,Posted,2018-11-16,2018-12-15,amishd@imtac.com
TAG1802440,2019-07-15,"2008-03-31 00:00:00",373284,CPY1830022,2018-12-20,"2020-05-01 00:00:00",260,Rent,Posted,2018-12-16,2019-01-15,amishd@imtac.com
TAG1802440,2019-07-15,"2008-03-31 00:00:00",376287,CPY1901788,2019-01-17,"2020-05-01 00:00:00",260,Rent,Posted,2019-01-16,2019-02-15,amishd@imtac.com
TAG1802440,2019-07-15,"2008-03-31 00:00:00",378913,CPY1903871,2019-02-19,"2020-05-01 00:00:00",260,Rent,Posted,2019-02-16,2019-03-15,amishd@imtac.com
TAG1802440,2019-07-15,"2008-03-31 00:00:00",382971,CPY1907376,2019-03-20,"2020-05-01 00:00:00",260,Rent,Posted,2019-03-16,2019-04-15,amishd@imtac.com
TAG1802440,2019-07-15,"2008-03-31 00:00:00",385889,CPY1909851,2019-04-16,"2020-05-01 00:00:00",260,Rent,Posted,2019-04-16,2019-05-15,amishd@imtac.com
TAG1802440,2019-07-15,"2008-03-31 00:00:00",391758,CPY1914784,2019-06-18,"2020-05-01 00:00:00",260,Rent,Posted,2019-05-16,2019-06-15,amishd@imtac.com
TAG1802440,2019-07-15,"2008-03-31 00:00:00",392096,CPY1915087,2019-05-31,"2020-05-01 00:00:00",260,Rent,Posted,2019-06-16,2019-07-15,amishd@imtac.com
TAG1802931,2019-07-31,"2008-03-31 00:00:00",382150,CPY1906658,2019-03-15,"2020-05-01 00:00:00",160,Rent,Posted,2019-02-01,2019-02-28,amishd@imtac.com
TAG1802931,2019-07-31,"2008-03-31 00:00:00",384979,CPY1909040,2019-04-14,"2020-05-01 00:00:00",160,Rent,Posted,2019-03-01,2019-03-31,amishd@imtac.com
TAG1802931,2019-07-31,"2008-03-31 00:00:00",388469,CPY1911940,2019-05-17,"2020-05-01 00:00:00",160,Rent,Posted,2019-04-01,2019-04-30,amishd@imtac.com
TAG1802931,2019-07-31,"2008-03-31 00:00:00",391586,CPY1914615,2019-06-15,"2020-05-01 00:00:00",160,Rent,Posted,2019-05-01,2019-05-31,amishd@imtac.com
TAG1802931,2019-07-31,"2008-03-31 00:00:00",394116,CPY1916676,2019-07-14,"2020-05-01 00:00:00",160,Rent,Posted,2019-06-01,2019-06-30,amishd@imtac.com
TAG1802931,2019-07-31,"2008-03-31 00:00:00",397876,CPY1919944,2019-08-18,"2020-05-01 00:00:00",160,Rent,Posted,2019-07-01,2019-07-31,amishd@imtac.com
TAG1900964,2020-03-31,"2008-03-31 00:00:00",386065,CPY1910023,2019-04-23,"2020-05-01 00:00:00",200,Rent,Posted,2019-04-01,2019-04-30,amishd@imtac.com
TAG1900964,2020-03-31,"2008-03-31 00:00:00",389353,CPY1912638,2019-05-27,"2020-05-01 00:00:00",200,Rent,Posted,2019-05-01,2019-05-31,amishd@imtac.com
TAG1900964,2020-03-31,"2008-03-31 00:00:00",391258,CPY1914290,2019-06-15,"2020-05-01 00:00:00",200,Rent,Posted,2019-06-01,2019-06-30,amishd@imtac.com
TAG1900964,2020-03-31,"2008-03-31 00:00:00",397219,CPY1919292,2019-08-18,"2020-05-01 00:00:00",200,Rent,Posted,2019-08-01,2019-08-31,amishd@imtac.com
TAG1900964,2020-03-31,"2008-03-31 00:00:00",400422,CPY1922052,2019-09-18,"2020-05-01 00:00:00",200,Rent,Posted,2019-09-01,2019-09-30,amishd@imtac.com
TAG1900964,2020-03-31,"2008-03-31 00:00:00",403927,CPY1925031,2019-10-10,"2020-05-01 00:00:00",200,Rent,Posted,2019-10-01,2019-10-31,amishd@imtac.com
TAG1900964,2020-03-31,"2008-03-31 00:00:00",406374,CPY1927058,2019-11-11,"2020-05-01 00:00:00",200,Rent,Posted,2019-11-01,2019-11-30,amishd@imtac.com
TAG1900964,2020-03-31,"2008-03-31 00:00:00",409511,CPY1929678,2019-12-11,"2020-05-01 00:00:00",200,Rent,Posted,2019-12-01,2019-12-31,amishd@imtac.com
TAG1900964,2020-03-31,"2008-03-31 00:00:00",412740,CPY2001429,2020-01-23,"2020-05-01 00:00:00",200,Rent,Posted,2020-01-01,2020-01-31,amishd@imtac.com
TAG1900964,2020-03-31,"2008-03-31 00:00:00",415490,CPY2003723,2020-02-13,"2020-05-01 00:00:00",200,Rent,Posted,2020-02-01,2020-02-29,amishd@imtac.com
TAG1900964,2020-03-31,"2008-03-31 00:00:00",418463,CPY2006171,2020-03-15,"2020-05-01 00:00:00",200,Rent,Posted,2020-03-01,2020-03-31,amishd@imtac.com
TAG1901055,2020-04-30,"2008-03-31 00:00:00",387356,CPY1910890,2019-05-12,"2020-05-01 00:00:00",315,Rent,Posted,2019-05-01,2019-05-31,amishd@imtac.com
TAG1901055,2020-04-30,"2008-03-31 00:00:00",390403,CPY1913479,2019-06-12,"2020-05-01 00:00:00",315,Rent,Posted,2019-06-01,2019-06-30,amishd@imtac.com
TAG1901055,2020-04-30,"2008-03-31 00:00:00",395038,CPY1917485,2019-07-18,"2020-05-01 00:00:00",315,Rent,Posted,2019-07-01,2019-07-31,amishd@imtac.com
TAG1901055,2020-04-30,"2008-03-31 00:00:00",398402,CPY1920364,2019-08-27,"2020-05-01 00:00:00",315,Rent,Posted,2019-08-01,2019-08-31,amishd@imtac.com
TAG1901055,2020-04-30,"2008-03-31 00:00:00",399768,CPY1921426,2019-09-16,"2020-05-01 00:00:00",315,Rent,Posted,2019-09-01,2019-09-30,amishd@imtac.com
TAG1901055,2020-04-30,"2008-03-31 00:00:00",402609,CPY1923846,2019-10-08,"2020-05-01 00:00:00",315,Rent,Posted,2019-10-01,2019-10-31,amishd@imtac.com
TAG1901055,2020-04-30,"2008-03-31 00:00:00",408824,CPY1929096,2019-12-08,"2020-05-01 00:00:00",315,Rent,Posted,2019-12-01,2019-12-31,amishd@imtac.com
TAG1901055,2020-04-30,"2008-03-31 00:00:00",414201,CPY2002522,2020-02-03,"2020-05-01 00:00:00",315,Rent,Posted,2020-01-01,2020-01-31,amishd@imtac.com
TAG1901055,2020-04-30,"2008-03-31 00:00:00",414202,CPY2002523,2020-02-03,"2020-05-01 00:00:00",315,Rent,Posted,2020-02-01,2020-02-29,amishd@imtac.com
TAG1901055,2020-04-30,"2008-03-31 00:00:00",417731,CPY2005576,2020-03-06,"2020-05-01 00:00:00",315,Rent,Posted,2020-03-01,2020-03-31,amishd@imtac.com
TAG1901055,2020-04-30,"2008-03-31 00:00:00",420394,CPY2007941,2020-04-05,"2020-05-01 00:00:00",315,Rent,Posted,2020-04-01,2020-04-30,amishd@imtac.com
TAG1901415,2020-05-15,"2008-03-31 00:00:00",391865,CPY1914885,2019-06-18,"2020-05-01 00:00:00",180,Rent,Posted,2019-06-16,2019-07-15,amishd@imtac.com
TAG1901415,2020-05-15,"2008-03-31 00:00:00",394620,CPY1917110,2019-07-16,"2020-05-01 00:00:00",180,Rent,Posted,2019-07-16,2019-08-15,amishd@imtac.com
TAG1901415,2020-05-15,"2008-03-31 00:00:00",397644,CPY1919714,2019-08-18,"2020-05-01 00:00:00",180,Rent,Posted,2019-08-16,2019-09-15,amishd@imtac.com
TAG1901415,2020-05-15,"2008-03-31 00:00:00",400327,CPY1921961,2019-09-18,"2020-05-01 00:00:00",180,Rent,Posted,2019-09-16,2019-10-15,amishd@imtac.com
TAG1901415,2020-05-15,"2008-03-31 00:00:00",403512,CPY1924642,2019-10-15,"2020-05-01 00:00:00",180,Rent,Posted,2019-10-16,2019-11-15,amishd@imtac.com
TAG1901415,2020-05-15,"2008-03-31 00:00:00",407158,CPY1927816,2019-11-18,"2020-05-01 00:00:00",180,Rent,Posted,2019-11-16,2019-12-15,amishd@imtac.com
TAG1901415,2020-05-15,"2008-03-31 00:00:00",410766,CPY1930795,2019-12-29,"2020-05-01 00:00:00",180,Rent,Posted,2019-12-16,2020-01-15,amishd@imtac.com
TAG1901415,2020-05-15,"2008-03-31 00:00:00",413517,CPY2002158,2020-01-16,"2020-05-01 00:00:00",180,Rent,Posted,2020-01-16,2020-02-15,amishd@imtac.com
TAG1901415,2020-05-15,"2008-03-31 00:00:00",416193,CPY2004394,2020-02-18,"2020-05-01 00:00:00",180,Rent,Posted,2020-02-16,2020-03-15,amishd@imtac.com
TAG1901415,2020-05-15,"2008-03-31 00:00:00",419124,CPY2006738,2020-03-20,"2020-05-01 00:00:00",180,Rent,Posted,2020-03-16,2020-04-15,amishd@imtac.com
TAG1901415,2020-05-15,"2008-03-31 00:00:00",421528,CPY2009052,2020-04-15,"2020-05-01 00:00:00",180,Rent,Posted,2020-04-16,2020-05-15,amishd@imtac.com
TAG1901604,2020-05-31,"2008-03-31 00:00:00",392181,CPY1915119,2019-06-25,"2020-05-01 00:00:00",825,Rent,Posted,2019-06-01,2019-08-31,amishd@imtac.com
TAG1901602,2020-05-20,"2008-03-31 00:00:00",392182,CPY1915120,2019-06-25,"2020-05-01 00:00:00",825,Rent,Posted,2019-05-21,2019-08-20,amishd@imtac.com
TAG1901603,2020-05-31,"2008-03-31 00:00:00",392183,CPY1915121,2019-06-25,"2020-05-01 00:00:00",825,Rent,Posted,2019-06-01,2019-08-31,amishd@imtac.com
TAG1901602,2020-05-20,"2008-03-31 00:00:00",395258,CPY1917699,2019-07-18,"2020-05-01 00:00:00",825,Rent,Posted,2019-08-21,2019-11-20,amishd@imtac.com
TAG1901605,2020-05-31,"2008-03-31 00:00:00",399209,CPY1920898,2019-09-07,"2020-05-01 00:00:00",825,Rent,Posted,2019-09-01,2019-11-30,amishd@imtac.com
TAG1901603,2020-05-31,"2008-03-31 00:00:00",399210,CPY1920899,2019-09-07,"2020-05-01 00:00:00",825,Rent,Posted,2019-09-01,2019-11-30,amishd@imtac.com
TAG1901604,2020-05-31,"2008-03-31 00:00:00",399212,CPY1920901,2019-09-07,"2020-05-01 00:00:00",825,Rent,Posted,2019-09-01,2019-11-30,amishd@imtac.com
TAG1901602,2020-05-20,"2008-03-31 00:00:00",407627,CPY1928173,2019-11-24,"2020-05-01 00:00:00",825,Rent,Posted,2019-11-21,2020-02-20,amishd@imtac.com
TAG1901603,2020-05-31,"2008-03-31 00:00:00",408036,CPY1928364,2019-12-03,"2020-05-01 00:00:00",825,Rent,Posted,2019-12-01,2020-02-29,amishd@imtac.com
TAG1901604,2020-05-31,"2008-03-31 00:00:00",408038,CPY1928366,2019-12-03,"2020-05-01 00:00:00",825,Rent,Posted,2019-12-01,2020-02-29,amishd@imtac.com
TAG1901602,2020-05-20,"2008-03-31 00:00:00",416691,CPY2004783,2020-02-25,"2020-05-01 00:00:00",825,Rent,Posted,2020-02-21,2020-05-20,amishd@imtac.com
TAG1901603,2020-05-31,"2008-03-31 00:00:00",417119,CPY2005010,2020-03-03,"2020-05-01 00:00:00",825,Rent,Posted,2020-03-01,2020-05-31,amishd@imtac.com
TAG1901604,2020-05-31,"2008-03-31 00:00:00",417121,CPY2005012,2020-03-03,"2020-05-01 00:00:00",825,Rent,Posted,2020-03-01,2020-05-31,amishd@imtac.com
TAG1901605,2020-05-31,"2008-03-31 00:00:00",408035,CPY1928363,2019-12-03,"2020-05-01 00:00:00",825,Rent,Posted,2019-12-01,2020-02-29,amishd@imtac.com
TAG1901605,2020-05-31,"2008-03-31 00:00:00",417118,CPY2005009,2020-03-03,"2020-05-01 00:00:00",825,Rent,Posted,2020-03-01,2020-05-31,amishd@imtac.com
TAG1901705,2020-05-31,"2008-03-31 00:00:00",392184,CPY1915122,2019-06-25,"2020-05-01 00:00:00",825,Rent,Posted,2019-06-01,2019-08-31,amishd@imtac.com
TAG1901726,2020-05-31,"2008-03-31 00:00:00",395967,CPY1918196,2019-08-06,"2020-05-01 00:00:00",200,Rent,Posted,2019-08-01,2019-08-31,amishd@imtac.com
TAG1901726,2020-05-31,"2008-03-31 00:00:00",399322,CPY1921009,2019-09-07,"2020-05-01 00:00:00",200,Rent,Posted,2019-09-01,2019-09-30,amishd@imtac.com
TAG1901726,2020-05-31,"2008-03-31 00:00:00",402131,CPY1923441,2019-10-03,"2020-05-01 00:00:00",200,Rent,Posted,2019-10-01,2019-10-31,amishd@imtac.com
TAG1901726,2020-05-31,"2008-03-31 00:00:00",405223,CPY1926027,2019-11-05,"2020-05-01 00:00:00",200,Rent,Posted,2019-11-01,2019-11-30,amishd@imtac.com
TAG1901726,2020-05-31,"2008-03-31 00:00:00",408170,CPY1928498,2019-12-03,"2020-05-01 00:00:00",200,Rent,Posted,2019-12-01,2019-12-31,amishd@imtac.com
TAG1901726,2020-05-31,"2008-03-31 00:00:00",411190,CPY2000126,2020-01-03,"2020-05-01 00:00:00",200,Rent,Posted,2020-01-01,2020-01-31,amishd@imtac.com
TAG1901726,2020-05-31,"2008-03-31 00:00:00",414412,CPY2002732,2020-02-05,"2020-05-01 00:00:00",200,Rent,Posted,2020-02-01,2020-02-29,amishd@imtac.com
TAG1901726,2020-05-31,"2008-03-31 00:00:00",417252,CPY2005131,2020-03-03,"2020-05-01 00:00:00",200,Rent,Posted,2020-03-01,2020-03-31,amishd@imtac.com
TAG1901726,2020-05-31,"2008-03-31 00:00:00",421686,CPY2009207,2020-04-16,"2020-05-01 00:00:00",200,Rent,Posted,2020-04-01,2020-04-30,amishd@imtac.com
TAG1901741,2020-05-15,"2008-03-31 00:00:00",391925,CPY1914945,2019-06-18,"2020-05-01 00:00:00",200,Rent,Posted,2019-06-16,2019-07-15,amishd@imtac.com
TAG1901741,2020-05-15,"2008-03-31 00:00:00",394690,CPY1917175,2019-07-16,"2020-05-01 00:00:00",200,Rent,Posted,2019-07-16,2019-08-15,amishd@imtac.com
TAG1901741,2020-05-15,"2008-03-31 00:00:00",397811,CPY1919880,2019-08-18,"2020-05-01 00:00:00",200,Rent,Posted,2019-08-16,2019-09-15,amishd@imtac.com
TAG1901741,2020-05-15,"2008-03-31 00:00:00",401487,CPY1923004,2019-09-24,"2020-05-01 00:00:00",200,Rent,Posted,2019-09-16,2019-10-15,amishd@imtac.com
TAG1901741,2020-05-15,"2008-03-31 00:00:00",403537,CPY1924667,2019-10-15,"2020-05-01 00:00:00",200,Rent,Posted,2019-10-16,2019-11-15,amishd@imtac.com
TAG1901741,2020-05-15,"2008-03-31 00:00:00",407248,CPY1927906,2019-11-18,"2020-05-01 00:00:00",200,Rent,Posted,2019-11-16,2019-12-15,amishd@imtac.com
TAG1901741,2020-05-15,"2008-03-31 00:00:00",410164,CPY1930324,2019-12-16,"2020-05-01 00:00:00",200,Rent,Posted,2019-12-16,2020-01-15,amishd@imtac.com
TAG1901741,2020-05-15,"2008-03-31 00:00:00",413059,CPY2001734,2020-01-16,"2020-05-01 00:00:00",200,Rent,Posted,2020-01-16,2020-02-15,amishd@imtac.com
TAG1901741,2020-05-15,"2008-03-31 00:00:00",416308,CPY2004502,2020-02-18,"2020-05-01 00:00:00",200,Rent,Posted,2020-02-16,2020-03-15,amishd@imtac.com
TAG1901741,2020-05-15,"2008-03-31 00:00:00",419183,CPY2006797,2020-03-20,"2020-05-01 00:00:00",200,Rent,Posted,2020-03-16,2020-04-15,amishd@imtac.com
TAG1901741,2020-05-15,"2008-03-31 00:00:00",421567,CPY2009091,2020-04-15,"2020-05-01 00:00:00",200,Rent,Posted,2020-04-16,2020-05-15,amishd@imtac.com
TAG1901807,2020-05-31,"2008-03-31 00:00:00",393193,CPY1915886,2019-07-02,"2020-05-01 00:00:00",300,Rent,Posted,2019-07-01,2019-07-31,amishd@imtac.com
TAG1901807,2020-05-31,"2008-03-31 00:00:00",396347,CPY1918564,2019-08-06,"2020-05-01 00:00:00",300,Rent,Posted,2019-08-01,2019-08-31,amishd@imtac.com
TAG1901807,2020-05-31,"2008-03-31 00:00:00",399651,CPY1921326,2019-09-07,"2020-05-01 00:00:00",300,Rent,Posted,2019-09-01,2019-09-30,amishd@imtac.com
TAG1901807,2020-05-31,"2008-03-31 00:00:00",402442,CPY1923746,2019-10-03,"2020-05-01 00:00:00",300,Rent,Posted,2019-10-01,2019-10-31,amishd@imtac.com
TAG1901807,2020-05-31,"2008-03-31 00:00:00",405583,CPY1926384,2019-11-05,"2020-05-01 00:00:00",300,Rent,Posted,2019-11-01,2019-11-30,amishd@imtac.com
TAG1901807,2020-05-31,"2008-03-31 00:00:00",408357,CPY1928681,2019-12-03,"2020-05-01 00:00:00",300,Rent,Posted,2019-12-01,2019-12-31,amishd@imtac.com
TAG1901807,2020-05-31,"2008-03-31 00:00:00",411307,CPY2000240,2020-01-03,"2020-05-01 00:00:00",300,Rent,Posted,2020-01-01,2020-01-31,amishd@imtac.com
TAG1901807,2020-05-31,"2008-03-31 00:00:00",414730,CPY2003047,2020-02-05,"2020-05-01 00:00:00",300,Rent,Posted,2020-02-01,2020-02-29,amishd@imtac.com
TAG1901807,2020-05-31,"2008-03-31 00:00:00",420208,CPY2007760,2020-04-01,"2020-05-01 00:00:00",300,Rent,Posted,2020-04-01,2020-04-30,amishd@imtac.com
TAG1901910,2020-07-19,"2008-03-31 00:00:00",404469,CPY1925549,2019-10-20,"2020-05-01 00:00:00",200,Rent,Posted,2019-10-20,2019-11-19,amishd@imtac.com
TAG1901910,2020-07-19,"2008-03-31 00:00:00",407578,CPY1928126,2019-11-21,"2020-05-01 00:00:00",200,Rent,Posted,2019-11-20,2019-12-19,amishd@imtac.com
TAG1901910,2020-07-19,"2008-03-31 00:00:00",410565,CPY1930685,2019-12-24,"2020-05-01 00:00:00",200,Rent,Posted,2019-12-20,2020-01-19,amishd@imtac.com
TAG1901910,2020-07-19,"2008-03-31 00:00:00",412600,CPY2001293,2020-01-21,"2020-05-01 00:00:00",200,Rent,Posted,2020-01-20,2020-02-19,amishd@imtac.com
TAG1901910,2020-07-19,"2008-03-31 00:00:00",416522,CPY2004704,2020-02-20,"2020-05-01 00:00:00",200,Rent,Posted,2020-02-20,2020-03-19,amishd@imtac.com
TAG1901910,2020-07-19,"2008-03-31 00:00:00",419542,CPY2007142,2020-03-23,"2020-05-01 00:00:00",200,Rent,Posted,2020-03-20,2020-04-19,amishd@imtac.com
TAG1901915,2020-05-31,"2008-03-31 00:00:00",392454,CPY1915353,2019-06-27,"2020-05-01 00:00:00",150,Rent,Posted,2019-06-01,2019-06-30,amishd@imtac.com
TAG1901915,2020-05-31,"2008-03-31 00:00:00",394520,CPY1917010,2019-07-16,"2020-05-01 00:00:00",150,Rent,Posted,2019-07-01,2019-07-31,amishd@imtac.com
TAG1901915,2020-05-31,"2008-03-31 00:00:00",398207,CPY1920244,2019-08-21,"2020-05-01 00:00:00",150,Rent,Posted,2019-08-01,2019-08-31,amishd@imtac.com
TAG1901915,2020-05-31,"2008-03-31 00:00:00",400469,CPY1922099,2019-09-18,"2020-05-01 00:00:00",150,Rent,Posted,2019-09-01,2019-09-30,amishd@imtac.com
TAG1901915,2020-05-31,"2008-03-31 00:00:00",403965,CPY1925069,2019-10-10,"2020-05-01 00:00:00",150,Rent,Posted,2019-10-01,2019-10-31,amishd@imtac.com
TAG1901915,2020-05-31,"2008-03-31 00:00:00",406419,CPY1927103,2019-11-11,"2020-05-01 00:00:00",150,Rent,Posted,2019-11-01,2019-11-30,amishd@imtac.com
TAG1901915,2020-05-31,"2008-03-31 00:00:00",409547,CPY1929714,2019-12-11,"2020-05-01 00:00:00",150,Rent,Posted,2019-12-01,2019-12-31,amishd@imtac.com
TAG1901915,2020-05-31,"2008-03-31 00:00:00",413372,CPY2002015,2020-01-16,"2020-05-01 00:00:00",150,Rent,Posted,2020-01-01,2020-01-31,amishd@imtac.com
TAG1901915,2020-05-31,"2008-03-31 00:00:00",415529,CPY2003762,2020-02-13,"2020-05-01 00:00:00",150,Rent,Posted,2020-02-01,2020-02-29,amishd@imtac.com
TAG1901915,2020-05-31,"2008-03-31 00:00:00",418508,CPY2006215,2020-03-15,"2020-05-01 00:00:00",150,Rent,Posted,2020-03-01,2020-03-31,amishd@imtac.com
TAG1901918,2020-06-30,"2008-03-31 00:00:00",409098,CPY1929368,2019-12-08,"2020-05-01 00:00:00",200,Rent,Posted,2019-12-01,2019-12-31,amishd@imtac.com
TAG1901918,2020-06-30,"2008-03-31 00:00:00",412026,CPY2000837,2020-01-09,"2020-05-01 00:00:00",200,Rent,Posted,2020-01-01,2020-01-31,amishd@imtac.com
TAG1901918,2020-06-30,"2008-03-31 00:00:00",414607,CPY2002925,2020-02-05,"2020-05-01 00:00:00",200,Rent,Posted,2020-02-01,2020-02-29,amishd@imtac.com
TAG1901918,2020-06-30,"2008-03-31 00:00:00",418059,CPY2005851,2020-03-06,"2020-05-01 00:00:00",200,Rent,Posted,2020-03-01,2020-03-31,amishd@imtac.com
TAG1901918,2020-06-30,"2008-03-31 00:00:00",420632,CPY2008178,2020-04-05,"2020-05-01 00:00:00",200,Rent,Posted,2020-04-01,2020-04-30,amishd@imtac.com
TAG1901934,2020-05-31,"2008-03-31 00:00:00",394801,CPY1917283,2019-07-16,"2020-05-01 00:00:00",125,Rent,Posted,2019-06-01,2019-06-30,amishd@imtac.com
TAG1901934,2020-05-31,"2008-03-31 00:00:00",394802,CPY1917284,2019-07-16,"2020-05-01 00:00:00",125,Rent,Posted,2019-07-01,2019-07-31,amishd@imtac.com
TAG1901934,2020-05-31,"2008-03-31 00:00:00",398891,CPY1920707,2019-08-18,"2020-05-01 00:00:00",125,Rent,Posted,2019-08-01,2019-08-31,amishd@imtac.com
TAG1901934,2020-05-31,"2008-03-31 00:00:00",399614,CPY1921289,2019-09-07,"2020-05-01 00:00:00",125,Rent,Posted,2019-09-01,2019-09-30,amishd@imtac.com
TAG1901934,2020-05-31,"2008-03-31 00:00:00",402408,CPY1923712,2019-10-03,"2020-05-01 00:00:00",125,Rent,Posted,2019-10-01,2019-10-31,amishd@imtac.com
TAG1901934,2020-05-31,"2008-03-31 00:00:00",405542,CPY1926343,2019-11-05,"2020-05-01 00:00:00",125,Rent,Posted,2019-11-01,2019-11-30,amishd@imtac.com
TAG1901936,2020-05-31,"2008-03-31 00:00:00",394799,CPY1917281,2019-07-16,"2020-05-01 00:00:00",125,Rent,Posted,2019-07-01,2019-07-31,amishd@imtac.com
TAG1901936,2020-05-31,"2008-03-31 00:00:00",396180,CPY1918401,2019-08-06,"2020-05-01 00:00:00",125,Rent,Posted,2019-08-01,2019-08-31,amishd@imtac.com
TAG1901936,2020-05-31,"2008-03-31 00:00:00",399505,CPY1921180,2019-09-07,"2020-05-01 00:00:00",125,Rent,Posted,2019-09-01,2019-09-30,amishd@imtac.com
TAG1901936,2020-05-31,"2008-03-31 00:00:00",402309,CPY1923613,2019-10-03,"2020-05-01 00:00:00",125,Rent,Posted,2019-10-01,2019-10-31,amishd@imtac.com
TAG1901936,2020-05-31,"2008-03-31 00:00:00",405427,CPY1926230,2019-11-05,"2020-05-01 00:00:00",125,Rent,Posted,2019-11-01,2019-11-30,amishd@imtac.com
TAG1901936,2020-05-31,"2008-03-31 00:00:00",422039,CPY2009537,2020-04-29,"2020-05-01 00:00:00",125,Rent,Posted,2019-12-01,2019-12-31,amishd@imtac.com
TAG1902035,2020-05-31,"2008-03-31 00:00:00",415690,CPY2003922,2020-02-13,"2020-05-01 00:00:00",250,Rent,Posted,2020-02-01,2020-02-29,amishd@imtac.com
TAG1902035,2020-05-31,"2008-03-31 00:00:00",418671,CPY2006376,2020-03-14,"2020-05-01 00:00:00",250,Rent,Posted,2020-03-01,2020-03-31,amishd@imtac.com
TAG1902035,2020-05-31,"2008-03-31 00:00:00",421212,CPY2008746,2020-04-12,"2020-05-01 00:00:00",250,Rent,Posted,2020-04-01,2020-04-30,amishd@imtac.com
TAG1902055,2020-06-30,"2008-03-31 00:00:00",406167,CPY1926876,2019-11-07,"2020-05-01 00:00:00",200,Rent,Posted,2019-11-01,2019-11-30,amishd@imtac.com
TAG1902055,2020-06-30,"2008-03-31 00:00:00",409286,CPY1929551,2019-12-08,"2020-05-01 00:00:00",200,Rent,Posted,2019-12-01,2019-12-31,amishd@imtac.com
TAG1902055,2020-06-30,"2008-03-31 00:00:00",412213,CPY2001019,2020-01-09,"2020-05-01 00:00:00",200,Rent,Posted,2020-01-01,2020-01-31,amishd@imtac.com
TAG1902055,2020-06-30,"2008-03-31 00:00:00",414847,CPY2003160,2020-02-05,"2020-05-01 00:00:00",200,Rent,Posted,2020-02-01,2020-02-29,amishd@imtac.com
TAG1902055,2020-06-30,"2008-03-31 00:00:00",418264,CPY2006048,2020-03-06,"2020-05-01 00:00:00",200,Rent,Posted,2020-03-01,2020-03-31,amishd@imtac.com
TAG1902055,2020-06-30,"2008-03-31 00:00:00",420849,CPY2008386,2020-04-05,"2020-05-01 00:00:00",200,Rent,Posted,2020-04-01,2020-04-30,amishd@imtac.com
TAG1902069,2020-06-30,"2008-03-31 00:00:00",396403,CPY1918600,2019-08-07,"2020-05-01 00:00:00",250,Rent,Posted,2019-08-01,2019-08-31,amishd@imtac.com
TAG1902133,2020-06-15,"2008-03-31 00:00:00",401756,CPY1923222,2019-09-17,"2020-05-01 00:00:00",185,Rent,Posted,2019-09-16,2019-10-15,amishd@imtac.com
TAG1902133,2020-06-15,"2008-03-31 00:00:00",403630,CPY1924750,2019-10-17,"2020-05-01 00:00:00",185,Rent,Posted,2019-10-16,2019-11-15,amishd@imtac.com
TAG1902133,2020-06-15,"2008-03-31 00:00:00",406929,CPY1927609,2019-11-13,"2020-05-01 00:00:00",185,Rent,Posted,2019-11-16,2019-12-15,amishd@imtac.com
TAG1902133,2020-06-15,"2008-03-31 00:00:00",410065,CPY1930226,2019-12-16,"2020-05-01 00:00:00",185,Rent,Posted,2019-12-16,2020-01-15,amishd@imtac.com
TAG1902133,2020-06-15,"2008-03-31 00:00:00",413361,CPY2002004,2020-01-16,"2020-05-01 00:00:00",185,Rent,Posted,2020-01-16,2020-02-15,amishd@imtac.com
TAG1902133,2020-06-15,"2008-03-31 00:00:00",416082,CPY2004290,2020-02-18,"2020-05-01 00:00:00",185,Rent,Posted,2020-02-16,2020-03-15,amishd@imtac.com
TAG1902133,2020-06-15,"2008-03-31 00:00:00",419067,CPY2006681,2020-03-20,"2020-05-01 00:00:00",185,Rent,Posted,2020-03-16,2020-04-15,amishd@imtac.com
TAG1902140,2020-05-31,"2008-03-31 00:00:00",419295,CPY2006902,2020-03-20,"2020-05-01 00:00:00",300,Rent,Posted,2020-01-01,2020-01-31,amishd@imtac.com
TAG1902140,2020-05-31,"2008-03-31 00:00:00",419296,CPY2006903,2020-03-20,"2020-05-01 00:00:00",300,Rent,Posted,2020-02-01,2020-02-29,amishd@imtac.com
TAG1902146,2020-06-30,"2008-03-31 00:00:00",395804,CPY1918037,2019-08-06,"2020-05-01 00:00:00",180,Rent,Posted,2019-08-01,2019-08-31,amishd@imtac.com
TAG1902146,2020-06-30,"2008-03-31 00:00:00",405092,CPY1925896,2019-11-05,"2020-05-01 00:00:00",180,Rent,Posted,2019-11-01,2019-11-30,amishd@imtac.com
TAG1902146,2020-06-30,"2008-03-31 00:00:00",408023,CPY1928351,2019-12-03,"2020-05-01 00:00:00",180,Rent,Posted,2019-12-01,2019-12-31,amishd@imtac.com
TAG1902146,2020-06-30,"2008-03-31 00:00:00",411077,CPY2000025,2020-01-03,"2020-05-01 00:00:00",180,Rent,Posted,2020-01-01,2020-01-31,amishd@imtac.com
TAG1902146,2020-06-30,"2008-03-31 00:00:00",394683,CPY1917168,2019-07-16,"2020-05-01 00:00:00",180,Deposit,Posted,,,amishd@imtac.com
TAG1902148,2020-06-30,"2008-03-31 00:00:00",396060,CPY1918286,2019-08-06,"2020-05-01 00:00:00",265,Rent,Posted,2019-08-01,2019-08-31,amishd@imtac.com
TAG1902148,2020-06-30,"2008-03-31 00:00:00",399397,CPY1921082,2019-09-07,"2020-05-01 00:00:00",265,Rent,Posted,2019-09-01,2019-09-30,amishd@imtac.com
TAG1902148,2020-06-30,"2008-03-31 00:00:00",402200,CPY1923510,2019-10-03,"2020-05-01 00:00:00",265,Rent,Posted,2019-10-01,2019-10-31,amishd@imtac.com
TAG1902148,2020-06-30,"2008-03-31 00:00:00",411244,CPY2000180,2020-01-03,"2020-05-01 00:00:00",265,Rent,Posted,2020-01-01,2020-01-31,amishd@imtac.com
TAG1902148,2020-06-30,"2008-03-31 00:00:00",414595,CPY2002915,2020-02-05,"2020-05-01 00:00:00",265,Rent,Posted,2020-02-01,2020-02-29,amishd@imtac.com
TAG1902148,2020-06-30,"2008-03-31 00:00:00",417323,CPY2005197,2020-03-03,"2020-05-01 00:00:00",265,Rent,Posted,2020-03-01,2020-03-31,amishd@imtac.com
TAG1902148,2020-06-30,"2008-03-31 00:00:00",420135,CPY2007687,2020-04-01,"2020-05-01 00:00:00",265,Rent,Posted,2020-04-01,2020-04-30,amishd@imtac.com
TAG1902340,2020-06-30,"2008-03-31 00:00:00",398425,CPY1920387,2019-08-27,"2020-05-01 00:00:00",300,Rent,Posted,2019-07-01,2019-09-30,amishd@imtac.com
TAG1902341,2020-06-30,"2008-03-31 00:00:00",398426,CPY1920388,2019-08-27,"2020-05-01 00:00:00",450,Rent,Posted,2019-07-01,2019-09-30,amishd@imtac.com
TAG1902341,2020-06-30,"2008-03-31 00:00:00",404965,CPY1925847,2019-10-31,"2020-05-01 00:00:00",450,Rent,Posted,2019-10-01,2019-12-31,amishd@imtac.com
TAG1902340,2020-06-30,"2008-03-31 00:00:00",413798,CPY2002396,2020-01-26,"2020-05-01 00:00:00",300,Rent,Posted,2020-01-01,2020-03-31,amishd@imtac.com
TAG1902341,2020-06-30,"2008-03-31 00:00:00",413799,CPY2002397,2020-01-26,"2020-05-01 00:00:00",450,Rent,Posted,2020-01-01,2020-03-31,amishd@imtac.com
TAG1902442,2020-05-31,"2008-03-31 00:00:00",399206,CPY1920895,2019-09-07,"2020-05-01 00:00:00",250,Rent,Posted,2019-09-01,2019-09-30,amishd@imtac.com
TAG1902442,2020-05-31,"2008-03-31 00:00:00",402010,CPY1923326,2019-10-03,"2020-05-01 00:00:00",250,Rent,Posted,2019-10-01,2019-10-31,amishd@imtac.com
TAG1702844,2018-07-31,"2008-03-31 00:00:00",348827,CPY1809420,2018-04-15,"2020-05-01 00:00:00",175,Rent,Posted,2018-04-01,2018-04-30,amishd@imtac.com
TAG1702844,2018-07-31,"2008-03-31 00:00:00",351488,CPY1811611,2018-05-13,"2020-05-01 00:00:00",175,Rent,Posted,2018-05-01,2018-05-31,amishd@imtac.com
TAG1702844,2018-07-31,"2008-03-31 00:00:00",354974,CPY1814583,2018-06-24,"2020-05-01 00:00:00",175,Rent,Posted,2018-06-01,2018-06-30,amishd@imtac.com
TAG1702844,2018-07-31,"2008-03-31 00:00:00",357946,CPY1817161,2018-07-13,"2020-05-01 00:00:00",175,Rent,Posted,2018-07-01,2018-07-31,amishd@imtac.com
TAG1801729,2019-04-30,"2008-03-31 00:00:00",355936,CPY1815459,2018-06-28,"2020-05-01 00:00:00",600,Rent,Posted,2018-05-01,2018-07-31,amishd@imtac.com
TAG1801729,2019-04-30,"2008-03-31 00:00:00",359288,CPY1818181,2018-08-06,"2020-05-01 00:00:00",600,Rent,Posted,2018-08-01,2018-10-31,amishd@imtac.com
TAG1801729,2019-04-30,"2008-03-31 00:00:00",368404,CPY1825794,2018-11-04,"2020-05-01 00:00:00",600,Rent,Posted,2018-11-01,2019-01-31,amishd@imtac.com
TAG1801729,2019-04-30,"2008-03-31 00:00:00",378298,CPY1903356,2019-02-05,"2020-05-01 00:00:00",600,Rent,Posted,2019-02-01,2019-04-30,amishd@imtac.com
TAG1901712,2020-05-31,"2008-03-31 00:00:00",389001,CAR1902366,2019-05-26,"2020-05-01 00:00:00",250,Deposit,Posted,,,amishd@imtac.com
TAG1803008,2019-08-31,"2008-03-31 00:00:00",369326,CPY1826504,2018-11-10,"2020-05-01 00:00:00",260,Rent,Posted,2018-11-01,2018-11-30,amishd@imtac.com
TAG1803008,2019-08-31,"2008-03-31 00:00:00",372553,CPY1829346,2018-12-13,"2020-05-01 00:00:00",260,Rent,Posted,2018-12-01,2018-12-31,amishd@imtac.com
TAG1803008,2019-08-31,"2008-03-31 00:00:00",375369,CPY1900943,2019-01-09,"2020-05-01 00:00:00",260,Rent,Posted,2019-01-01,2019-01-31,amishd@imtac.com
TAG1803492,2019-09-30,"2008-03-31 00:00:00",369740,CPY1826918,2018-11-10,"2020-05-01 00:00:00",230,Rent,Posted,2018-11-01,2018-11-30,amishd@imtac.com
TAG1803492,2019-09-30,"2008-03-31 00:00:00",372304,CPY1829177,2018-12-09,"2020-05-01 00:00:00",230,Rent,Posted,2018-12-01,2018-12-31,amishd@imtac.com
TAG1803492,2019-09-30,"2008-03-31 00:00:00",374707,CPY1900319,2019-01-07,"2020-05-01 00:00:00",230,Rent,Posted,2019-01-01,2019-01-31,amishd@imtac.com
TAG1803492,2019-09-30,"2008-03-31 00:00:00",378212,CPY1903275,2019-02-04,"2020-05-01 00:00:00",230,Rent,Posted,2019-02-01,2019-02-28,amishd@imtac.com
TAG1803492,2019-09-30,"2008-03-31 00:00:00",381054,CPY1905660,2019-03-06,"2020-05-01 00:00:00",230,Rent,Posted,2019-03-01,2019-03-31,amishd@imtac.com
TAG1803492,2019-09-30,"2008-03-31 00:00:00",384123,CPY1908247,2019-04-09,"2020-05-01 00:00:00",230,Rent,Posted,2019-04-01,2019-04-30,amishd@imtac.com
TAG1803492,2019-09-30,"2008-03-31 00:00:00",387784,CPY1911312,2019-05-12,"2020-05-01 00:00:00",230,Rent,Posted,2019-05-01,2019-05-31,amishd@imtac.com
TAG1803492,2019-09-30,"2008-03-31 00:00:00",390992,CPY1914040,2019-06-12,"2020-05-01 00:00:00",230,Rent,Posted,2019-06-01,2019-06-30,amishd@imtac.com
TAG1803492,2019-09-30,"2008-03-31 00:00:00",395171,CPY1917617,2019-07-18,"2020-05-01 00:00:00",230,Rent,Posted,2019-07-01,2019-07-31,amishd@imtac.com
TAG1803492,2019-09-30,"2008-03-31 00:00:00",396767,CPY1918958,2019-08-07,"2020-05-01 00:00:00",230,Rent,Posted,2019-08-01,2019-08-31,amishd@imtac.com
TAG1803492,2019-09-30,"2008-03-31 00:00:00",400192,CPY1921847,2019-09-16,"2020-05-01 00:00:00",230,Rent,Posted,2019-09-01,2019-09-30,amishd@imtac.com
TAG1803790,2019-10-31,"2008-03-31 00:00:00",373267,CPY1830005,2018-12-20,"2020-05-01 00:00:00",185,Rent,Posted,2018-12-01,2018-12-31,amishd@imtac.com
TAG1803790,2019-10-31,"2008-03-31 00:00:00",376410,CPY1901909,2019-01-15,"2020-05-01 00:00:00",185,Rent,Posted,2019-01-01,2019-01-31,amishd@imtac.com
TAG1803790,2019-10-31,"2008-03-31 00:00:00",379613,CPY1904507,2019-02-24,"2020-05-01 00:00:00",185,Rent,Posted,2019-02-01,2019-02-28,amishd@imtac.com
TAG1803790,2019-10-31,"2008-03-31 00:00:00",382464,CPY1906902,2019-03-15,"2020-05-01 00:00:00",185,Rent,Posted,2019-03-01,2019-03-31,amishd@imtac.com
TAG1803790,2019-10-31,"2008-03-31 00:00:00",385173,CPY1909203,2019-04-17,"2020-05-01 00:00:00",185,Rent,Posted,2019-04-01,2019-04-30,amishd@imtac.com
TAG1803790,2019-10-31,"2008-03-31 00:00:00",388818,CPY1912278,2019-05-20,"2020-05-01 00:00:00",185,Rent,Posted,2019-05-01,2019-05-31,amishd@imtac.com
TAG1803790,2019-10-31,"2008-03-31 00:00:00",391730,CPY1914756,2019-06-18,"2020-05-01 00:00:00",185,Rent,Posted,2019-06-01,2019-06-30,amishd@imtac.com
TAG1803790,2019-10-31,"2008-03-31 00:00:00",394668,CPY1917153,2019-07-16,"2020-05-01 00:00:00",185,Rent,Posted,2019-07-01,2019-07-31,amishd@imtac.com
TAG1803790,2019-10-31,"2008-03-31 00:00:00",397317,CPY1919389,2019-08-18,"2020-05-01 00:00:00",185,Rent,Posted,2019-08-01,2019-08-31,amishd@imtac.com
TAG1803790,2019-10-31,"2008-03-31 00:00:00",400287,CPY1921921,2019-09-18,"2020-05-01 00:00:00",185,Rent,Posted,2019-09-01,2019-09-30,amishd@imtac.com
TAG1803790,2019-10-31,"2008-03-31 00:00:00",403458,CPY1924588,2019-10-15,"2020-05-01 00:00:00",185,Rent,Posted,2019-10-01,2019-10-31,amishd@imtac.com
TAG1803926,2019-11-30,"2008-03-31 00:00:00",375665,CPY1901227,2019-01-13,"2020-05-01 00:00:00",200,Rent,Posted,2019-01-01,2019-01-31,amishd@imtac.com
TAG1803926,2019-11-30,"2008-03-31 00:00:00",378797,CPY1903762,2019-02-12,"2020-05-01 00:00:00",200,Rent,Posted,2019-02-01,2019-02-28,amishd@imtac.com
TAG1803926,2019-11-30,"2008-03-31 00:00:00",381246,CPY1905838,2019-03-12,"2020-05-01 00:00:00",200,Rent,Posted,2019-03-01,2019-03-31,amishd@imtac.com
TAG1803926,2019-11-30,"2008-03-31 00:00:00",384776,CPY1908853,2019-04-11,"2020-05-01 00:00:00",200,Rent,Posted,2019-04-01,2019-04-30,amishd@imtac.com
TAG1803926,2019-11-30,"2008-03-31 00:00:00",388541,CPY1912011,2019-05-17,"2020-05-01 00:00:00",200,Rent,Posted,2019-05-01,2019-05-31,amishd@imtac.com
TAG1803926,2019-11-30,"2008-03-31 00:00:00",391253,CPY1914285,2019-06-15,"2020-05-01 00:00:00",200,Rent,Posted,2019-06-01,2019-06-30,amishd@imtac.com
TAG1803926,2019-11-30,"2008-03-31 00:00:00",393782,CPY1916345,2019-07-14,"2020-05-01 00:00:00",200,Rent,Posted,2019-07-01,2019-07-31,amishd@imtac.com
TAG1803926,2019-11-30,"2008-03-31 00:00:00",397202,CPY1919275,2019-08-18,"2020-05-01 00:00:00",200,Rent,Posted,2019-08-01,2019-08-31,amishd@imtac.com
TAG1803926,2019-11-30,"2008-03-31 00:00:00",400410,CPY1922040,2019-09-18,"2020-05-01 00:00:00",200,Rent,Posted,2019-09-01,2019-09-30,amishd@imtac.com
TAG1803926,2019-11-30,"2008-03-31 00:00:00",403916,CPY1925020,2019-10-10,"2020-05-01 00:00:00",200,Rent,Posted,2019-10-01,2019-10-31,amishd@imtac.com
TAG1803926,2019-11-30,"2008-03-31 00:00:00",378798,CPY1903763,2019-02-12,"2020-05-01 00:00:00",200,Deposit,Posted,,,amishd@imtac.com
TAG1803926,2019-11-30,"2008-03-31 00:00:00",406362,CPY1927046,2019-11-11,"2020-05-01 00:00:00",200,Rent,Posted,2019-11-01,2019-11-30,amishd@imtac.com
TAG1900559,2020-01-31,"2008-03-31 00:00:00",381288,CPY1905880,2019-03-12,"2020-05-01 00:00:00",240,Rent,Posted,2019-03-01,2019-03-31,amishd@imtac.com
TAG1900559,2020-01-31,"2008-03-31 00:00:00",384184,CPY1908303,2019-04-11,"2020-05-01 00:00:00",240,Rent,Posted,2019-04-01,2019-04-30,amishd@imtac.com
TAG1900559,2020-01-31,"2008-03-31 00:00:00",388247,CPY1911718,2019-05-19,"2020-05-01 00:00:00",240,Rent,Posted,2019-05-01,2019-05-31,amishd@imtac.com
TAG1900559,2020-01-31,"2008-03-31 00:00:00",391310,CPY1914342,2019-06-15,"2020-05-01 00:00:00",240,Rent,Posted,2019-06-01,2019-06-30,amishd@imtac.com
TAG1900559,2020-01-31,"2008-03-31 00:00:00",393844,CPY1916405,2019-07-14,"2020-05-01 00:00:00",240,Rent,Posted,2019-07-01,2019-07-31,amishd@imtac.com
TAG1900559,2020-01-31,"2008-03-31 00:00:00",397299,CPY1919371,2019-08-18,"2020-05-01 00:00:00",240,Rent,Posted,2019-08-01,2019-08-31,amishd@imtac.com
TAG1900559,2020-01-31,"2008-03-31 00:00:00",400476,CPY1922106,2019-09-18,"2020-05-01 00:00:00",240,Rent,Posted,2019-09-01,2019-09-30,amishd@imtac.com
TAG1900559,2020-01-31,"2008-03-31 00:00:00",403971,CPY1925075,2019-10-10,"2020-05-01 00:00:00",240,Rent,Posted,2019-10-01,2019-10-31,amishd@imtac.com
TAG1900559,2020-01-31,"2008-03-31 00:00:00",406425,CPY1927109,2019-11-11,"2020-05-01 00:00:00",240,Rent,Posted,2019-11-01,2019-11-30,amishd@imtac.com
TAG1900559,2020-01-31,"2008-03-31 00:00:00",409552,CPY1929719,2019-12-11,"2020-05-01 00:00:00",240,Rent,Posted,2019-12-01,2019-12-31,amishd@imtac.com
TAG1900559,2020-01-31,"2008-03-31 00:00:00",413378,CPY2002021,2020-01-16,"2020-05-01 00:00:00",240,Rent,Posted,2020-01-01,2020-01-31,amishd@imtac.com
TAG1900948,2020-03-31,"2008-03-31 00:00:00",386071,CPY1910029,2019-04-23,"2020-05-01 00:00:00",200,Rent,Posted,2019-04-01,2019-04-30,amishd@imtac.com
TAG1900948,2020-03-31,"2008-03-31 00:00:00",389270,CPY1912582,2019-05-27,"2020-05-01 00:00:00",200,Rent,Posted,2019-05-01,2019-05-31,amishd@imtac.com
TAG1900948,2020-03-31,"2008-03-31 00:00:00",394265,CPY1916821,2019-07-14,"2020-05-01 00:00:00",200,Rent,Posted,2019-06-01,2019-06-30,amishd@imtac.com
TAG1900948,2020-03-31,"2008-03-31 00:00:00",396176,CPY1918397,2019-08-06,"2020-05-01 00:00:00",200,Rent,Posted,2019-07-01,2019-07-31,amishd@imtac.com
TAG1900948,2020-03-31,"2008-03-31 00:00:00",398528,CPY1920439,2019-08-31,"2020-05-01 00:00:00",200,Rent,Posted,2019-08-01,2019-08-31,amishd@imtac.com
TAG1900948,2020-03-31,"2008-03-31 00:00:00",402884,CPY1924111,2019-10-08,"2020-05-01 00:00:00",200,Rent,Posted,2019-09-01,2019-09-30,amishd@imtac.com
TAG1900948,2020-03-31,"2008-03-31 00:00:00",405426,CPY1926229,2019-11-05,"2020-05-01 00:00:00",200,Rent,Posted,2019-10-01,2019-10-31,amishd@imtac.com
TAG1900948,2020-03-31,"2008-03-31 00:00:00",410036,CPY1930197,2019-12-17,"2020-05-01 00:00:00",200,Rent,Posted,2019-11-01,2019-11-30,amishd@imtac.com
TAG1900948,2020-03-31,"2008-03-31 00:00:00",411001,CPY1930916,2019-12-31,"2020-05-01 00:00:00",200,Rent,Posted,2019-12-01,2019-12-31,amishd@imtac.com
TAG1900948,2020-03-31,"2008-03-31 00:00:00",416711,CPY2004803,2020-02-25,"2020-05-01 00:00:00",200,Rent,Posted,2020-01-01,2020-01-31,amishd@imtac.com
TAG1901209,2020-03-31,"2008-03-31 00:00:00",388229,CPY1911701,2019-05-19,"2020-05-01 00:00:00",150,Rent,Posted,2019-05-01,2019-05-31,amishd@imtac.com
TAG1901209,2020-03-31,"2008-03-31 00:00:00",391641,CPY1914670,2019-06-15,"2020-05-01 00:00:00",150,Rent,Posted,2019-06-01,2019-06-30,amishd@imtac.com
TAG1901209,2020-03-31,"2008-03-31 00:00:00",394177,CPY1916737,2019-07-14,"2020-05-01 00:00:00",150,Rent,Posted,2019-07-01,2019-07-31,amishd@imtac.com
TAG1901209,2020-03-31,"2008-03-31 00:00:00",397980,CPY1920047,2019-08-18,"2020-05-01 00:00:00",150,Rent,Posted,2019-08-01,2019-08-31,amishd@imtac.com
TAG1901209,2020-03-31,"2008-03-31 00:00:00",400901,CPY1922530,2019-09-18,"2020-05-01 00:00:00",150,Rent,Posted,2019-09-01,2019-09-30,amishd@imtac.com
TAG1901209,2020-03-31,"2008-03-31 00:00:00",404311,CPY1925415,2019-10-10,"2020-05-01 00:00:00",150,Rent,Posted,2019-10-01,2019-10-31,amishd@imtac.com
TAG1901209,2020-03-31,"2008-03-31 00:00:00",406823,CPY1927505,2019-11-11,"2020-05-01 00:00:00",150,Rent,Posted,2019-11-01,2019-11-30,amishd@imtac.com
TAG1901209,2020-03-31,"2008-03-31 00:00:00",409872,CPY1930037,2019-12-11,"2020-05-01 00:00:00",150,Rent,Posted,2019-12-01,2019-12-31,amishd@imtac.com
TAG1901209,2020-03-31,"2008-03-31 00:00:00",413220,CPY2001891,2020-01-16,"2020-05-01 00:00:00",150,Rent,Posted,2020-01-01,2020-01-31,amishd@imtac.com
TAG1901209,2020-03-31,"2008-03-31 00:00:00",415845,CPY2004072,2020-02-13,"2020-05-01 00:00:00",150,Rent,Posted,2020-02-01,2020-02-29,amishd@imtac.com
TAG1901209,2020-03-31,"2008-03-31 00:00:00",418844,CPY2006528,2020-03-14,"2020-05-01 00:00:00",150,Rent,Posted,2020-03-01,2020-03-31,amishd@imtac.com
TAG1901389,2020-06-30,"2008-03-31 00:00:00",394433,CPY1916988,2019-07-14,"2020-05-01 00:00:00",4080,Rent,Posted,2019-07-01,2020-06-30,amishd@imtac.com
TAG1901476,2020-05-10,"2008-03-31 00:00:00",388146,CPY1911619,2019-05-19,"2020-05-01 00:00:00",250,Rent,Posted,2019-05-11,2019-06-10,amishd@imtac.com
TAG1901476,2020-05-10,"2008-03-31 00:00:00",391115,CPY1914160,2019-06-15,"2020-05-01 00:00:00",250,Rent,Posted,2019-06-11,2019-07-10,amishd@imtac.com
TAG1901476,2020-05-10,"2008-03-31 00:00:00",394231,CPY1916789,2019-07-14,"2020-05-01 00:00:00",250,Rent,Posted,2019-07-11,2019-08-10,amishd@imtac.com
TAG1901476,2020-05-10,"2008-03-31 00:00:00",397247,CPY1919319,2019-08-18,"2020-05-01 00:00:00",250,Rent,Posted,2019-08-11,2019-09-10,amishd@imtac.com
TAG1901476,2020-05-10,"2008-03-31 00:00:00",399718,CPY1921377,2019-09-16,"2020-05-01 00:00:00",250,Rent,Posted,2019-09-11,2019-10-10,amishd@imtac.com
TAG1901476,2020-05-10,"2008-03-31 00:00:00",403626,CPY1924746,2019-10-17,"2020-05-01 00:00:00",250,Rent,Posted,2019-10-11,2019-11-10,amishd@imtac.com
TAG1901476,2020-05-10,"2008-03-31 00:00:00",406389,CPY1927073,2019-11-11,"2020-05-01 00:00:00",250,Rent,Posted,2019-11-11,2019-12-10,amishd@imtac.com
TAG1901476,2020-05-10,"2008-03-31 00:00:00",409925,CPY1930089,2019-12-12,"2020-05-01 00:00:00",250,Rent,Posted,2019-12-11,2020-01-10,amishd@imtac.com
TAG1901476,2020-05-10,"2008-03-31 00:00:00",412764,CPY2001449,2020-01-16,"2020-05-01 00:00:00",250,Rent,Posted,2020-01-11,2020-02-10,amishd@imtac.com
TAG1901476,2020-05-10,"2008-03-31 00:00:00",415922,CPY2004147,2020-02-13,"2020-05-01 00:00:00",250,Rent,Posted,2020-02-11,2020-03-10,amishd@imtac.com
TAG1901476,2020-05-10,"2008-03-31 00:00:00",418924,CPY2006607,2020-03-14,"2020-05-01 00:00:00",250,Rent,Posted,2020-03-11,2020-04-10,amishd@imtac.com
TAG1901476,2020-05-10,"2008-03-31 00:00:00",421045,CPY2008581,2020-04-12,"2020-05-01 00:00:00",250,Rent,Posted,2020-04-11,2020-05-10,amishd@imtac.com
TAG1901658,2020-05-31,"2008-03-31 00:00:00",395113,CPY1917560,2019-07-18,"2020-05-01 00:00:00",150,Rent,Posted,2019-07-01,2019-07-31,amishd@imtac.com
TAG1901658,2020-05-31,"2008-03-31 00:00:00",400058,CPY1921713,2019-09-16,"2020-05-01 00:00:00",150,Rent,Posted,2019-09-01,2019-09-30,amishd@imtac.com
TAG1901658,2020-05-31,"2008-03-31 00:00:00",403158,CPY1924383,2019-10-08,"2020-05-01 00:00:00",150,Rent,Posted,2019-10-01,2019-10-31,amishd@imtac.com
TAG1901658,2020-05-31,"2008-03-31 00:00:00",406012,CPY1926723,2019-11-07,"2020-05-01 00:00:00",150,Rent,Posted,2019-11-01,2019-11-30,amishd@imtac.com
TAG1901658,2020-05-31,"2008-03-31 00:00:00",409101,CPY1929371,2019-12-08,"2020-05-01 00:00:00",150,Rent,Posted,2019-12-01,2019-12-31,amishd@imtac.com
TAG1901658,2020-05-31,"2008-03-31 00:00:00",412029,CPY2000840,2020-01-09,"2020-05-01 00:00:00",150,Rent,Posted,2020-01-01,2020-01-31,amishd@imtac.com
TAG1901658,2020-05-31,"2008-03-31 00:00:00",414618,CPY2002936,2020-02-05,"2020-05-01 00:00:00",150,Rent,Posted,2020-02-01,2020-02-29,amishd@imtac.com
TAG1901658,2020-05-31,"2008-03-31 00:00:00",418064,CPY2005856,2020-03-06,"2020-05-01 00:00:00",150,Rent,Posted,2020-03-01,2020-03-31,amishd@imtac.com
TAG1901658,2020-05-31,"2008-03-31 00:00:00",420636,CPY2008182,2020-04-05,"2020-05-01 00:00:00",150,Rent,Posted,2020-04-01,2020-04-30,amishd@imtac.com
TAG1901754,2020-04-30,"2008-03-31 00:00:00",405495,CPY1926296,2019-11-05,"2020-05-01 00:00:00",5550,Rent,Posted,2019-11-01,2020-04-30,amishd@imtac.com
TAG1901910,2020-07-19,"2008-03-31 00:00:00",398131,CPY1920196,2019-08-20,"2020-05-01 00:00:00",200,Rent,Posted,2019-08-20,2019-09-19,amishd@imtac.com
TAG1901910,2020-07-19,"2008-03-31 00:00:00",401411,CPY1922937,2019-09-24,"2020-05-01 00:00:00",200,Rent,Posted,2019-09-20,2019-10-19,amishd@imtac.com
TAG1901983,2020-05-31,"2008-03-31 00:00:00",407332,CPY1927990,2019-11-18,"2020-05-01 00:00:00",160,Rent,Posted,2019-10-16,2019-11-15,amishd@imtac.com
TAG1901983,2020-05-31,"2008-03-31 00:00:00",413618,CPY2002259,2020-01-16,"2020-05-01 00:00:00",160,Rent,Posted,2019-11-16,2019-12-15,amishd@imtac.com
TAG1901983,2020-05-31,"2008-03-31 00:00:00",416400,CPY2004594,2020-02-18,"2020-05-01 00:00:00",160,Rent,Posted,2019-12-16,2020-01-15,amishd@imtac.com
TAG1901985,2020-06-30,"2008-03-31 00:00:00",396642,CPY1918835,2019-08-07,"2020-05-01 00:00:00",225,Rent,Posted,2019-08-01,2019-08-31,amishd@imtac.com
TAG1901985,2020-06-30,"2008-03-31 00:00:00",400057,CPY1921712,2019-09-16,"2020-05-01 00:00:00",225,Rent,Posted,2019-09-01,2019-09-30,amishd@imtac.com
TAG1901985,2020-06-30,"2008-03-31 00:00:00",402809,CPY1924040,2019-10-08,"2020-05-01 00:00:00",225,Rent,Posted,2019-10-01,2019-10-31,amishd@imtac.com
TAG1901985,2020-06-30,"2008-03-31 00:00:00",406024,CPY1926735,2019-11-07,"2020-05-01 00:00:00",225,Rent,Posted,2019-11-01,2019-11-30,amishd@imtac.com
TAG1901985,2020-06-30,"2008-03-31 00:00:00",409121,CPY1929391,2019-12-08,"2020-05-01 00:00:00",225,Rent,Posted,2019-12-01,2019-12-31,amishd@imtac.com
TAG1901985,2020-06-30,"2008-03-31 00:00:00",412056,CPY2000867,2020-01-09,"2020-05-01 00:00:00",225,Rent,Posted,2020-01-01,2020-01-31,amishd@imtac.com
TAG1901985,2020-06-30,"2008-03-31 00:00:00",415015,CPY2003325,2020-02-05,"2020-05-01 00:00:00",225,Rent,Posted,2020-02-01,2020-02-29,amishd@imtac.com
TAG1901985,2020-06-30,"2008-03-31 00:00:00",418105,CPY2005897,2020-03-06,"2020-05-01 00:00:00",225,Rent,Posted,2020-03-01,2020-03-31,amishd@imtac.com
TAG1901983,2020-05-31,"2008-03-31 00:00:00",419249,CPY2006863,2020-03-20,"2020-05-01 00:00:00",160,Rent,Posted,2020-01-16,2020-02-15,amishd@imtac.com
TAG1901985,2020-06-30,"2008-03-31 00:00:00",420682,CPY2008228,2020-04-05,"2020-05-01 00:00:00",225,Rent,Posted,2020-04-01,2020-04-30,amishd@imtac.com
TAG1901991,2020-06-30,"2008-03-31 00:00:00",394027,CPY1916587,2019-07-14,"2020-05-01 00:00:00",250,Rent,Posted,2019-07-01,2019-07-31,amishd@imtac.com
TAG1901991,2020-06-30,"2008-03-31 00:00:00",398291,CPY1920289,2019-08-25,"2020-05-01 00:00:00",250,Rent,Posted,2019-08-01,2019-08-31,amishd@imtac.com
TAG1901991,2020-06-30,"2008-03-31 00:00:00",404157,CPY1925261,2019-10-10,"2020-05-01 00:00:00",250,Rent,Posted,2019-09-01,2019-09-30,amishd@imtac.com
TAG1901991,2020-06-30,"2008-03-31 00:00:00",404490,CPY1925570,2019-10-20,"2020-05-01 00:00:00",250,Rent,Posted,2019-10-01,2019-10-31,amishd@imtac.com
TAG1901991,2020-06-30,"2008-03-31 00:00:00",406635,CPY1927319,2019-11-11,"2020-05-01 00:00:00",250,Rent,Posted,2019-11-01,2019-11-30,amishd@imtac.com
TAG1901991,2020-06-30,"2008-03-31 00:00:00",409717,CPY1929883,2019-12-11,"2020-05-01 00:00:00",250,Rent,Posted,2019-12-01,2019-12-31,amishd@imtac.com
TAG1901991,2020-06-30,"2008-03-31 00:00:00",413535,CPY2002176,2020-01-16,"2020-05-01 00:00:00",250,Rent,Posted,2020-01-01,2020-01-31,amishd@imtac.com
TAG1901991,2020-06-30,"2008-03-31 00:00:00",415695,CPY2003927,2020-02-13,"2020-05-01 00:00:00",250,Rent,Posted,2020-02-01,2020-02-29,amishd@imtac.com
TAG1901991,2020-06-30,"2008-03-31 00:00:00",418676,CPY2006381,2020-03-14,"2020-05-01 00:00:00",250,Rent,Posted,2020-03-01,2020-03-31,amishd@imtac.com
TAG1901991,2020-06-30,"2008-03-31 00:00:00",421218,CPY2008752,2020-04-12,"2020-05-01 00:00:00",250,Rent,Posted,2020-04-01,2020-04-30,amishd@imtac.com
TAG1902069,2020-06-30,"2008-03-31 00:00:00",399790,CPY1921448,2019-09-16,"2020-05-01 00:00:00",250,Rent,Posted,2019-09-01,2019-09-30,amishd@imtac.com
TAG1902069,2020-06-30,"2008-03-31 00:00:00",402633,CPY1923870,2019-10-08,"2020-05-01 00:00:00",250,Rent,Posted,2019-10-01,2019-10-31,amishd@imtac.com
TAG1902069,2020-06-30,"2008-03-31 00:00:00",405763,CPY1926480,2019-11-07,"2020-05-01 00:00:00",250,Rent,Posted,2019-11-01,2019-11-30,amishd@imtac.com
TAG1902069,2020-06-30,"2008-03-31 00:00:00",408852,CPY1929124,2019-12-08,"2020-05-01 00:00:00",250,Rent,Posted,2019-12-01,2019-12-31,amishd@imtac.com
TAG1902069,2020-06-30,"2008-03-31 00:00:00",411771,CPY2000588,2020-01-09,"2020-05-01 00:00:00",250,Rent,Posted,2020-01-01,2020-01-31,amishd@imtac.com
TAG1902069,2020-06-30,"2008-03-31 00:00:00",414244,CPY2002565,2020-02-03,"2020-05-01 00:00:00",250,Rent,Posted,2020-02-01,2020-02-29,amishd@imtac.com
TAG1902069,2020-06-30,"2008-03-31 00:00:00",417758,CPY2005603,2020-03-06,"2020-05-01 00:00:00",250,Rent,Posted,2020-03-01,2020-03-31,amishd@imtac.com
TAG1902170,2020-06-30,"2008-03-31 00:00:00",397091,CPY1919191,2019-08-08,"2020-05-01 00:00:00",350,Rent,Posted,2019-08-01,2019-08-31,amishd@imtac.com
TAG1902170,2020-06-30,"2008-03-31 00:00:00",400521,CPY1922151,2019-09-30,"2020-05-01 00:00:00",350,Rent,Posted,2019-09-01,2019-09-30,amishd@imtac.com
TAG1902170,2020-06-30,"2008-03-31 00:00:00",403242,CPY1924466,2019-10-09,"2020-05-01 00:00:00",350,Rent,Posted,2019-10-01,2019-10-31,amishd@imtac.com
TAG1902170,2020-06-30,"2008-03-31 00:00:00",406471,CPY1927155,2019-11-11,"2020-05-01 00:00:00",350,Rent,Posted,2019-11-01,2019-11-30,amishd@imtac.com
TAG1902170,2020-06-30,"2008-03-31 00:00:00",410025,CPY1930186,2019-12-17,"2020-05-01 00:00:00",350,Rent,Posted,2019-12-01,2019-12-31,amishd@imtac.com
TAG1902170,2020-06-30,"2008-03-31 00:00:00",412404,CPY2001115,2020-01-15,"2020-05-01 00:00:00",350,Rent,Posted,2020-01-01,2020-01-31,amishd@imtac.com
TAG1902170,2020-06-30,"2008-03-31 00:00:00",415308,CPY2003585,2020-02-10,"2020-05-01 00:00:00",350,Rent,Posted,2020-02-01,2020-02-29,amishd@imtac.com
TAG1902170,2020-06-30,"2008-03-31 00:00:00",419718,CPY2007307,2020-03-10,"2020-05-01 00:00:00",350,Rent,Posted,2020-03-01,2020-03-31,amishd@imtac.com
TAG1902170,2020-06-30,"2008-03-31 00:00:00",420969,CPY2008505,2020-04-08,"2020-05-01 00:00:00",350,Rent,Posted,2020-04-01,2020-04-30,amishd@imtac.com
TAG1902187,2020-06-30,"2008-03-31 00:00:00",402213,CPY1923522,2019-10-03,"2020-05-01 00:00:00",325,Rent,Posted,2019-11-01,2019-11-30,amishd@imtac.com
TAG1902187,2020-06-30,"2008-03-31 00:00:00",405316,CPY1926120,2019-11-05,"2020-05-01 00:00:00",325,Rent,Posted,2019-12-01,2019-12-31,amishd@imtac.com
TAG1902187,2020-06-30,"2008-03-31 00:00:00",408276,CPY1928600,2019-12-03,"2020-05-01 00:00:00",325,Rent,Posted,2020-01-01,2020-01-31,amishd@imtac.com
TAG1902187,2020-06-30,"2008-03-31 00:00:00",411253,CPY2000189,2020-01-03,"2020-05-01 00:00:00",325,Rent,Posted,2020-02-01,2020-02-29,amishd@imtac.com
TAG1902187,2020-06-30,"2008-03-31 00:00:00",415006,CPY2003316,2020-02-05,"2020-05-01 00:00:00",325,Rent,Posted,2020-03-01,2020-03-31,amishd@imtac.com
TAG1902187,2020-06-30,"2008-03-31 00:00:00",417339,CPY2005213,2020-03-03,"2020-05-01 00:00:00",325,Rent,Posted,2020-04-01,2020-04-30,amishd@imtac.com
TAG1902191,2020-06-30,"2008-03-31 00:00:00",401765,CPY1923231,2019-09-17,"2020-05-01 00:00:00",840,Rent,Posted,2019-07-01,2019-09-30,amishd@imtac.com
TAG1902191,2020-06-30,"2008-03-31 00:00:00",408225,CPY1928551,2019-12-03,"2020-05-01 00:00:00",280,Rent,Posted,2019-12-01,2019-12-31,amishd@imtac.com
TAG1902191,2020-06-30,"2008-03-31 00:00:00",411228,CPY2000164,2020-01-03,"2020-05-01 00:00:00",280,Rent,Posted,2020-01-01,2020-01-31,amishd@imtac.com
TAG1902191,2020-06-30,"2008-03-31 00:00:00",415000,CPY2003310,2020-02-05,"2020-05-01 00:00:00",280,Rent,Posted,2020-02-01,2020-02-29,amishd@imtac.com
TAG1902191,2020-06-30,"2008-03-31 00:00:00",417303,CPY2005177,2020-03-03,"2020-05-01 00:00:00",280,Rent,Posted,2020-03-01,2020-03-31,amishd@imtac.com
TAG1902191,2020-06-30,"2008-03-31 00:00:00",420115,CPY2007671,2020-04-01,"2020-05-01 00:00:00",280,Rent,Posted,2020-04-01,2020-04-30,amishd@imtac.com
TAG1902268,2020-05-31,"2008-03-31 00:00:00",394226,CPY1916784,2019-07-14,"2020-05-01 00:00:00",170,Rent,Posted,2019-07-01,2019-07-31,amishd@imtac.com
TAG1902268,2020-05-31,"2008-03-31 00:00:00",397297,CPY1919369,2019-08-18,"2020-05-01 00:00:00",170,Rent,Posted,2019-08-01,2019-08-31,amishd@imtac.com
TAG1902268,2020-05-31,"2008-03-31 00:00:00",400472,CPY1922102,2019-09-30,"2020-05-01 00:00:00",170,Rent,Posted,2019-09-01,2019-09-30,amishd@imtac.com
TAG1902268,2020-05-31,"2008-03-31 00:00:00",403968,CPY1925072,2019-10-10,"2020-05-01 00:00:00",170,Rent,Posted,2019-10-01,2019-10-31,amishd@imtac.com
TAG1902268,2020-05-31,"2008-03-31 00:00:00",406423,CPY1927107,2019-11-11,"2020-05-01 00:00:00",170,Rent,Posted,2019-11-01,2019-11-30,amishd@imtac.com
TAG1902268,2020-05-31,"2008-03-31 00:00:00",409550,CPY1929717,2019-12-11,"2020-05-01 00:00:00",170,Rent,Posted,2019-12-01,2019-12-31,amishd@imtac.com
TAG1902268,2020-05-31,"2008-03-31 00:00:00",413377,CPY2002020,2020-01-16,"2020-05-01 00:00:00",170,Rent,Posted,2020-01-01,2020-01-31,amishd@imtac.com
TAG1902268,2020-05-31,"2008-03-31 00:00:00",418510,CPY2006217,2020-03-15,"2020-05-01 00:00:00",170,Rent,Posted,2020-03-01,2020-03-31,amishd@imtac.com
TAG1902534,2020-04-30,"2020-04-30 00:00:00",397638,CPY1919710,2019-08-18,"2020-05-01 00:00:00",210,Rent,Posted,2019-08-06,2019-09-05,amishd@imtac.com
TAG1902534,2020-04-30,"2020-04-30 00:00:00",400326,CPY1921960,2019-09-30,"2020-05-01 00:00:00",210,Rent,Posted,2019-09-06,2019-10-05,amishd@imtac.com
TAG1902534,2020-04-30,"2020-04-30 00:00:00",403511,CPY1924641,2019-10-15,"2020-05-01 00:00:00",210,Rent,Posted,2019-10-06,2019-11-05,amishd@imtac.com
TAG1902534,2020-04-30,"2020-04-30 00:00:00",407157,CPY1927815,2019-11-18,"2020-05-01 00:00:00",210,Rent,Posted,2019-11-06,2019-12-05,amishd@imtac.com
TAG1902534,2020-04-30,"2020-04-30 00:00:00",419006,CPY2006656,2020-03-01,"2020-05-01 00:00:00",210,Rent,Posted,2020-02-06,2020-03-05,amishd@imtac.com
TAG1902636,2020-06-30,"2008-03-31 00:00:00",415252,CPY2003556,2020-02-01,"2020-05-01 00:00:00",150,Rent,Posted,2019-10-01,2019-10-31,amishd@imtac.com
TAG1902636,2020-06-30,"2008-03-31 00:00:00",415253,CPY2003557,2020-02-01,"2020-05-01 00:00:00",150,Rent,Posted,2019-11-01,2019-11-30,amishd@imtac.com
TAG1903040,2020-05-31,"2008-03-31 00:00:00",403680,CPY1924800,2019-10-17,"2020-05-01 00:00:00",230,Rent,Posted,2019-10-01,2019-10-31,amishd@imtac.com
TAG1903040,2020-05-31,"2008-03-31 00:00:00",405566,CPY1926367,2019-11-05,"2020-05-01 00:00:00",230,Rent,Posted,2019-11-01,2019-11-30,amishd@imtac.com
TAG1903040,2020-05-31,"2008-03-31 00:00:00",414845,CPY2003158,2020-02-05,"2020-05-01 00:00:00",230,Rent,Posted,2020-01-01,2020-01-31,amishd@imtac.com
TAG1903040,2020-05-31,"2008-03-31 00:00:00",417645,CPY2005502,2020-03-03,"2020-05-01 00:00:00",230,Rent,Posted,2020-02-01,2020-02-29,amishd@imtac.com
TAG1903040,2020-05-31,"2008-03-31 00:00:00",420347,CPY2007899,2020-04-01,"2020-05-01 00:00:00",230,Rent,Posted,2020-03-01,2020-03-31,amishd@imtac.com
TAG1903048,2020-06-30,"2008-03-31 00:00:00",409408,CPY1929639,2019-12-15,"2020-05-01 00:00:00",190,Rent,Posted,2019-12-01,2019-12-31,amishd@imtac.com
TAG1903048,2020-06-30,"2008-03-31 00:00:00",412347,CPY2001062,2020-01-22,"2020-05-01 00:00:00",190,Rent,Posted,2020-01-01,2010-01-31,amishd@imtac.com
TAG1903048,2020-06-30,"2008-03-31 00:00:00",416043,CPY2004252,2020-02-18,"2020-05-01 00:00:00",190,Rent,Posted,2020-02-01,2020-02-29,amishd@imtac.com
TAG1903601,2020-05-31,"2008-03-31 00:00:00",416604,CPY2004773,2020-02-20,"2020-05-01 00:00:00",190,Rent,Posted,2020-02-01,2020-02-29,amishd@imtac.com
TAG1903601,2020-05-31,"2008-03-31 00:00:00",417600,CPY2005460,2020-03-03,"2020-05-01 00:00:00",190,Rent,Posted,2020-03-01,2020-03-31,amishd@imtac.com
TAG1903601,2020-05-31,"2008-03-31 00:00:00",420312,CPY2007864,2020-04-01,"2020-05-01 00:00:00",190,Rent,Posted,2020-04-01,2020-04-30,amishd@imtac.com
TAG1903627,2020-05-31,"2008-03-31 00:00:00",414908,CPY2003218,2020-02-05,"2020-05-01 00:00:00",205,Rent,Posted,2020-02-01,2020-02-29,amishd@imtac.com
TAG1903627,2020-05-31,"2008-03-31 00:00:00",417102,CPY2004993,2020-03-03,"2020-05-01 00:00:00",205,Rent,Posted,2020-03-01,2020-03-31,amishd@imtac.com
TAG1903627,2020-05-31,"2008-03-31 00:00:00",419982,CPY2007538,2020-04-01,"2020-05-01 00:00:00",205,Rent,Posted,2020-04-01,2020-04-30,amishd@imtac.com
TAG1903795,2020-11-21,"2008-03-31 00:00:00",413697,CPY2002334,2020-01-27,"2020-05-01 00:00:00",400,Rent,Posted,2019-11-22,2019-12-21,amishd@imtac.com
TAG1903795,2020-11-21,"2008-03-31 00:00:00",413699,CPY2002336,2020-01-27,"2020-05-01 00:00:00",400,Rent,Posted,2020-01-22,2020-02-21,amishd@imtac.com
TAG1903795,2020-11-21,"2008-03-31 00:00:00",416719,CPY2004811,2020-02-25,"2020-05-01 00:00:00",400,Rent,Posted,2020-02-22,2020-03-21,amishd@imtac.com
TAG1903795,2020-11-21,"2008-03-31 00:00:00",419584,CPY2007183,2020-03-23,"2020-05-01 00:00:00",400,Rent,Posted,2020-03-22,2020-04-21,amishd@imtac.com
TAG1903801,2020-05-31,"2008-03-31 00:00:00",413612,CPY2002253,2020-01-16,"2020-05-01 00:00:00",225,Rent,Posted,2020-01-01,2020-01-31,amishd@imtac.com
TAG1903801,2020-05-31,"2008-03-31 00:00:00",416390,CPY2004584,2020-02-18,"2020-05-01 00:00:00",225,Rent,Posted,2020-02-01,2020-02-29,amishd@imtac.com
TAG1903801,2020-05-31,"2008-03-31 00:00:00",419244,CPY2006858,2020-03-20,"2020-05-01 00:00:00",225,Rent,Posted,2020-03-01,2020-03-31,amishd@imtac.com
TAG2000036,2020-06-30,"2008-03-31 00:00:00",420121,CPY2007673,2020-04-07,"2020-05-01 00:00:00",180,Rent,Posted,2020-03-01,2020-03-31,amishd@imtac.com
TAG2000256,2020-06-30,"2008-03-31 00:00:00",415774,CPY2004005,2020-02-13,"2020-05-01 00:00:00",110,Rent,Posted,2020-02-01,2020-02-29,amishd@imtac.com
TAG2000256,2020-06-30,"2008-03-31 00:00:00",421318,CPY2008852,2020-04-12,"2020-05-01 00:00:00",110,Rent,Posted,2020-04-01,2020-04-30,amishd@imtac.com
TAG1500378,2015-02-28,"2015-02-28 00:00:00",229619,CAR1500477,2015-02-04,"2020-05-01 00:00:00",500,Deposit,Posted,,,amishd@imtac.com
TAG2000905,2020-06-30,"2008-03-31 00:00:00",421906,CAR2001515,2020-04-27,"2020-05-01 00:00:00",260,Rent,Posted,2020-05-01,2020-05-31,amishd@imtac.com
TAG1603271,2016-10-31,"2016-10-31 00:00:00",291556,CAR1604370,2016-10-11,"2020-05-01 00:00:00",102,Rent,Posted,2016-10-13,2016-10-31,amishd@imtac.com
TAG1901415,2020-05-15,"2008-03-31 00:00:00",388979,CAR1902345,2019-05-22,"2020-05-01 00:00:00",180,Rent,Posted,2019-05-16,2019-06-15,amishd@imtac.com
TAG1901476,2020-05-10,"2008-03-31 00:00:00",386475,CAR1902023,2019-05-02,"2020-05-01 00:00:00",250,Deposit,Posted,,,amishd@imtac.com
TAG1901983,2020-05-31,"2008-03-31 00:00:00",390398,CAR1902711,2019-06-16,"2020-05-01 00:00:00",160,Rent,Posted,2019-06-16,2019-07-15,amishd@imtac.com
TAG1901983,2020-05-31,"2008-03-31 00:00:00",392566,CAR1902980,2019-07-02,"2020-05-01 00:00:00",160,Rent,Posted,2019-07-16,2019-08-15,amishd@imtac.com
TAG1902055,2020-06-30,"2008-03-31 00:00:00",403386,CAR1904616,2019-10-14,"2020-05-01 00:00:00",400,Rent,Posted,2019-08-01,2019-09-30,amishd@imtac.com
TAG1902055,2020-06-30,"2008-03-31 00:00:00",392082,CAR1902792,2019-06-23,"2020-05-01 00:00:00",200,Deposit,Posted,,,amishd@imtac.com
TAG1902055,2020-06-30,"2008-03-31 00:00:00",403387,CAR1904617,2019-10-15,"2020-05-01 00:00:00",200,Rent,Posted,2019-10-01,2019-10-31,amishd@imtac.com
TAG1902140,2020-05-31,"2008-03-31 00:00:00",411441,CAR2000111,2020-01-06,"2020-05-01 00:00:00",900,Rent,Posted,2019-10-01,2019-12-31,amishd@imtac.com
TAG1902766,2019-09-30,"2019-09-30 00:00:00",401227,CAR1904199,2019-09-23,"2020-05-01 00:00:00",300,Rent,Posted,2019-09-01,2019-09-30,amishd@imtac.com
TAG1902892,2020-06-30,"2008-03-31 00:00:00",401891,CAR1904370,2019-10-02,"2020-05-01 00:00:00",350,Rent,Posted,2019-10-01,2019-10-31,amishd@imtac.com
TAG1903558,2020-06-30,"2008-03-31 00:00:00",412957,CAR2000353,2020-01-26,"2020-05-01 00:00:00",625,Rent,Posted,2020-01-01,2020-01-31,amishd@imtac.com
TAG1903558,2020-06-30,"2008-03-31 00:00:00",407499,CAR1905178,2019-11-24,"2020-05-01 00:00:00",625,Deposit,Posted,,,amishd@imtac.com
TAG1903704,2020-11-10,"2008-03-31 00:00:00",407875,CAR1905341,2019-12-03,"2020-05-01 00:00:00",155,Rent,Posted,2019-11-11,2019-12-10,amishd@imtac.com
TAG1903704,2020-11-10,"2008-03-31 00:00:00",410830,CAR1905749,2019-12-31,"2020-05-01 00:00:00",155,Rent,Posted,2019-12-11,2020-01-10,amishd@imtac.com
TAG1903704,2020-11-10,"2008-03-31 00:00:00",413881,CAR2000468,2020-02-03,"2020-05-01 00:00:00",465,Rent,Posted,2020-01-11,2020-04-10,amishd@imtac.com
TAG1502872,2016-07-31,"2008-03-31 00:00:00",250226,CPY1519857,2015-08-31,"2020-05-01 00:00:00",175,Rent,Posted,2015-08-01,2015-08-31,amishd@imtac.com
TAG1503601,2016-10-31,"2008-03-31 00:00:00",258458,CPY1526884,2015-11-12,"2020-05-01 00:00:00",225,Rent,Posted,2015-11-01,2015-11-30,amishd@imtac.com
TAG1603337,2017-10-31,"2008-03-31 00:00:00",296186,CPY1628375,2016-11-13,"2020-05-01 00:00:00",225,Rent,Posted,2016-11-01,2016-11-30,amishd@imtac.com
TAG1704452,2018-07-19,"2008-03-31 00:00:00",339752,CPY1801805,2018-01-24,"2020-05-01 00:00:00",255,Rent,Posted,2018-01-20,2018-02-19,amishd@imtac.com
TAG1704457,2018-08-31,"2008-03-31 00:00:00",340241,CPY1802184,2018-01-30,"2020-05-01 00:00:00",260,Rent,Posted,2018-01-01,2018-01-31,amishd@imtac.com
TAG1803008,2019-08-31,"2008-03-31 00:00:00",363384,CPY1821690,2018-09-12,"2020-05-01 00:00:00",260,Rent,Posted,2018-09-01,2018-09-30,amishd@imtac.com
TAG1802931,2019-07-31,"2008-03-31 00:00:00",364084,CPY1822322,2018-09-13,"2020-05-01 00:00:00",160,Rent,Posted,2018-08-01,2018-08-31,amishd@imtac.com
TAG1802183,2019-05-20,"2008-03-31 00:00:00",364832,CPY1822939,2018-09-30,"2020-05-01 00:00:00",870,Rent,Posted,2018-05-21,2018-08-20,amishd@imtac.com
TAG1901209,2020-03-31,"2008-03-31 00:00:00",386321,CPY1910152,2019-04-28,"2020-05-01 00:00:00",150,Rent,Posted,2019-04-01,2019-04-30,amishd@imtac.com
TAG1901712,2020-05-31,"2008-03-31 00:00:00",390788,CPY1913837,2019-06-12,"2020-05-01 00:00:00",250,Rent,Posted,2019-06-01,2019-06-30,amishd@imtac.com
TAG1902008,2020-05-15,"2008-03-31 00:00:00",392606,CPY1915410,2019-06-30,"2020-05-01 00:00:00",525,Rent,Posted,2019-05-16,2019-06-15,amishd@imtac.com
TAG1902146,2020-06-30,"2008-03-31 00:00:00",393245,CPY1915932,2019-07-04,"2020-05-01 00:00:00",180,Rent,Posted,2019-07-01,2019-07-31,amishd@imtac.com
TAG1902148,2020-06-30,"2008-03-31 00:00:00",393289,CPY1915976,2019-07-04,"2020-05-01 00:00:00",265,Rent,Posted,2019-07-01,2019-07-31,amishd@imtac.com
TAG1901985,2020-06-30,"2008-03-31 00:00:00",393530,CPY1916164,2019-07-08,"2020-05-01 00:00:00",225,Rent,Posted,2019-07-01,2019-07-31,amishd@imtac.com
TAG1901794,2020-06-05,"2008-03-31 00:00:00",393555,CPY1916188,2019-07-08,"2020-05-01 00:00:00",250,Rent,Posted,2019-06-06,2019-07-05,amishd@imtac.com
TAG1900964,2020-03-31,"2008-03-31 00:00:00",393790,CPY1916353,2019-07-14,"2020-05-01 00:00:00",200,Rent,Posted,2019-07-01,2019-07-31,amishd@imtac.com
TAG1902467,2020-06-30,"2008-03-31 00:00:00",396615,CPY1918810,2019-08-07,"2020-05-01 00:00:00",290,Rent,Posted,2019-08-01,2019-08-31,amishd@imtac.com
TAG1902140,2020-05-31,"2008-03-31 00:00:00",396988,CPY1919100,2019-08-01,"2020-05-01 00:00:00",600,Rent,Posted,2019-06-01,2019-07-31,amishd@imtac.com
TAG1903048,2020-06-30,"2008-03-31 00:00:00",407397,CPY1928044,2019-11-19,"2020-05-01 00:00:00",190,Rent,Posted,2019-11-01,2019-11-30,amishd@imtac.com
TAG1902583,2020-06-30,"2008-03-31 00:00:00",413622,CPY2002263,2020-01-16,"2020-05-01 00:00:00",340,Rent,Posted,2020-01-01,2020-01-31,amishd@imtac.com
TAG2001029,2020-06-30,"2008-03-31 00:00:00",421188,CPY2008722,2020-04-12,"2020-05-01 00:00:00",350,Rent,Posted,2020-04-01,2020-04-30,amishd@imtac.com
TAG1903048,2020-06-30,"2008-03-31 00:00:00",421450,CPY2008983,2020-04-19,"2020-05-01 00:00:00",190,Rent,Posted,2020-04-01,2020-04-30,amishd@imtac.com
TAG1500378,2015-02-28,"2015-02-28 00:00:00",229618,CAR1500476,2015-02-04,"2020-05-01 00:00:00",250,Rent,Posted,2015-02-16,2015-02-28,amishd@imtac.com
TAG1902055,2020-06-30,"2008-03-31 00:00:00",392081,CAR1902791,2019-06-23,"2020-05-01 00:00:00",200,Rent,Posted,2019-07-01,2019-07-31,amishd@imtac.com
TAG2000350,2021-01-31,"2008-03-31 00:00:00",414048,CAR2000605,2020-02-06,"2020-05-01 00:00:00",140,Rent,Posted,2020-02-01,2020-02-29,amishd@imtac.com
TAG2000440,2020-06-20,"2008-03-31 00:00:00",414094,CAR2000647,2020-02-10,"2020-05-01 00:00:00",200,Rent,Posted,2020-03-06,2020-04-05,amishd@imtac.com
TAG1900957,2020-04-30,"2008-03-31 00:00:00",416912,CAR2000996,2020-03-01,"2020-05-01 00:00:00",200,Rent,Posted,2020-03-01,2020-03-31,amishd@imtac.com
TAG1702844,2018-07-31,"2008-03-31 00:00:00",326566,CPY1722204,2017-09-11,"2020-05-01 00:00:00",175,Rent,Posted,2017-09-01,2017-09-30,amishd@imtac.com
TAG1702844,2018-07-31,"2008-03-31 00:00:00",330287,CPY1725434,2017-10-11,"2020-05-01 00:00:00",175,Rent,Posted,2017-10-01,2017-10-31,amishd@imtac.com
TAG1702844,2018-07-31,"2008-03-31 00:00:00",333485,CPY1728068,2017-11-13,"2020-05-01 00:00:00",175,Rent,Posted,2017-11-01,2017-11-30,amishd@imtac.com
TAG1702844,2018-07-31,"2008-03-31 00:00:00",336056,CPY1730228,2017-12-10,"2020-05-01 00:00:00",175,Rent,Posted,2017-12-01,2017-12-31,amishd@imtac.com
TAG1702844,2018-07-31,"2008-03-31 00:00:00",338917,CPY1801053,2018-01-10,"2020-05-01 00:00:00",175,Rent,Posted,2018-01-01,2018-01-31,amishd@imtac.com
TAG1702844,2018-07-31,"2008-03-31 00:00:00",342159,CPY1803822,2018-02-14,"2020-05-01 00:00:00",175,Rent,Posted,2018-02-01,2018-02-28,amishd@imtac.com
TAG1702844,2018-07-31,"2008-03-31 00:00:00",345577,CPY1806705,2018-03-15,"2020-05-01 00:00:00",175,Rent,Posted,2018-03-01,2018-03-31,amishd@imtac.com
TAG1602420,2018-02-15,"2008-03-31 00:00:00",419829,CAR2001445,2020-03-30,"2020-03-30 00:00:00",100,Rent,Posted,2018-01-24,2018-02-01,amishd@imtac.com
TAG1702254,2017-01-04,"2017-01-04 00:00:00",418994,CAR2001379,2020-03-23,"2020-03-23 00:00:00",660,Rent,Pending,2016-10-27,2016-12-09,amishd@imtac.com
TAG1900754,2020-01-31,"2008-03-31 00:00:00",419051,CPY2006665,2020-03-20,"2020-03-20 00:00:00",1000,Rent,Pending,2019-08-01,2019-08-24,wasif.ahmed@alhabib.om
TAG1802719,2018-06-15,"2008-03-31 00:00:00",417989,CAR2001224,2020-03-10,"2020-03-10 00:00:00",1000,Rent,Pending,2018-04-01,2018-05-14,amishd@imtac.com
TAG1900875,2020-02-29,"2008-03-31 00:00:00",416898,CAR2000985,2020-03-01,"2020-03-01 00:00:00",725,Rent,Pending,2019-10-01,2019-10-31,amishd@imtac.com
TAG1602420,2018-02-15,"2008-03-31 00:00:00",416637,CAR2000889,2020-02-24,"2020-02-24 00:00:00",100,Rent,Posted,2018-01-16,2018-01-23,amishd@imtac.com
TAG1900754,2020-01-31,"2008-03-31 00:00:00",416052,CPY2004260,2020-02-18,"2020-02-18 00:00:00",1000,Rent,Posted,2019-07-08,2019-07-31,amishd@imtac.com
TAG1900875,2020-02-29,"2008-03-31 00:00:00",414044,CAR2000601,2020-02-06,"2020-02-06 00:00:00",725,Rent,Posted,2019-09-01,2019-09-30,amishd@imtac.com
TAG1802719,2018-06-15,"2008-03-31 00:00:00",413961,CAR2000528,2020-02-04,"2020-02-04 00:00:00",1000,Rent,Posted,2018-02-17,2018-03-31,amishd@imtac.com
TAG1900754,2020-01-31,"2008-03-31 00:00:00",412706,CPY2001395,2020-01-23,"2020-01-23 00:00:00",1000,Rent,Posted,2019-06-15,2019-07-07,amishd@imtac.com
TAG1900329,2020-01-31,"2008-03-31 00:00:00",411750,CPY2000567,2020-01-09,"2020-01-09 00:00:00",175,Rent,Posted,2020-01-01,2020-01-31,amishd@imtac.com
TAG1802719,2018-06-15,"2008-03-31 00:00:00",410886,CAR1905764,2019-12-31,"2019-12-31 00:00:00",1000,Rent,Posted,2018-01-03,2018-02-16,amishd@imtac.com
TAG1900875,2020-02-29,"2008-03-31 00:00:00",409565,CPY1929732,2019-12-11,"2019-12-11 00:00:00",725,Rent,Posted,2019-08-01,2019-08-31,amishd@imtac.com
TAG1900754,2020-01-31,"2008-03-31 00:00:00",407979,CAR1905427,2019-12-09,"2019-12-09 00:00:00",400,Rent,Posted,2019-06-06,2019-06-14,amishd@imtac.com
TAG1802719,2018-06-15,"2008-03-31 00:00:00",407912,CAR1905369,2019-12-04,"2019-12-04 00:00:00",50,Rent,Posted,2018-01-01,2018-01-02,amishd@imtac.com
TAG1900329,2020-01-31,"2008-03-31 00:00:00",408609,CPY1928926,2019-12-04,"2019-12-04 00:00:00",175,Rent,Posted,2019-12-01,2019-12-31,amishd@imtac.com
TAG1900760,2019-02-28,"2008-03-31 00:00:00",408231,CPY1928557,2019-12-03,"2019-12-03 00:00:00",100,Rent,Posted,2018-12-01,2018-12-01,amishd@imtac.com
TAG1900754,2020-01-31,"2008-03-31 00:00:00",407437,CAR1905140,2019-11-20,"2019-11-20 00:00:00",150,Rent,Posted,2019-05-29,2019-05-31,amishd@imtac.com
TAG1900754,2020-01-31,"2008-03-31 00:00:00",407438,CAR1905141,2019-11-20,"2019-11-20 00:00:00",200,Rent,Posted,2019-06-01,2019-06-05,amishd@imtac.com
TAG1900875,2020-02-29,"2008-03-31 00:00:00",406440,CPY1927124,2019-11-11,"2019-11-11 00:00:00",725,Rent,Posted,2019-07-01,2019-07-31,amishd@imtac.com
TAG1900329,2020-01-31,"2008-03-31 00:00:00",405072,CPY1925876,2019-11-05,"2019-11-05 00:00:00",175,Rent,Posted,2019-11-01,2019-11-30,amishd@imtac.com
TAG1900270,2019-12-31,"2008-03-31 00:00:00",404685,CPY1925690,2019-10-24,"2019-10-24 00:00:00",840,Rent,Posted,2019-03-01,2019-05-31,amishd@imtac.com
TAG1900754,2020-01-31,"2008-03-31 00:00:00",403394,CAR1904624,2019-10-15,"2019-10-15 00:00:00",450,Rent,Posted,2019-05-17,2019-05-28,amishd@imtac.com
TAG1804182,2019-12-31,"2008-03-31 00:00:00",403380,CAR1904610,2019-10-14,"2019-10-14 00:00:00",135,Rent,Posted,2019-10-01,2019-10-31,amishd@imtac.com
TAG1900875,2020-02-29,"2008-03-31 00:00:00",403987,CPY1925091,2019-10-10,"2019-10-10 00:00:00",725,Rent,Posted,2019-06-01,2019-06-30,amishd@imtac.com
TAG1900329,2020-01-31,"2008-03-31 00:00:00",402486,CPY1923758,2019-10-04,"2019-10-04 00:00:00",175,Rent,Posted,2019-10-01,2019-10-31,amishd@imtac.com
TAG1700719,2017-06-30,"2008-03-31 00:00:00",401248,CAR1904216,2019-09-24,"2019-09-24 00:00:00",1550,Rent,Pending,2017-01-13,2017-02-08,amishd@imtac.com
TAG1804182,2019-12-31,"2008-03-31 00:00:00",400929,CPY1922558,2019-09-18,"2019-09-18 00:00:00",135,Rent,Posted,2019-09-01,2019-09-30,amishd@imtac.com
TAG1702254,2017-01-04,"2017-01-04 00:00:00",398951,CAR1903988,2019-09-08,"2019-09-08 00:00:00",400,Rent,Posted,2016-10-01,2016-10-26,amishd@imtac.com
TAG1900875,2020-02-29,"2008-03-31 00:00:00",399089,CPY1920802,2019-09-06,"2019-09-06 00:00:00",725,Rent,Posted,2019-05-01,2019-05-31,amishd@imtac.com
TAG1900329,2020-01-31,"2008-03-31 00:00:00",398963,CPY1920756,2019-09-05,"2019-09-05 00:00:00",175,Rent,Posted,2019-09-01,2019-09-30,amishd@imtac.com
TAG1900754,2020-01-31,"2008-03-31 00:00:00",398444,CAR1903843,2019-08-29,"2019-08-29 00:00:00",700,Rent,Posted,2019-05-01,2019-05-16,amishd@imtac.com
TAG1804182,2019-12-31,"2008-03-31 00:00:00",398039,CPY1920106,2019-08-18,"2019-08-18 00:00:00",135,Rent,Posted,2019-08-01,2019-08-31,amishd@imtac.com
TAG1900329,2020-01-31,"2008-03-31 00:00:00",395824,CPY1918056,2019-08-06,"2019-08-06 00:00:00",175,Rent,Posted,2019-08-01,2019-08-31,amishd@imtac.com
TAG1900754,2020-01-31,"2008-03-31 00:00:00",395009,CAR1903321,2019-07-22,"2019-07-22 00:00:00",1300,Rent,Posted,2019-04-01,2019-04-30,amishd@imtac.com
TAG1804182,2019-12-31,"2008-03-31 00:00:00",394203,CPY1916763,2019-07-14,"2019-07-14 00:00:00",135,Rent,Posted,2019-07-01,2019-07-31,amishd@imtac.com
TAG1900329,2020-01-31,"2008-03-31 00:00:00",393203,CPY1915895,2019-07-04,"2019-07-04 00:00:00",175,Rent,Posted,2019-07-01,2019-07-31,amishd@imtac.com
TAG1900754,2020-01-31,"2008-03-31 00:00:00",392518,CAR1902935,2019-07-01,"2019-07-01 00:00:00",1000,Rent,Posted,2019-03-08,2019-03-31,amishd@imtac.com
TAG1702839,2019-06-30,"2008-03-31 00:00:00",392478,CAR1902897,2019-06-30,"2019-06-30 00:00:00",500,Rent,Posted,2017-01-01,2017-02-28,amishd@imtac.com
TAG1900270,2019-12-31,"2008-03-31 00:00:00",392173,CAR1902849,2019-06-26,"2019-06-26 00:00:00",560,Rent,Posted,2019-01-01,2019-02-28,amishd@imtac.com
TAG1804182,2019-12-31,"2008-03-31 00:00:00",391666,CPY1914695,2019-06-15,"2019-06-15 00:00:00",135,Rent,Posted,2019-06-01,2019-06-30,amishd@imtac.com
TAG1900329,2020-01-31,"2008-03-31 00:00:00",390271,CPY1913403,2019-06-11,"2019-06-11 00:00:00",175,Rent,Posted,2019-06-01,2019-06-30,amishd@imtac.com
TAG1900754,2020-01-31,"2008-03-31 00:00:00",388704,CAR1902330,2019-05-21,"2019-05-21 00:00:00",1300,Rent,Posted,2019-02-08,2019-03-07,amishd@imtac.com
TAG1900875,2020-02-29,"2008-03-31 00:00:00",388261,CPY1911732,2019-05-19,"2019-05-19 00:00:00",725,Rent,Posted,2019-04-01,2019-04-30,amishd@imtac.com
TAG1804182,2019-12-31,"2008-03-31 00:00:00",388510,CPY1911980,2019-05-17,"2019-05-17 00:00:00",135,Rent,Posted,2019-05-01,2019-05-31,amishd@imtac.com
TAG1900329,2020-01-31,"2008-03-31 00:00:00",387361,CPY1910895,2019-05-12,"2019-05-12 00:00:00",175,Rent,Posted,2019-05-01,2019-05-31,amishd@imtac.com
TAG1804182,2019-12-31,"2008-03-31 00:00:00",385736,CPY1909735,2019-04-18,"2019-04-18 00:00:00",135,Rent,Posted,2019-04-01,2019-04-30,amishd@imtac.com
TAG1900754,2020-01-31,"2008-03-31 00:00:00",385122,CAR1901747,2019-04-16,"2019-04-16 00:00:00",300,Rent,Posted,2019-02-01,2019-02-07,amishd@imtac.com
TAG1801481,2019-03-31,"2008-03-31 00:00:00",385993,CPY1909952,2019-04-14,"2019-04-14 00:00:00",300,Rent,Posted,2019-02-01,2019-02-28,amishd@imtac.com
TAG1900875,2020-02-29,"2008-03-31 00:00:00",383467,CAR1901620,2019-04-09,"2019-04-09 00:00:00",725,Rent,Posted,2019-03-01,2019-03-31,amishd@imtac.com
TAG1900329,2020-01-31,"2008-03-31 00:00:00",384213,CPY1908319,2019-04-07,"2019-04-07 00:00:00",175,Rent,Posted,2019-04-01,2019-04-30,amishd@imtac.com
TAG1801610,2019-04-30,"2008-03-31 00:00:00",384007,CPY1908138,2019-04-05,"2019-04-05 00:00:00",250,Rent,Posted,2019-04-01,2019-04-30,amishd@imtac.com
TAG1801610,2019-04-30,"2008-03-31 00:00:00",383427,CPY1907618,2019-04-01,"2019-04-01 00:00:00",250,Rent,Posted,2019-03-01,2019-03-31,amishd@imtac.com
TAG1804182,2019-12-31,"2008-03-31 00:00:00",382207,CPY1906715,2019-03-15,"2019-03-15 00:00:00",135,Rent,Posted,2019-03-01,2019-03-31,amishd@imtac.com
TAG1804335,2018-12-31,"2008-03-31 00:00:00",380813,CAR1901161,2019-03-11,"2019-03-11 00:00:00",900,Rent,Posted,2018-05-24,2018-09-07,amishd@imtac.com
TAG1900329,2020-01-31,"2008-03-31 00:00:00",380333,CPY1905017,2019-03-04,"2019-03-04 00:00:00",175,Rent,Posted,2019-03-01,2019-03-31,amishd@imtac.com
TAG1801610,2019-04-30,"2008-03-31 00:00:00",380709,CPY1905383,2019-03-04,"2019-03-04 00:00:00",250,Rent,Posted,2019-02-01,2019-02-28,amishd@imtac.com
TAG1702254,2017-01-04,"2017-01-04 00:00:00",379974,CAR1900949,2019-02-28,"2019-02-28 00:00:00",150,Rent,Posted,2016-09-21,2016-09-30,amishd@imtac.com
TAG1804182,2019-12-31,"2008-03-31 00:00:00",379278,CPY1904235,2019-02-12,"2019-02-12 00:00:00",135,Rent,Posted,2019-02-01,2019-02-28,amishd@imtac.com
TAG1804335,2018-12-31,"2008-03-31 00:00:00",377448,CAR1900664,2019-02-07,"2019-02-07 00:00:00",460,Rent,Posted,2018-04-01,2018-05-23,amishd@imtac.com
TAG1900329,2020-01-31,"2008-03-31 00:00:00",378272,CPY1903330,2019-02-05,"2019-02-05 00:00:00",175,Rent,Posted,2019-02-01,2019-02-28,amishd@imtac.com
TAG1801481,2019-03-31,"2008-03-31 00:00:00",377204,CPY1902506,2019-01-30,"2019-01-30 00:00:00",300,Rent,Posted,2019-01-01,2019-01-31,amishd@imtac.com
TAG1700719,2017-06-30,"2008-03-31 00:00:00",376994,CAR1900418,2019-01-27,"2019-01-27 00:00:00",730,Rent,Posted,2017-01-01,2017-01-12,amishd@imtac.com
TAG1900329,2020-01-31,"2008-03-31 00:00:00",377024,CAR1900432,2019-01-27,"2019-01-27 00:00:00",175,Deposit,Posted,2019-01-27,2019-01-27,amishd@imtac.com
TAG1804182,2019-12-31,"2008-03-31 00:00:00",376054,CPY1901616,2019-01-13,"2019-01-13 00:00:00",135,Rent,Posted,2019-01-01,2019-01-31,amishd@imtac.com
TAG1801610,2019-04-30,"2008-03-31 00:00:00",375151,CPY1900759,2019-01-07,"2019-01-07 00:00:00",250,Rent,Posted,2019-01-01,2019-01-31,amishd@imtac.com
TAG1801481,2019-03-31,"2008-03-31 00:00:00",374171,CPY1830741,2018-12-27,"2018-12-27 00:00:00",300,Rent,Posted,2018-12-01,2018-12-31,amishd@imtac.com
TAG1802720,2018-12-31,"2008-03-31 00:00:00",373751,CAR1805735,2018-12-23,"2018-12-23 00:00:00",445,Rent,Posted,2018-10-10,2018-10-31,amishd@imtac.com
TAG1602420,2018-02-15,"2008-03-31 00:00:00",373756,CAR1805739,2018-12-23,"2018-12-23 00:00:00",425,Rent,Posted,2017-12-10,2018-01-15,amishd@imtac.com
TAG1804182,2019-12-31,"2008-03-31 00:00:00",372757,CAR1805673,2018-12-17,"2018-12-17 00:00:00",135,Deposit,Posted,2018-12-17,2018-12-17,amishd@imtac.com
TAG1801481,2019-03-31,"2008-03-31 00:00:00",371876,CPY1828764,2018-12-04,"2018-12-04 00:00:00",300,Rent,Posted,2018-11-01,2018-11-30,amishd@imtac.com
TAG1801610,2019-04-30,"2008-03-31 00:00:00",371641,CPY1828569,2018-12-04,"2018-12-04 00:00:00",250,Rent,Posted,2018-12-01,2018-12-31,amishd@imtac.com
TAG1802720,2018-12-31,"2008-03-31 00:00:00",372370,CPY1829225,2018-12-04,"2018-12-04 00:00:00",2155,Rent,Posted,2018-07-01,2018-10-09,amishd@imtac.com
TAG1702254,2017-01-04,"2017-01-04 00:00:00",368281,CAR1805039,2018-11-06,"2018-11-06 00:00:00",3000,Rent,Posted,2016-03-01,2016-09-20,amishd@imtac.com
TAG1801610,2019-04-30,"2008-03-31 00:00:00",368669,CPY1826044,2018-11-04,"2018-11-04 00:00:00",250,Rent,Posted,2018-11-01,2018-11-30,amishd@imtac.com
TAG1801481,2019-03-31,"2008-03-31 00:00:00",368346,CPY1825744,2018-11-01,"2018-11-01 00:00:00",300,Rent,Posted,2018-10-01,2018-10-31,amishd@imtac.com
TAG1801610,2019-04-30,"2008-03-31 00:00:00",365931,CPY1823729,2018-10-05,"2018-10-05 00:00:00",250,Rent,Posted,2018-10-01,2018-10-31,amishd@imtac.com
TAG1801481,2019-03-31,"2008-03-31 00:00:00",365321,CPY1823154,2018-10-03,"2018-10-03 00:00:00",300,Rent,Posted,2018-09-01,2018-09-30,amishd@imtac.com
TAG1801610,2019-04-30,"2008-03-31 00:00:00",362823,CPY1821156,2018-09-07,"2018-09-07 00:00:00",250,Rent,Posted,2018-09-01,2018-09-30,amishd@imtac.com
TAG1801481,2019-03-31,"2008-03-31 00:00:00",362097,CPY1820612,2018-08-31,"2018-08-31 00:00:00",300,Rent,Posted,2018-08-01,2018-08-31,amishd@imtac.com
TAG1801610,2019-04-30,"2008-03-31 00:00:00",359693,CPY1818581,2018-08-06,"2018-08-06 00:00:00",250,Rent,Posted,2018-08-01,2018-08-31,amishd@imtac.com
TAG1801481,2019-03-31,"2008-03-31 00:00:00",359152,CPY1818102,2018-07-31,"2018-07-31 00:00:00",300,Rent,Posted,2018-07-01,2018-07-31,amishd@imtac.com
TAG1602420,2018-02-15,"2008-03-31 00:00:00",358109,CAR1803244,2018-07-16,"2018-07-16 00:00:00",500,Rent,Posted,2017-10-27,2017-12-09,amishd@imtac.com
TAG1801610,2019-04-30,"2008-03-31 00:00:00",356613,CPY1815992,2018-07-06,"2018-07-06 00:00:00",250,Rent,Posted,2018-07-01,2018-07-31,amishd@imtac.com
TAG1801610,2019-04-30,"2008-03-31 00:00:00",355689,CPY1815266,2018-06-26,"2018-06-26 00:00:00",250,Rent,Posted,2018-06-01,2018-06-30,amishd@imtac.com
TAG1602420,2018-02-15,"2008-03-31 00:00:00",353394,CAR1802799,2018-06-20,"2018-06-20 00:00:00",1050,Rent,Posted,2018-07-27,2017-10-26,amishd@imtac.com
TAG1704248,2018-10-31,"2008-03-31 00:00:00",350044,CAR1802171,2018-05-07,"2018-05-07 00:00:00",800,Rent,Posted,2018-02-01,2018-03-31,amishd@imtac.com
TAG1801610,2019-04-30,"2008-03-31 00:00:00",350125,CPY1810402,2018-05-04,"2018-05-04 00:00:00",250,Rent,Posted,2018-05-01,2018-05-31,amishd@imtac.com
TAG1704248,2018-10-31,"2008-03-31 00:00:00",339307,CPY1801424,2018-01-17,"2018-01-17 00:00:00",400,Rent,Posted,2018-01-01,2018-01-31,amishd@imtac.com
TAG1602420,2018-02-15,"2008-03-31 00:00:00",338107,CAR1800180,2018-01-09,"2018-01-09 00:00:00",300,Rent,Posted,2017-07-01,2017-07-26,amishd@imtac.com
TAG1602420,2018-02-15,"2008-03-31 00:00:00",338106,CAR1800179,2018-01-09,"2018-01-09 00:00:00",50,Rent,Posted,2017-06-26,2017-06-30,amishd@imtac.com
TAG1704248,2018-10-31,"2008-03-31 00:00:00",337716,CPY1800026,2018-01-03,"2018-01-03 00:00:00",800,Rent,Posted,2017-11-01,2017-12-31,amishd@imtac.com
TAG1602420,2018-02-15,"2008-03-31 00:00:00",332806,CAR1704919,2017-11-16,"2017-11-16 00:00:00",300,Rent,Posted,2017-06-01,2017-06-25,amishd@imtac.com
TAG1702254,2017-01-04,"2017-01-04 00:00:00",331547,CAR1704630,2017-11-01,"2017-11-01 00:00:00",900,Rent,Posted,2016-01-01,2016-02-28,amishd@imtac.com
TAG1702839,2019-06-30,"2008-03-31 00:00:00",323763,CPY1719795,2017-08-10,"2017-08-10 00:00:00",1750,Rent,Posted,2016-06-01,2016-12-31,amishd@imtac.com
TAG1602420,2018-02-15,"2008-03-31 00:00:00",317574,CAR1702600,2017-06-15,"2017-06-15 00:00:00",100,Rent,Posted,2017-04-22,2017-04-30,amishd@imtac.com
TAG1602420,2018-02-15,"2008-03-31 00:00:00",317575,CAR1702601,2017-06-15,"2017-06-15 00:00:00",350,Rent,Posted,2017-05-01,2017-05-31,amishd@imtac.com
TAG1602420,2018-02-15,"2008-03-31 00:00:00",316299,CAR1702401,2017-06-04,"2017-06-04 00:00:00",400,Rent,Posted,2017-03-18,2017-04-21,amishd@imtac.com
TAG1602420,2018-02-15,"2008-03-31 00:00:00",315888,CAR1702295,2017-05-28,"2017-05-28 00:00:00",350,Rent,Posted,2017-02-18,2017-03-17,amishd@imtac.com
TAG1602420,2018-02-15,"2008-03-31 00:00:00",313942,CAR1702129,2017-05-14,"2017-05-14 00:00:00",150,Rent,Posted,2017-01-18,2017-01-31,amishd@imtac.com
TAG1602420,2018-02-15,"2008-03-31 00:00:00",313943,CAR1702130,2017-05-14,"2017-05-14 00:00:00",200,Rent,Posted,2017-02-01,2017-02-17,amishd@imtac.com
TAG1602420,2018-02-15,"2008-03-31 00:00:00",313685,CAR1702024,2017-05-08,"2017-05-08 00:00:00",800,Rent,Posted,2016-10-22,2016-12-31,amishd@imtac.com
TAG1602420,2018-02-15,"2008-03-31 00:00:00",313686,CAR1702025,2017-05-08,"2017-05-08 00:00:00",200,Rent,Posted,2017-01-01,2017-01-17,amishd@imtac.com
TAG1602420,2018-02-15,"2008-03-31 00:00:00",310756,CAR1701538,2017-04-06,"2017-04-06 00:00:00",250,Rent,Posted,2016-10-01,2016-10-21,amishd@imtac.com
TAG1602420,2018-02-15,"2008-03-31 00:00:00",310755,CAR1701537,2017-04-06,"2017-04-06 00:00:00",1750,Rent,Posted,2016-05-01,2016-09-30,amishd@imtac.com
TAG1602420,2018-02-15,"2008-03-31 00:00:00",281970,CAR1603077,2016-07-12,"2016-07-12 00:00:00",700,Rent,Posted,2016-03-01,2016-04-30,amishd@imtac.com
